region_id	chrom	start	end	window_size	reference_length	graph_bp	node_count	edge_count	path_count	step_count	mean_degree	max_degree	node_density	edge_node_ratio	sequence_inflation	log10_node_density	log10_edge_node_ratio	log10_sequence_inflation	log10_max_degree	z_log10_node_density	z_log10_edge_node_ratio	z_log10_sequence_inflation	z_log10_max_degree	complexity_score
cand_chr21_050	chr21	13834199	13934199	100000	100000	71710	8530	10043	91950	7725535	2.35475	7.0	0.0853	1.1773739742086753	0.7171	-1.069050968832477	0.07091443152500096	-0.14442027749828215	0.9030899869919435	5.708678440431537	3.8172706840852784	-17.0411882476285	-1.1486629303507925	-2.1659755133656193
cand_chr21_165	chr21	25334199	25434199	100000	100000	100199	2029	2118	25463	920827	2.08773	6.0	0.02029	1.0438639724001972	1.00199	-1.692717952966654	0.01864390873812025	0.0008633872333321164	0.8450980400142568	-2.3375851751933645	-0.8296700419476649	0.19745630609069093	-1.4485662095888368	-1.104591280159794
cand_chr21_238	chr21	32634199	32734199	100000	100000	99807	1927	2064	20879	896750	2.14219	6.0	0.01927	1.0710949662688116	0.99807	-1.715118285344547	0.029827978299720784	-0.000838998244062462	0.8450980400142568	-2.626583926089833	0.1646132664571102	-0.004540375314831989	-1.4485662095888368	-0.9787693111340978
cand_chr21_162	chr21	25034199	25134199	100000	100000	100128	2243	2346	35033	1011578	2.09184	7.0	0.02243	1.045920641997325	1.00128	-1.6491707264170323	0.019498734196542713	0.0005555414660992597	0.9030899869919435	-1.775758954691989	-0.7536745663984873	0.16092884260401719	-1.1486629303507925	-0.8792919022093129
cand_chr21_204	chr21	29234199	29334199	100000	100000	100097	1838	1955	18428	835615	2.12731	9.0	0.01838	1.0636561479869424	1.00097	-1.7356544929499076	0.026801254681793188	0.0004210614656340105	1.0	-2.891532599438849	-0.10446774702232023	0.14497210767523505	-0.6474962648601457	-0.8746311259115199
cand_chr21_133	chr21	22134199	22234199	100000	100000	100085	2667	2781	38609	1208285	2.08549	5.0	0.02667	1.042744656917885	1.00085	-1.573976984310124	0.018177973174283314	0.000368993509583246	0.7781512503836436	-0.8056439948990681	-0.8710925269709908	0.13879398029487247	-1.7947791372631832	-0.8331804197095924
cand_chr21_249	chr21	33734199	33834199	100000	100000	100196	2270	2384	35560	1045943	2.10044	7.0	0.0227	1.0502202643171803	1.00196	-1.6439741428068773	0.021280393875075968	0.0008503840801016867	0.9030899869919435	-1.7087150311051222	-0.595281910678102	0.19591341593142209	-1.1486629303507925	-0.8141866140506486
cand_chr21_254	chr21	34234199	34334199	100000	100000	100057	2487	2563	40548	1120716	2.06112	9.0	0.02487	1.0305589063128269	1.00057	-1.604324214730064	0.013072820914308095	0.00024747733034422763	1.0	-1.1971699569506615	-1.3249494751060542	0.12437546858333773	-0.6474962648601457	-0.761310057083381
cand_chr21_063	chr21	15134199	15234199	100000	100000	100035	2748	2853	42485	1210543	2.07642	6.0	0.02748	1.0382096069868996	1.00035	-1.5609832716124872	0.01628504326956355	0.00015197647433431617	0.8450980400142568	-0.6380051100925824	-1.039377300047255	0.11304380707567933	-1.4485662095888368	-0.7532262031632486
cand_chr21_257	chr21	34534199	34634199	100000	100000	100095	2961	3066	69842	1308882	2.07092	5.0	0.02961	1.0354609929078014	1.00095	-1.5285615926107008	0.01513374312905717	0.0004123839064525102	0.7781512503836436	-0.21971556976729437	-1.1417298923987773	0.14394247121472806	-1.7947791372631832	-0.7530705320536317
cand_chr21_218	chr21	30634199	30734199	100000	100000	100176	2659	2776	75952	1161668	2.088	6.0	0.02659	1.0440015043249342	1.00176	-1.575281662668433	0.018701124451250276	0.0007636864410412427	0.8450980400142568	-0.8224763529869813	-0.8245834651671535	0.18562630081651532	-1.4485662095888368	-0.727499931731614
cand_chr21_324	chr21	41234199	41334199	100000	100000	100088	2586	2693	48976	1162188	2.08275	7.0	0.02586	1.0413766434648106	1.00088	-1.5873714794556248	0.017607832867135246	0.00038201108383957626	0.9030899869919435	-0.9784535898923499	-0.9217789955881415	0.14033858158209273	-1.1486629303507925	-0.7271392335622977
cand_chr21_293	chr21	38134199	38234199	100000	100000	100112	2713	2836	56997	1201486	2.09067	6.0	0.02713	1.0453372650202728	1.00112	-1.5665502062384038	0.019256432749432843	0.00048613763344606615	0.8450980400142568	-0.7098271315729411	-0.7752155880397358	0.15269372543523982	-1.4485662095888368	-0.6952288009415685
cand_chr21_211	chr21	29934199	30034199	100000	100000	100066	2555	2676	42744	1147373	2.09472	7.0	0.02555	1.047358121330724	1.00066	-1.5926090955292684	0.020095204625053903	0.00028653981031675135	0.9030899869919435	-1.046026895387232	-0.7006473040268423	0.12901043018674352	-1.1486629303507925	-0.6915816748945307
cand_chr21_283	chr21	37134199	37234199	100000	100000	100047	2379	2519	71666	1037720	2.1177	7.0	0.02379	1.058848255569567	1.00047	-1.6236055579627338	0.024833725460846806	0.0002040704536936119	0.9030899869919435	-1.4459289492657463	-0.27938452954148024	0.11922502225374243	-1.1486629303507925	-0.6886878467260691
cand_chr21_180	chr21	26834199	26934199	100000	100000	100337	2644	2769	51283	1175476	2.09455	6.0	0.02644	1.0472768532526475	1.00337	-1.5777385491863973	0.020061504931971872	0.0014611118110956268	0.8450980400142568	-0.8541739690226621	-0.7036432655724384	0.26837936241723515	-1.4485662095888368	-0.6845010204416755
cand_chr21_164	chr21	25234199	25334199	100000	100000	100313	2381	2502	52180	1057231	2.10164	8.0	0.02381	1.0508189836203277	1.00313	-1.6232406045951202	0.021527909952521317	0.0013572187872692035	0.9542425094393249	-1.44122048933772	-0.5732772992966869	0.2560519275837093	-0.8841294904031747	-0.6606438378634681
cand_chr21_196	chr21	28434199	28534199	100000	100000	100042	2676	2794	74394	1172637	2.08819	7.0	0.02676	1.0440956651718984	1.00042	-1.5725138909042145	0.018740292682377636	0.00018236538834805882	0.9030899869919435	-0.7867678389733648	-0.8211013410427306	0.11664960603473086	-1.1486629303507925	-0.6599706260830392
cand_chr21_366	chr21	45634199	45734199	100000	100000	99928	2307	2466	45662	1542236	2.13784	7.0	0.02307	1.068920676202861	0.99928	-1.6369524054789064	0.02894547773861938	-0.0003128046501624511	0.9030899869919435	-1.6181238165341554	0.08615742596648633	0.05789516655040909	-1.1486629303507925	-0.6556835385920131
cand_chr21_241	chr21	32934199	33034199	100000	100000	100194	2637	2760	57995	1170013	2.09329	7.0	0.02637	1.0466439135381116	1.00194	-1.5788898702065657	0.019798952271783417	0.0008417150949843516	0.9030899869919435	-0.8690277815061712	-0.7269846554095464	0.1948847968271664	-1.1486629303507925	-0.6374476426098359
cand_chr21_089	chr21	17734199	17834199	100000	100000	100166	3025	3143	130214	1589980	2.07802	6.0	0.03025	1.03900826446281	1.00166	-1.5192746210115122	0.01661900202909236	0.0007203311303960578	0.8450980400142568	-0.09989934800331499	-1.0096877833229385	0.1804819730553105	-1.4485662095888368	-0.594417841964945
cand_chr21_194	chr21	28234199	28334199	100000	100000	100072	2289	2416	36505	1031173	2.11097	10.0	0.02289	1.055482743556138	1.00072	-1.6403542073254571	0.023451137274551302	0.0003125795118446765	1.0413926851582251	-1.6620122940739215	-0.4022990329303989	0.13210017299956478	-0.43343547431286433	-0.591411657079405
cand_chr21_350	chr21	44034199	44134199	100000	100000	100149	2632	2754	53486	1170508	2.09271	8.0	0.02632	1.046352583586626	1.00149	-1.5797141150580822	0.01967805097898697	0.0006466171677863651	0.9542425094393249	-0.8796618082028561	-0.737732991400302	0.17173543708086295	-0.8841294904031747	-0.5824472132313674
cand_chr21_198	chr21	28634199	28734199	100000	100000	100057	2671	2798	81291	1162809	2.0951	8.0	0.02671	1.0475477349307376	1.00057	-1.573326111978627	0.020173822134436005	0.00024747733034422763	0.9542425094393249	-0.7972467404466609	-0.6936580701977393	0.12437546858333773	-0.8841294904031747	-0.5626647081160592
cand_chr21_132	chr21	22034199	22134199	100000	100000	100078	2598	2733	35193	1176292	2.10393	8.0	0.02598	1.0519630484988454	1.00078	-1.585360853262991	0.022000484955651652	0.0003386176521614175	0.9542425094393249	-0.9525134186311255	-0.5312645565295019	0.1351897305667514	-0.8841294904031747	-0.5581794337492627
cand_chr21_240	chr21	32834199	32934199	100000	100000	100266	2126	2260	42910	942214	2.12606	11.0	0.02126	1.0630291627469426	1.00266	-1.672436739812722	0.026545178960122956	0.00115368959405323	1.0791812460476249	-2.0759263225802718	-0.12723332571816495	0.23190215531139738	-0.23801328349078352	-0.5523176941194556
cand_chr21_062	chr21	15034199	15134199	100000	100000	100135	2541	2665	50023	1128368	2.0976	9.0	0.02541	1.0487996851633214	1.00135	-1.5949953349496306	0.020692548312221688	0.0005859021555382623	1.0	-1.0768130551723065	-0.6475424074361512	0.16453129257395477	-0.6474962648601457	-0.5518301087236621
cand_chr21_298	chr21	38634199	38734199	100000	100000	100048	2773	2894	55028	1236860	2.08727	8.0	0.02773	1.0436350522899387	1.00048	-1.5570501304221382	0.01854865720515701	0.0002084113365933317	0.9542425094393249	-0.5872615375448786	-0.838138069511664	0.11974009005228552	-0.8841294904031747	-0.5474472518518579
cand_chr21_242	chr21	33034199	33134199	100000	100000	100142	2546	2687	51667	1134743	2.11076	8.0	0.02546	1.0553809897879023	1.00142	-1.5941416006823634	0.02340926711553174	0.0006162607226684003	0.9542425094393249	-1.0657985696425636	-0.40602136316127824	0.16813349072116868	-0.8841294904031747	-0.5469539831214619
cand_chr21_325	chr21	41334199	41434199	100000	100000	100189	2851	2980	52049	1283359	2.09049	7.0	0.02851	1.0452472816555594	1.00189	-1.54500278269054	0.019219046766795204	0.0008200418751007137	0.9030899869919435	-0.4318322167958975	-0.778539267162096	0.19231315923391853	-1.1486629303507925	-0.541680313768717
cand_chr21_295	chr21	38334199	38434199	100000	100000	100048	2648	2786	54692	1170315	2.10423	8.0	0.02648	1.0521148036253776	1.00048	-1.5770820192323376	0.02206313132028232	0.0002084113365933317	0.9542425094393249	-0.845703722534863	-0.5256951853501259	0.11974009005228552	-0.8841294904031747	-0.5339470770589696
cand_chr21_292	chr21	38034199	38134199	100000	100000	100080	2501	2645	44013	1121656	2.11515	9.0	0.02501	1.0575769692123151	1.0008	-1.6018863082694974	0.024311984640702063	0.00034729668536350247	1.0	-1.165717212856493	-0.3257681992715438	0.1362195419272857	-0.6474962648601457	-0.5006905337652242
cand_chr21_154	chr21	24234199	24334199	100000	100000	100079	2727	2870	62817	1209513	2.10488	8.0	0.02727	1.0524385771910525	1.00079	-1.5643148620583702	0.02219675879236246	0.0003429571904429636	0.9542425094393249	-0.6809877525425234	-0.5138154698045626	0.1357046388195204	-0.8841294904031747	-0.48580701848268504
cand_chr21_128	chr21	21634199	21734199	100000	100000	100108	3292	3423	72240	1464640	2.07959	6.0	0.03292	1.0397934386391252	1.00108	-1.4825401734597679	0.01694707259764487	0.00046878494212805735	0.8450980400142568	0.374031541870585	-0.9805217370556132	0.15063474049543832	-1.4485662095888368	-0.47610541606960666
cand_chr21_055	chr21	14334199	14434199	100000	100000	100205	2750	2890	50361	1227452	2.10182	8.0	0.0275	1.050909090909091	1.00205	-1.5606673061697374	0.02156514892628525	0.0008893923718743163	0.9542425094393249	-0.6339286697638995	-0.5699666895198372	0.20054194782974916	-0.8841294904031747	-0.47187072546429054
cand_chr21_095	chr21	18334199	18434199	100000	100000	100024	2512	2665	60610	1110857	2.12182	9.0	0.02512	1.060907643312102	1.00024	-1.5999803649348414	0.02567757829743262	0.00010421816997657825	1.0	-1.1411276115192095	-0.20436453922882838	0.10737704175259735	-0.6474962648601457	-0.47140284346389655
cand_chr21_256	chr21	34434199	34534199	100000	100000	100027	2920	3031	54224	1307081	2.07603	9.0	0.0292	1.038013698630137	1.00027	-1.5346171485515816	0.016203084919203956	0.00011724368292883856	1.0	-0.2978415579613523	-1.0466635404714675	0.10892258500640142	-0.6474962648601457	-0.470769694571641
cand_chr21_323	chr21	41134199	41234199	100000	100000	100042	2821	2943	46188	1264411	2.08649	9.0	0.02821	1.04324707550514	1.00042	-1.5495969138446337	0.01838717594424464	0.00018236538834805882	1.0	-0.4911035768181251	-0.8524940355096391	0.11664960603473086	-0.6474962648601457	-0.46861106778829476
cand_chr21_140	chr21	22834199	22934199	100000	100000	100007	2981	3108	44952	1345491	2.08521	8.0	0.02981	1.0426031533042603	1.00007	-1.5256380239673693	0.018119034096245896	3.0399549761404987e-05	0.9542425094393249	-0.18199703631746292	-0.876332313900301	0.09861808762182056	-0.8841294904031747	-0.4609601882497795
cand_chr21_268	chr21	35634199	35734199	100000	100000	100207	2720	2872	62567	1202346	2.11176	8.0	0.0272	1.0558823529411765	1.00207	-1.5654310959658013	0.023615531536064032	0.0008980604053636422	0.9542425094393249	-0.695388887289713	-0.38768409609373594	0.20157045401850934	-0.8841294904031747	-0.4414080049420286
cand_chr21_065	chr21	15334199	15434199	100000	100000	99979	2618	2743	29190	1190852	2.09549	11.0	0.02618	1.047746371275783	0.99979	-1.582030357785263	0.02025616538979245	-9.121141873390599e-05	1.0791812460476249	-0.9095449029550082	-0.6863376110473662	0.08418832868369802	-0.23801328349078352	-0.437426867202365
cand_chr21_239	chr21	32734199	32834199	100000	100000	100140	2206	2405	46810	970014	2.18042	8.0	0.02206	1.0902085222121487	1.0014	-1.6563944918958282	0.03750957260567878	0.0006075870628903731	0.9542425094393249	-1.8689566432317075	0.8475204102551486	0.16710431694468447	-0.8841294904031747	-0.4346153516087623
cand_chr21_270	chr21	35834199	35934199	100000	100000	100113	2204	2325	31758	992838	2.1098	15.0	0.02204	1.0549001814882033	1.00113	-1.6567884098202526	0.0232113670462253	0.0004904756979426046	1.2041199826559248	-1.8740387905049647	-0.42361502480293406	0.15320845881593395	0.4081029234216071	-0.43408560826758946
cand_chr21_066	chr21	15434199	15534199	100000	100000	100148	2969	3102	38013	1338894	2.08959	8.0	0.02969	1.0447962276860896	1.00148	-1.5273898024039554	0.0190315958815415	0.000642280662677355	0.9542425094393249	-0.20459767328481412	-0.7952039780999974	0.17122088872941746	-0.8841294904031747	-0.4281775632646422
cand_chr21_090	chr21	17834199	17934199	100000	100000	99880	3435	3615	132767	1817755	2.1048	5.0	0.03435	1.0524017467248907	0.9988	-1.4640732586044307	0.022181560234980347	-0.0005214663206898395	0.7781512503836436	0.6122831551087395	-0.5151666480884274	0.033136399782983356	-1.7947791372631832	-0.4161315576149719
cand_chr21_321	chr21	40934199	41034199	100000	100000	100105	2961	3124	62527	1311578	2.1101	7.0	0.02961	1.055048969942587	1.00105	-1.5285615926107008	0.02327261781596352	0.0004557699686167853	0.9030899869919435	-0.21971556976729437	-0.41816972444583034	0.14909044779982555	-1.1486629303507925	-0.4093644441910229
cand_chr21_279	chr21	36734199	36834199	100000	100000	99966	2711	2866	44894	1223436	2.11435	9.0	0.02711	1.0571744743637037	0.99966	-1.5668704824195145	0.024146668480840232	-0.00014768523175945073	1.0	-0.7139591870586107	-0.34046509448082857	0.07748742400085573	-0.6474962648601457	-0.4061082805996823
cand_chr21_044	chr21	13234199	13334199	100000	100000	100233	2902	3067	59516	1274778	2.11371	7.0	0.02902	1.0568573397656789	1.00233	-1.537302591898283	0.024016367880768434	0.0010107291001632038	0.9030899869919435	-0.3324879087255876	-0.35204904529702624	0.2149391667748201	-1.1486629303507925	-0.40456517939964654
cand_chr21_110	chr21	19834199	19934199	100000	100000	100106	3094	3246	68666	1374636	2.09825	7.0	0.03094	1.0491273432449904	1.00106	-1.5094796906366512	0.020828206126864365	0.0004601083364578101	0.9030899869919435	0.026470323468451448	-0.635482190892346	0.1496052171738833	-1.1486629303507925	-0.40201739515020096
cand_chr21_176	chr21	26434199	26534199	100000	100000	100184	2446	2568	45733	1091122	2.09975	13.0	0.02446	1.0498773507767785	1.00184	-1.6115435472997333	0.021138566696549024	0.000798367573573443	1.146128035678238	-1.2903104541425539	-0.6078905944412691	0.18974139329816123	0.10819964418356232	-0.4000650027755248
cand_chr21_174	chr21	26234199	26334199	100000	100000	100172	2993	3179	64233	1319857	2.12429	6.0	0.02993	1.0621450050116938	1.00172	-1.5238932831598087	0.026183811074581457	0.0007463448361552886	0.8450980400142568	-0.15948719559203095	-0.15935956159397444	0.18356863133817272	-1.4485662095888368	-0.39596108385916734
cand_chr21_220	chr21	30834199	30934199	100000	100000	100016	2864	3027	60425	1276746	2.11383	8.0	0.02864	1.056913407821229	1.00016	-1.5430269863641821	0.024039407320754987	6.948155872801059e-05	0.9542425094393249	-0.4063414043958653	-0.3500007988615539	0.10325536643954009	-0.8841294904031747	-0.38430408180526343
cand_chr21_103	chr21	19134199	19234199	100000	100000	100281	2773	2937	81244	1206842	2.11828	8.0	0.02773	1.0591417237648757	1.00281	-1.5570501304221382	0.024954076944938654	0.001218656083112565	0.9542425094393249	-0.5872615375448786	-0.2686850725043817	0.23961075913045607	-0.8841294904031747	-0.3751163353304947
cand_chr21_285	chr21	37334199	37434199	100000	100000	100129	2755	2927	40346	1244551	2.12486	8.0	0.02755	1.0624319419237749	1.00129	-1.559878396812196	0.026301119245988068	0.0005598788373962401	0.9542425094393249	-0.6237505253036426	-0.14893066036739908	0.16144349373306377	-0.8841294904031747	-0.3738417955852882
cand_chr21_302	chr21	39034199	39134199	100000	100000	100078	2788	2942	67421	1227646	2.11047	9.0	0.02788	1.0552367288378766	1.00078	-1.5547072305740282	0.02334989896553947	0.0003386176521614175	1.0	-0.5570345249203887	-0.4112992953364194	0.1351897305667514	-0.6474962648601457	-0.37016008863755057
cand_chr21_253	chr21	34134199	34234199	100000	100000	100064	2623	2766	47750	1171869	2.10904	11.0	0.02623	1.054517727792604	1.00064	-1.5812017094096464	0.023053885182938307	0.00027785956283920063	1.0791812460476249	-0.8988540640225502	-0.43761543737014036	0.12798047474625926	-0.23801328349078352	-0.36162557753430374
cand_chr21_216	chr21	30434199	30534199	100000	100000	100191	2793	2929	65416	1237378	2.09739	10.0	0.02793	1.0486931614751165	1.00191	-1.553929064298995	0.02064843598059365	0.0008287112928454092	1.0413926851582251	-0.5469949827528667	-0.6514640707261545	0.1933418296716074	-0.43343547431286433	-0.3596381745300696
cand_chr21_296	chr21	38434199	38534199	100000	100000	100076	2466	2624	49508	1094691	2.12814	11.0	0.02466	1.0640713706407137	1.00076	-1.608006927740287	0.02697075844390981	0.0003299384455122228	1.0791812460476249	-1.2446826206875174	-0.08939856666215701	0.13415989862583683	-0.23801328349078352	-0.3594836430536553
cand_chr21_259	chr21	34734199	34834199	100000	100000	100167	2566	2699	39794	1153040	2.10366	12.0	0.02566	1.0518316445830085	1.00167	-1.5907433479610904	0.0219462325176069	0.0007246668562316387	1.1139433523068367	-1.0219558812792577	-0.5360876929818507	0.18099642894200654	-0.05824229452277647	-0.35882235996046963
cand_chr21_053	chr21	14134199	14234199	100000	100000	100146	3577	3718	140720	1752386	2.07884	6.0	0.03577	1.0394185071288788	1.00146	-1.4464810598510305	0.016790445286910167	0.0006336075225550206	0.8450980400142568	0.8392495848690688	-0.9944461784091019	0.17019177661271995	-1.4485662095888368	-0.35839275662903747
cand_chr21_286	chr21	37434199	37534199	100000	100000	100099	2577	2755	40063	1157903	2.13815	9.0	0.02577	1.0690725649980597	1.00099	-1.5888855814490952	0.029007184636899087	0.0004297388514343371	1.0	-0.9979878350750075	0.09164327694720595	0.1460017235631854	-0.6474962648601457	-0.35195977485619045
cand_chr21_310	chr21	39834199	39934199	100000	100000	99998	3369	3515	73035	1497087	2.08667	7.0	0.03369	1.0433363015731671	0.99998	-1.4724989890188798	0.018424318374722557	-8.68597649812824e-06	0.9030899869919435	0.5035782696593923	-0.8491920085994549	0.09398039145943476	-1.1486629303507925	-0.3500740694578551
cand_chr21_099	chr21	18734199	18834199	100000	100000	100154	3302	3452	94149	1439055	2.09085	7.0	0.03302	1.045427013930951	1.00154	-1.4812229310732252	0.019293718116397157	0.0006682990438438566	0.9030899869919435	0.3910259952526428	-0.7719008538263822	0.17430810177309355	-1.1486629303507925	-0.33880742178785955
cand_chr21_166	chr21	25434199	25534199	100000	100000	100049	2203	2358	37209	974931	2.14072	14.0	0.02203	1.0703586019064912	1.00049	-1.6569855028492324	0.029529303608302748	0.00021275217610526551	1.1760912590556813	-1.87658159380916	0.13806056498433772	0.12025515270264753	0.2631533819998633	-0.3387781235305778
cand_chr21_248	chr21	33634199	33734199	100000	100000	100134	2369	2539	42988	1075273	2.14352	11.0	0.02369	1.071760236386661	1.00134	-1.625434939277235	0.03009764015095711	0.000581565044134004	1.0791812460476249	-1.469530782751304	0.18858667578911006	0.16401667228249936	-0.23801328349078352	-0.3387351795426195
cand_chr21_277	chr21	36534199	36634199	100000	100000	100017	2932	3067	75006	1288530	2.09209	10.0	0.02932	1.046043656207367	1.00017	-1.5328360340309097	0.019549810013395143	7.382378707942975e-05	1.0413926851582251	-0.2748624403753235	-0.7491338371156623	0.10377059388275936	-0.43343547431286433	-0.33841528948027266
cand_chr21_105	chr21	19334199	19434199	100000	100000	99596	2681	2831	44503	1677884	2.1119	12.0	0.02681	1.0559492726594557	0.99596	-1.5717031860171204	0.023643055382223544	-0.0017581034720004632	1.1139433523068367	-0.7763084986491535	-0.38523717812092007	-0.11359687771761397	-0.05824229452277647	-0.333346212252616
cand_chr21_250	chr21	33834199	33934199	100000	100000	100038	2941	3112	53939	1309786	2.11629	8.0	0.02941	1.0581434886093166	1.00038	-1.5315049754929306	0.024544563810582003	0.00016500055500293505	0.9542425094393249	-0.25768973738339485	-0.3050915050485182	0.11458918038175639	-0.8841294904031747	-0.33308038811333285
cand_chr21_102	chr21	19034199	19134199	100000	100000	100165	3420	3535	67816	1527511	2.06725	8.0	0.0342	1.033625730994152	1.00165	-1.465973893943865	0.014363312076783114	0.0007159953612748564	0.9542425094393249	0.5877620350762415	-1.2102225579114188	0.17996751203255576	-0.8841294904031747	-0.33165562530144904
cand_chr21_215	chr21	30334199	30434199	100000	100000	100138	3024	3184	56268	1347387	2.10582	8.0	0.03024	1.052910052910053	1.00138	-1.5194182131708311	0.02239127223646255	0.0005989132298798471	0.9542425094393249	-0.10175190777705514	-0.4965228850558884	0.16607512261328464	-0.8841294904031747	-0.3290822901557084
cand_chr21_258	chr21	34634199	34734199	100000	100000	100180	3138	3285	41251	1416059	2.09369	8.0	0.03138	1.0468451242829828	1.0018	-1.5033470607490822	0.019882434644881722	0.0007810273534955295	0.9542425094393249	0.10559068415412194	-0.7195629267033289	0.18768388813432452	-0.8841294904031747	-0.32760446120451425
cand_chr21_214	chr21	30234199	30334199	100000	100000	100153	3116	3247	78574	1372097	2.08408	9.0	0.03116	1.0420410783055198	1.00153	-1.5064025509994732	0.017884839625474595	0.0006639627552277853	1.0	0.06617015901000396	-0.8971526111924497	0.17379357910963456	-0.6474962648601457	-0.3261712844832392
cand_chr21_123	chr21	21134199	21234199	100000	100000	100039	2825	2974	70783	1245504	2.10549	10.0	0.02825	1.0527433628318583	1.00039	-1.5489815478445426	0.02232251203047804	0.0001693418284316657	1.0413926851582251	-0.4831644086678341	-0.5026357874047441	0.11510429451854971	-0.43343547431286433	-0.32603284396672316
cand_chr21_252	chr21	34034199	34134199	100000	100000	100152	2597	2750	54783	1158212	2.11783	11.0	0.02597	1.058914131690412	1.00152	-1.5855280503706972	0.024860744200959954	0.0006596264233148555	1.0791812460476249	-0.9546705185556015	-0.27698251637796545	0.17327905130878346	-0.23801328349078352	-0.32409681677889174
cand_chr21_233	chr21	32134199	32234199	100000	100000	100348	2735	2882	66701	1204494	2.1075	10.0	0.02735	1.053747714808044	1.00348	-1.5630426693305504	0.022736645808521	0.0015087211421937429	1.0413926851582251	-0.6645745090675131	-0.46581857157049317	0.27402845130659437	-0.43343547431286433	-0.3224500259110691
cand_chr21_267	chr21	35534199	35634199	100000	100000	100168	2955	3087	82198	1289103	2.08934	10.0	0.02955	1.0446700507614213	1.00168	-1.5294425147827257	0.01897914426482118	0.0007290025387823668	1.0413926851582251	-0.23108082109738032	-0.7998670183928547	0.18151087969273502	-0.43343547431286433	-0.3207181085275911
cand_chr21_264	chr21	35234199	35334199	100000	100000	100231	2800	2919	53381	1247620	2.085	12.0	0.028	1.0425	1.00231	-1.5528419686577808	0.01807606364579512	0.0010020633151461298	1.1139433523068367	-0.5329697764695024	-0.8801524619602284	0.2139109273787101	-0.05824229452277647	-0.3143634013934493
cand_chr21_300	chr21	38834199	38934199	100000	100000	100107	3024	3172	86794	1321854	2.09788	9.0	0.03024	1.0489417989417988	1.00107	-1.5194182131708311	0.02075139181639723	0.0004644466609612146	1.0	-0.10175190777705514	-0.6423111171900081	0.15011998140571237	-0.6474962648601457	-0.31035982710537413
cand_chr21_069	chr21	15734199	15834199	100000	100000	100062	2371	2528	18378	1079788	2.13243	13.0	0.02371	1.0662167861661749	1.00062	-1.6250684460218119	0.02784551563215936	0.00026917914186609903	1.146128035678238	-1.4648024559013966	-0.011631125535909809	0.12695049871964695	0.10819964418356232	-0.3103208596335243
cand_chr21_234	chr21	32234199	32334199	100000	100000	100136	2649	2832	44443	1189424	2.13817	9.0	0.02649	1.0690826727066818	1.00136	-1.576918041702769	0.02901129072050039	0.000590239223630095	1.0	-0.8435881601217283	0.09200831494747981	0.16504590772617092	-0.6474962648601457	-0.3085075505770558
cand_chr21_173	chr21	26134199	26234199	100000	100000	100087	2693	2860	49932	1199608	2.12403	10.0	0.02693	1.0620126253249165	1.00087	-1.5697636465884897	0.026129679717532578	0.00037767193577503564	1.0413926851582251	-0.7512854560115393	-0.16417193373441533	0.1398237196305529	-0.43343547431286433	-0.3022672861070665
cand_chr21_320	chr21	40834199	40934199	100000	100000	100054	3162	3302	76383	1390806	2.08855	9.0	0.03162	1.0442757748260594	1.00054	-1.5000381344038096	0.018815203330584555	0.00023445572287830862	1.0	0.14828092483715508	-0.8144416536432842	0.12283038873531965	-0.6474962648601457	-0.2977066512327388
cand_chr21_210	chr21	29834199	29934199	100000	100000	100340	2931	3102	67334	1300385	2.11668	8.0	0.02931	1.0583418628454453	1.0034	-1.5329841815615646	0.02462597503915065	0.0014740966917327273	0.9542425094393249	-0.27677377144779897	-0.29785390470664874	0.2699200844405194	-0.8841294904031747	-0.29720927052927576
cand_chr21_163	chr21	25134199	25234199	100000	100000	100685	2808	2978	45677	1261429	2.12108	8.0	0.02808	1.0605413105413106	1.00685	-1.5516028965422324	0.025527589958389708	0.0029647744020615866	0.9542425094393249	-0.5169838398493146	-0.21769876440905714	0.4467965642566248	-0.8841294904031747	-0.2930038826012304
cand_chr21_127	chr21	21534199	21634199	100000	100000	100178	3346	3483	63730	1492695	2.08189	8.0	0.03346	1.0409444112372983	1.00178	-1.4754740633736243	0.01742753783186058	0.0007723569838188404	0.9542425094393249	0.4651952332900829	-0.9378075389707163	0.18665510474507083	-0.8841294904031747	-0.29252167283468433
cand_chr21_224	chr21	31234199	31334199	100000	100000	100151	2555	2697	39679	1150889	2.11115	13.0	0.02555	1.0555772994129158	1.00151	-1.5926090955292684	0.023490041982159638	0.0006552900481042026	1.146128035678238	-1.046026895387232	-0.3988403365068584	0.17276451837043766	0.10819964418356232	-0.2909757673350226
cand_chr21_306	chr21	39434199	39534199	100000	100000	100277	2959	3132	66811	1306241	2.11693	8.0	0.02959	1.0584656978709024	1.00277	-1.528855034839367	0.02467678822527279	0.0012013326362508585	0.9542425094393249	-0.22350142598202222	-0.2933365237542291	0.23755524419389476	-0.8841294904031747	-0.2908530489863828
cand_chr21_104	chr21	19234199	19334199	100000	100000	100070	2926	3134	59365	1296428	2.14217	7.0	0.02926	1.071086807928913	1.0007	-1.533725678210708	0.029824670343279257	0.00030389978481245835	0.9030899869919435	-0.28634021902461554	0.1643191833546558	0.13107027931256202	-1.1486629303507925	-0.2849034216770475
cand_chr21_141	chr21	22934199	23034199	100000	100000	100309	2763	2921	56801	1226537	2.11437	10.0	0.02763	1.0571842200506696	1.00309	-1.5586191150834887	0.024150672057038393	0.0013399008667236507	1.0413926851582251	-0.6075038535809345	-0.3401091695676444	0.25399706837262165	-0.43343547431286433	-0.2817628572722054
cand_chr21_047	chr21	13534199	13634199	100000	100000	100095	2922	3090	78825	1275362	2.11499	9.0	0.02922	1.057494866529774	1.00095	-1.5343197884017221	0.024278267826556663	0.0004123839064525102	1.0	-0.29400515453545545	-0.32876568290956226	0.14394247121472806	-0.6474962648601457	-0.28158115777260884
cand_chr21_235	chr21	32334199	32434199	100000	100000	100176	2597	2738	52030	1163781	2.10859	13.0	0.02597	1.0542934154793993	1.00176	-1.5855280503706972	0.02296149416866846	0.0007636864410412427	1.146128035678238	-0.9546705185556015	-0.4458291598286002	0.18562630081651532	0.10819964418356232	-0.276668433346031
cand_chr21_299	chr21	38734199	38834199	100000	100000	100035	2610	2780	52956	1155349	2.13027	11.0	0.0261	1.0651340996168583	1.00035	-1.583359492661719	0.027404288579795356	0.00015197647433431617	1.0791812460476249	-0.9266927877537079	-0.05085698075487421	0.11304380707567933	-0.23801328349078352	-0.27562981123092156
cand_chr21_158	chr21	24634199	24734199	100000	100000	100097	3063	3203	61477	1362275	2.09141	10.0	0.03063	1.0457068233757754	1.00097	-1.5138530031934272	0.019409941857249074	0.0004210614656340105	1.0413926851582251	-0.02995213691590562	-0.7615683603692434	0.14497210767523505	-0.43343547431286433	-0.26999596598069453
cand_chr21_072	chr21	16034199	16134199	100000	100000	99686	2612	2811	28417	1299703	2.15237	10.0	0.02612	1.076186830015314	0.99686	-1.5830268273969637	0.03188767300440437	-0.0013658301504894561	1.0413926851582251	-0.922400894028247	0.3477237213766626	-0.06705165620267536	-0.43343547431286433	-0.2687910757917811
cand_chr21_336	chr21	42434199	42534199	100000	100000	100237	2907	3058	51937	1291187	2.10389	10.0	0.02907	1.0519435844513243	1.00237	-1.5365549682295723	0.021992449305873515	0.0010280601514710832	1.0413926851582251	-0.3228424131698489	-0.5319789398228624	0.21699558401753435	-0.43343547431286433	-0.2678153108220103
cand_chr21_168	chr21	25634199	25734199	100000	100000	100233	2444	2590	45841	1091313	2.11948	14.0	0.02444	1.059738134206219	1.00233	-1.6118987984294835	0.025198562510735115	0.0010107291001632038	1.1760912590556813	-1.2948937402751157	-0.2469498788990112	0.2149391667748201	0.2631533819998633	-0.2659377675998609
cand_chr21_189	chr21	27734199	27834199	100000	100000	100049	2832	2999	62600	1249604	2.11794	10.0	0.02832	1.0589689265536724	1.00049	-1.5479067509822686	0.024883216741795746	0.00021275217610526551	1.0413926851582251	-0.4692978755546395	-0.27498466826664925	0.12025515270264753	-0.43343547431286433	-0.2643657163578764
cand_chr21_228	chr21	31634199	31734199	100000	100000	100047	2513	2696	27396	1142271	2.14564	11.0	0.02513	1.0728213290887385	1.00047	-1.599807511407424	0.03052739927070621	0.0002040704536936119	1.0791812460476249	-1.138897535077978	0.22679301177868252	0.11922502225374243	-0.23801328349078352	-0.2577231961340841
cand_chr21_097	chr21	18534199	18634199	100000	100000	100180	2862	2982	69720	1262653	2.08386	13.0	0.02862	1.0419287211740045	1.0018	-1.5433303705762424	0.017838009693218315	0.0007810273534955295	1.146128035678238	-0.4102555274922563	-0.901315873922504	0.18768388813432452	0.10819964418356232	-0.25392196727421834
cand_chr21_113	chr21	20134199	20234199	100000	100000	100111	2979	3150	61982	1320208	2.1148	9.0	0.02979	1.0574018126888218	1.00111	-1.5259294967849564	0.02424005057455693	0.00048179952561719824	1.0	-0.18575748409930412	-0.3321632633293854	0.15217898691294476	-0.6474962648601457	-0.25330950634397265
cand_chr21_153	chr21	24134199	24234199	100000	100000	100041	3406	3583	55089	1526990	2.10393	7.0	0.03406	1.051967116852613	1.00041	-1.4677553563734178	0.02200216453952836	0.00017802424510340823	0.9030899869919435	0.5647784289303847	-0.5311152385907606	0.11613450734493973	-1.1486629303507925	-0.24971630816655715
cand_chr21_209	chr21	29734199	29834199	100000	100000	100029	2956	3101	49001	1318910	2.09811	11.0	0.02956	1.0490527740189446	1.00029	-1.529295570277212	0.020797336514538294	0.00012592714119883785	1.0791812460476249	-0.22918501090009538	-0.6382265533181772	0.10995292142371371	-0.23801328349078352	-0.2488679815713356
cand_chr21_064	chr21	15234199	15334199	100000	100000	100270	2738	2945	36952	1218205	2.15121	8.0	0.02738	1.0756026296566836	1.0027	-1.5625665562020288	0.03165185532514923	0.0011710149414006937	0.9542425094393249	-0.6584319172029415	0.32675911801661456	0.23395789575024423	-0.8841294904031747	-0.24546109845981434
cand_chr21_122	chr21	21034199	21134199	100000	100000	100056	3407	3585	105260	1473274	2.10449	7.0	0.03407	1.052245377164661	1.00056	-1.4676278664321225	0.022117026435941493	0.00024313683790335957	0.9030899869919435	0.5664232453181347	-0.520903815481644	0.12386044711472009	-1.1486629303507925	-0.24482076334989541
cand_chr21_108	chr21	19634199	19734199	100000	100000	100096	3058	3191	57311	1366033	2.08698	11.0	0.03058	1.0434924787442772	1.00096	-1.5145625189236986	0.018489323117209064	0.0004167227077164003	1.0791812460476249	-0.03910598143618641	-0.8434129735116013	0.14445729201660967	-0.23801328349078352	-0.2440187366054904
cand_chr21_119	chr21	20734199	20834199	100000	100000	100064	3297	3463	96534	1430875	2.1007	8.0	0.03297	1.0503488019411586	1.00064	-1.481881052856847	0.021333544406307834	0.00027785956283920063	0.9542425094393249	0.3825352117144429	-0.5905567356650517	0.12798047474625926	-0.8841294904031747	-0.24104263490188108
cand_chr21_199	chr21	28734199	28834199	100000	100000	100225	3280	3464	74122	1437901	2.1122	7.0	0.0328	1.0560975609756098	1.00225	-1.4841261562883208	0.023704039633629968	0.0009760649225592731	0.9030899869919435	0.3535699233257017	-0.3798155717087824	0.21082608608150857	-1.1486629303507925	-0.24102062316309114
cand_chr21_074	chr21	16234199	16334199	100000	100000	100070	2940	3089	84692	1286052	2.10136	11.0	0.0294	1.0506802721088435	1.0007	-1.5316526695878427	0.021470577889293335	0.00030389978481245835	1.0791812460476249	-0.25959521843717187	-0.5783742198040225	0.13107027931256202	-0.23801328349078352	-0.236228110604854
cand_chr21_093	chr21	18134199	18234199	100000	100000	100032	2777	2930	66946	1263687	2.11019	12.0	0.02777	1.0550954267194814	1.00032	-1.5564241202497424	0.023291740603851852	0.00013895200307412537	1.1139433523068367	-0.5791850431956509	-0.41646967521931144	0.1114983874239289	-0.05824229452277647	-0.23559965637845248
cand_chr21_107	chr21	19534199	19634199	100000	100000	100136	3468	3643	69861	1544080	2.10092	7.0	0.03468	1.0504613610149942	1.00136	-1.4599209111958273	0.021380082437743208	0.000590239223630095	0.9030899869919435	0.6658548251237287	-0.5864194234275565	0.16504590772617092	-1.1486629303507925	-0.22604540523211233
cand_chr21_308	chr21	39634199	39734199	100000	100000	100071	2818	3014	45902	1260044	2.13911	9.0	0.02818	1.0695528743789922	1.00071	-1.5500590112266623	0.029202259205275367	0.0003082396700124894	1.0	-0.4970653439895175	0.10898574662360556	0.13158522872897085	-0.6474962648601457	-0.2259976583742717
cand_chr21_232	chr21	32034199	32134199	100000	100000	100036	3121	3311	63523	1385723	2.12176	8.0	0.03121	1.0608779237423902	1.00036	-1.5057062313346672	0.025665412086735687	0.0001563178779550315	0.9542425094393249	0.07515375398345081	-0.2054461365987186	0.11355893666041272	-0.8841294904031747	-0.22521573408950743
cand_chr21_346	chr21	43634199	43734199	100000	100000	100278	2894	3077	63513	1280904	2.12647	9.0	0.02894	1.0632342778161714	1.00278	-1.5385014732169813	0.026628969464439784	0.0012056635627489232	1.0	-0.34795532223231085	-0.11978420360870645	0.23806913061482404	-0.6474962648601457	-0.21929166502158473
cand_chr21_297	chr21	38534199	38634199	100000	100000	100212	3117	3282	59720	1388560	2.10587	9.0	0.03117	1.0529355149181905	1.00212	-1.5062631977231602	0.022401774440234522	0.0009197297322234878	1.0	0.06796803067138732	-0.49558922080653606	0.20414162968471586	-0.6474962648601457	-0.21774395632764465
cand_chr21_185	chr21	27334199	27434199	100000	100000	100106	3209	3374	96249	1396049	2.10284	9.0	0.03209	1.0514178871922717	1.00106	-1.4936302829044958	0.021775361157602334	0.0004601083364578101	1.0	0.23095206774659494	-0.5512784551817105	0.1496052171738833	-0.6474962648601457	-0.20455435878034448
cand_chr21_357	chr21	44734199	44834199	100000	100000	100108	3337	3511	72252	1480901	2.10429	8.0	0.03337	1.0521426430925982	1.00108	-1.4766437933452072	0.022074622810558484	0.00046878494212805735	0.9542425094393249	0.45010391701089886	-0.5246735718035227	0.15063474049543832	-0.8841294904031747	-0.20201610117509006
cand_chr21_068	chr21	15634199	15734199	100000	100000	100294	2843	2990	46832	1269108	2.10341	12.0	0.02843	1.0517059444249033	1.00294	-1.5462231403095579	0.021894328633987516	0.0012749525136013734	1.1139433523068367	-0.4475767076183301	-0.5407020388458398	0.24629061647458697	-0.05824229452277647	-0.20005760612808987
cand_chr21_231	chr21	31934199	32034199	100000	100000	99749	3080	3295	77321	1405894	2.13961	8.0	0.0308	1.0698051948051948	0.99749	-1.5114492834995557	0.029304702429584384	-0.001091449492430532	0.9542425094393249	0.0010595452910822057	0.11809312810300372	-0.03449499785136586	-0.8841294904031747	-0.19986795371511365
cand_chr21_076	chr21	16434199	16534199	100000	100000	100315	3029	3188	41228	1374313	2.10499	10.0	0.03029	1.0524925718058766	1.00315	-1.5187007266671442	0.02221903939121904	0.0013658774885853839	1.0413926851582251	-0.09249522801656881	-0.5118346856702776	0.2570793264627381	-0.43343547431286433	-0.19517151538424315
cand_chr21_201	chr21	28934199	29034199	100000	100000	99901	2579	2767	44993	1184091	2.14579	12.0	0.02579	1.0728964715005815	0.99901	-1.5885486578620625	0.030557817003014447	-0.0004301645036646414	1.1139433523068367	-0.9936410024406794	0.22949720128206716	0.04396982399288083	-0.05824229452277647	-0.19460406792212698
cand_chr21_178	chr21	26634199	26734199	100000	100000	99890	3308	3501	90369	1441404	2.11669	8.0	0.03308	1.0583434099153568	0.9989	-1.4804344991194909	0.024626609884523587	-0.0004779868710962119	0.9542425094393249	0.40119798046929794	-0.2977974658447253	0.038295457260783865	-0.8841294904031747	-0.18560837962945453
cand_chr21_184	chr21	27234199	27334199	100000	100000	100058	2896	3052	63990	1276734	2.10773	12.0	0.02896	1.0538674033149171	1.00058	-1.5382014424748907	0.022785971757733565	0.0002518177794051147	1.1139433523068367	-0.34408446405788917	-0.4614334085756506	0.12489048490470035	-0.05824229452277647	-0.184717420562904
cand_chr21_167	chr21	25534199	25634199	100000	100000	100123	2389	2576	73125	1031565	2.15655	13.0	0.02389	1.0782754290498116	1.00123	-1.621783850250122	0.03272970893789657	0.0005338539598200156	1.146128035678238	-1.4224261170505055	0.4225821858324677	0.15835550985738606	0.10819964418356232	-0.18332219429427235
cand_chr21_265	chr21	35334199	35434199	100000	100000	100125	2821	2996	43759	1263932	2.12407	11.0	0.02821	1.0620347394540943	1.00125	-1.5495969138446337	0.026138722872062595	0.0005425290922940621	1.0791812460476249	-0.4911035768181251	-0.16336798150978032	0.15938485837673114	-0.23801328349078352	-0.18327499586048948
cand_chr21_156	chr21	24434199	24534199	100000	100000	100129	3164	3322	80006	1392669	2.09987	10.0	0.03164	1.049936788874842	1.00129	-1.499763525174361	0.02116315328973678	0.0005598788373962401	1.0413926851582251	0.15182380638714477	-0.6057048033852963	0.16144349373306377	-0.43343547431286433	-0.18146824439448803
cand_chr21_280	chr21	36834199	36934199	100000	100000	100034	2671	2817	56073	1185485	2.10932	15.0	0.02671	1.0546611755896669	1.00034	-1.573326111978627	0.023112958964400555	0.0001476350273144409	1.2041199826559248	-0.7972467404466609	-0.4323636750712067	0.11252867234141524	0.4081029234216071	-0.1772447049387113
cand_chr21_159	chr21	24734199	24834199	100000	100000	100057	3515	3661	57758	1578637	2.08307	9.0	0.03515	1.0415362731152205	1.00057	-1.4540746706441572	0.017674399525688295	0.00024747733034422763	1.0	0.7412803227623437	-0.9158611034352867	0.12437546858333773	-0.6474962648601457	-0.17442539423743775
cand_chr21_282	chr21	37034199	37134199	100000	100000	100085	2750	2923	67002	1213117	2.12582	12.0	0.0275	1.0629090909090908	1.00085	-1.5606673061697374	0.026496121527173733	0.000368993509583246	1.1139433523068367	-0.6339286697638995	-0.13159461714843917	0.13879398029487247	-0.05824229452277647	-0.1712429002850607
cand_chr21_179	chr21	26734199	26834199	100000	100000	100191	2752	2921	55794	1216969	2.12282	12.0	0.02752	1.0614098837209305	1.00191	-1.5603515704365263	0.025883127410076145	0.0008287112928454092	1.1139433523068367	-0.6298551930416775	-0.18609086428133254	0.1933418296716074	-0.05824229452277647	-0.17021163054354477
cand_chr21_197	chr21	28534199	28634199	100000	100000	100100	2941	3097	63377	1304295	2.10609	12.0	0.02941	1.0530431825909554	1.001	-1.5315049754929306	0.02244618084971741	0.0004340774793185929	1.1139433523068367	-0.25768973738339485	-0.49164141348185547	0.146516523792693	-0.05824229452277647	-0.16526423039883345
cand_chr21_203	chr21	29134199	29234199	100000	100000	100026	2819	3019	65141	1236447	2.14189	10.0	0.02819	1.0709471443774388	1.00026	-1.5499049241283978	0.029768037151495386	0.00011290188868521599	1.0413926851582251	-0.49507738335676926	0.15928439373874337	0.10840740907227657	-0.43343547431286433	-0.1652052637146534
cand_chr21_182	chr21	27034199	27134199	100000	100000	100222	3031	3222	73874	1335098	2.12603	9.0	0.03031	1.0630155064335205	1.00222	-1.5184140636323777	0.02653959971557705	0.0009630651426094019	1.0	-0.08879683383303204	-0.12772933029815697	0.20928359617910708	-0.6474962648601457	-0.16368470820305692
cand_chr21_262	chr21	35034199	35134199	100000	100000	100141	2841	3036	60245	1242897	2.13728	10.0	0.02841	1.068637803590285	1.00141	-1.5465287662770641	0.028830533500506864	0.0006119239144329564	1.0413926851582251	-0.4515197528089455	0.07593868253654783	0.1676189064022326	-0.43343547431286433	-0.16034940954575735
cand_chr21_290	chr21	37834199	37934199	100000	100000	100115	2367	2526	54573	1043823	2.13435	17.0	0.02367	1.067173637515843	1.00115	-1.6258017420709172	0.028235088290229235	0.0004991516969420596	1.255272505103306	-1.4742631031209845	0.023002563855621858	0.15423791015291885	0.6726363633692244	-0.15609656643580486
cand_chr21_291	chr21	37934199	38034199	100000	100000	100327	2537	2683	53144	1125358	2.1151	16.0	0.02537	1.0575482853764289	1.00327	-1.5956795327782693	0.024300205450208293	0.0014178260715247296	1.2304489213782739	-1.0856402598095827	-0.3268153898697396	0.2632432896172683	0.5442620881540513	-0.1512375679770007
cand_chr21_070	chr21	15834199	15934199	100000	100000	99482	2464	2638	16454	1186727	2.14123	17.0	0.02464	1.0706168831168832	0.99482	-1.6083592965076121	0.029634087717958675	-0.002255492197511422	1.255272505103306	-1.2492287199102399	0.14737605525763264	-0.17261457568076993	0.6726363633692244	-0.1504577192410382
cand_chr21_309	chr21	39734199	39834199	100000	100000	100094	3205	3355	119093	1371001	2.0936	11.0	0.03205	1.046801872074883	1.00094	-1.4941719661451638	0.019864490650174683	0.0004080450618415705	1.0791812460476249	0.2239635205548094	-0.7211581791581749	0.1434276452694989	-0.23801328349078352	-0.14794507420616254
cand_chr21_175	chr21	26334199	26434199	100000	100000	100072	3091	3226	72453	1362469	2.08735	13.0	0.03091	1.0436751860239404	1.00072	-1.509900994936695	0.018565357989637744	0.0003125795118446765	1.146128035678238	0.021034849815384535	-0.8366533406162472	0.13210017299956478	0.10819964418356232	-0.1438296684044339
cand_chr21_120	chr21	20834199	20934199	100000	100000	100161	3200	3366	45550	1443624	2.10375	10.0	0.032	1.051875	1.00161	-1.494850021680094	0.02196413331989902	0.0006986518519166541	1.0413926851582251	0.21521556095637745	-0.5344962804080933	0.17790961657891022	-0.43343547431286433	-0.1437016442964175
cand_chr21_333	chr21	42134199	42234199	100000	100000	99810	3407	3568	62658	1542418	2.09451	10.0	0.03407	1.047255650132081	0.9981	-1.4676278664321225	0.020052712136208087	-0.0008259444115150663	1.0413926851582251	0.5664232453181347	-0.7044249604656962	-0.0029914717972615284	-0.43343547431286433	-0.14360716531442186
cand_chr21_067	chr21	15534199	15634199	100000	100000	100018	3324	3484	59609	1477802	2.09627	10.0	0.03324	1.0481347773766547	1.00018	-1.4783389848879267	0.02041713122355225	7.816597201616296e-05	1.0413926851582251	0.4282333380341478	-0.6720274674230519	0.10428581617460571	-0.43343547431286433	-0.14323594688179067
cand_chr21_208	chr21	29634199	29734199	100000	100000	100035	2603	2738	32962	1179824	2.10373	18.0	0.02603	1.0518632347291588	1.00035	-1.5845258318907642	0.021959275688735503	0.00015197647433431617	1.2787536009528289	-0.9417403582374521	-0.534928132298648	0.11304380707567933	0.7940680105612778	-0.1423891682247857
cand_chr21_271	chr21	35934199	36034199	100000	100000	100055	3008	3216	77722	1324323	2.1383	9.0	0.03008	1.069148936170213	1.00055	-1.5217221680803954	0.02903820815680907	0.00023879630208173988	1.0	-0.13147647077697638	0.094401322025928	0.12334542049875598	-0.6474962648601457	-0.1403064982781095
cand_chr21_266	chr21	35434199	35534199	100000	100000	100023	3006	3155	67411	1349769	2.09914	13.0	0.03006	1.0495675316034598	1.00023	-1.5220110237491107	0.021010387329263806	9.987624550973082e-05	1.146128035678238	-0.135203153311851	-0.6192859639596379	0.10686185036682559	0.10819964418356232	-0.13485690568027525
cand_chr21_096	chr21	18434199	18534199	100000	100000	100201	2843	3014	45026	1273263	2.1203	12.0	0.02843	1.0601477312697851	1.00201	-1.5462231403095579	0.025366388288170737	0.00087205578586546	1.1139433523068367	-0.4475767076183301	-0.23202987430629884	0.19848487386665944	-0.05824229452277647	-0.1348410006451865
cand_chr21_111	chr21	19934199	20034199	100000	100000	100271	2955	3127	64976	1306106	2.11641	11.0	0.02955	1.0582064297800338	1.00271	-1.5294425147827257	0.024570396025659035	0.0011753461702457648	1.0791812460476249	-0.23108082109738032	-0.30279497603206773	0.2344718180461811	-0.23801328349078352	-0.13435431564351263
cand_chr21_318	chr21	40634199	40734199	100000	100000	100085	3423	3668	97349	1451572	2.14315	6.0	0.03423	1.071574642126789	1.00085	-1.465593100862123	0.0300224278601063	0.000368993509583246	0.8450980400142568	0.5926748516861428	0.18190017183203488	0.13879398029487247	-1.4485662095888368	-0.13379930144394667
cand_chr21_129	chr21	21734199	21834199	100000	100000	100234	3423	3586	75059	1509508	2.09524	9.0	0.03423	1.0476190476190477	1.00234	-1.465593100862123	0.02020338608828699	0.0010150619278296996	1.0	0.5926748516861428	-0.691029783089672	0.21545327877903767	-0.6474962648601457	-0.13259947937115932
cand_chr21_078	chr21	16634199	16734199	100000	100000	99941	3329	3498	85646	1475499	2.10153	10.0	0.03329	1.050765995794533	0.99941	-1.4776862048433326	0.021506009985990383	-0.00025630936302230284	1.0413926851582251	0.4366552049205528	-0.5752242445527405	0.06459861924599211	-0.43343547431286433	-0.12685147367476496
cand_chr21_338	chr21	42634199	42734199	100000	100000	99487	3491	3734	73914	1598375	2.13922	7.0	0.03491	1.069607562303065	0.99487	-1.4570501511858212	0.02922446479888066	-0.002233664953971241	0.9030899869919435	0.7028920459568493	0.11095986266011243	-0.17002466239855932	-1.1486629303507925	-0.1262089210330975
cand_chr21_112	chr21	20034199	20134199	100000	100000	100020	3125	3294	77878	1375413	2.10816	11.0	0.03125	1.05408	1.0002	-1.505149978319906	0.02287357315364148	8.685021164894766e-05	1.0791812460476249	0.0823302736768379	-0.45364549155095246	0.10531624530458016	-0.23801328349078352	-0.1260030640150795
cand_chr21_188	chr21	27634199	27734199	100000	100000	100407	3171	3319	50092	1350414	2.09335	11.0	0.03171	1.0466729738252918	1.00407	-1.4988037579729112	0.019811010381515278	0.001763991249239714	1.0791812460476249	0.16420627990098188	-0.7259126684041664	0.3043175457390931	-0.23801328349078352	-0.12385053156371872
cand_chr21_288	chr21	37634199	37734199	100000	100000	100340	2821	3038	108604	1196331	2.15385	9.0	0.02821	1.0769230769230769	1.0034	-1.5495969138446337	0.032184683371401235	0.0014740966917327273	1.0	-0.4911035768181251	0.37412846150292983	0.2699200844405194	-0.6474962648601457	-0.12363782393370538
cand_chr21_059	chr21	14734199	14834199	100000	100000	100101	3435	3569	76376	1516612	2.07802	11.0	0.03435	1.03901018922853	1.00101	-1.4640732586044307	0.016619806560091238	0.00043841606386022566	1.0791812460476249	0.6122831551087395	-1.0096162591126434	0.1470313188793783	-0.23801328349078352	-0.12207876715382729
cand_chr21_212	chr21	30034199	30134199	100000	100000	100039	3180	3331	45753	1435737	2.09497	12.0	0.0318	1.0474842767295598	1.00039	-1.4975728800155672	0.020147512706744142	0.0001693418284316657	1.1139433523068367	0.18008649927350676	-0.695997024248733	0.11510429451854971	-0.05824229452277647	-0.11476213124486326
cand_chr21_314	chr21	40234199	40334199	100000	100000	100081	3149	3334	43433	1434817	2.1175	10.0	0.03149	1.0587488091457606	1.00081	-1.5018273393634562	0.024792934855442653	0.00035163613692409327	1.0413926851582251	0.1251974281410994	-0.28301088557133947	0.13673443989017298	-0.43343547431286433	-0.11362862296323285
cand_chr21_349	chr21	43934199	44034199	100000	100000	100046	3062	3257	50152	1370533	2.12737	10.0	0.03062	1.0636838667537558	1.00046	-1.5139948136377577	0.026812572202630936	0.0001997295274052389	1.0413926851582251	-0.03178170982510176	-0.10346159966249588	0.11870994930691528	-0.43343547431286433	-0.11249220862338667
cand_chr21_157	chr21	24534199	24634199	100000	100000	100110	3020	3149	72094	1325519	2.08543	15.0	0.0302	1.0427152317880797	1.0011	-1.5199930570428493	0.018165717679393352	0.00047746137445523157	1.2041199826559248	-0.10916827813134858	-0.8721820618615074	0.15166424324895753	0.4081029234216071	-0.10539579333057282
cand_chr21_043	chr21	13134199	13234199	100000	100000	100072	4264	4407	147604	2093045	2.06707	7.0	0.04264	1.0335365853658536	1.00072	-1.3701828039814843	0.014325854491403046	0.0003125795118446765	0.9030899869919435	1.8236144715097402	-1.21355260264258	0.13210017299956478	-1.1486629303507925	-0.10162522212101688
cand_chr21_246	chr21	33434199	33534199	100000	100000	100143	2678	2905	70484	1196731	2.16953	10.0	0.02678	1.0847647498132935	1.00143	-1.5721894273240098	0.035335564050359376	0.0006205974875974734	1.0413926851582251	-0.782581759597012	0.6542472544528232	0.168648069901584	-0.43343547431286433	-0.0982804773888673
cand_chr21_352	chr21	44234199	44334199	100000	100000	99830	3802	3984	62771	1731759	2.09574	8.0	0.03802	1.0478695423461335	0.9983	-1.4199878874705756	0.020307217222236742	-0.0007389288868995428	0.9542425094393249	1.1810522686896232	-0.6817990140202953	0.00733336205294077	-0.8841294904031747	-0.0943857184202265
cand_chr21_106	chr21	19434199	19534199	100000	100000	100051	2959	3126	62783	1293650	2.11288	13.0	0.02959	1.0564379858060156	1.00051	-1.528855034839367	0.02384400852253509	0.00022143372496914832	1.146128035678238	-0.22350142598202222	-0.3673720931370691	0.12128526255922834	0.10819964418356232	-0.09034715309407515
cand_chr21_061	chr21	14934199	15034199	100000	100000	99132	2410	2601	35793	1527621	2.15851	19.0	0.0241	1.079253112033195	0.99132	-1.6179829574251317	0.03312330962100432	-0.003786131789981751	1.3010299956639813	-1.3733887518818688	0.45757397368171543	-0.3542327357346846	0.909269588912254	-0.090194481255646
cand_chr21_263	chr21	35134199	35234199	100000	100000	99963	2997	3193	47658	1351893	2.1308	11.0	0.02997	1.0653987320653988	0.99963	-1.5233132570543553	0.027512175593800172	-0.00016071869309628963	1.0791812460476249	-0.15200396645348468	-0.04126563686812632	0.07594093763086043	-0.23801328349078352	-0.08883548729538351
cand_chr21_177	chr21	26534199	26634199	100000	100000	100060	2603	2780	53925	1149300	2.136	15.0	0.02603	1.0679984633115636	1.0006	-1.5845258318907642	0.028570627808840537	0.00026049854739031814	1.2041199826559248	-0.9417403582374521	0.052832612821952445	0.12592050210606068	0.4081029234216071	-0.08872107997195798
cand_chr21_294	chr21	38234199	38334199	100000	100000	100165	2815	2980	65488	1243864	2.11723	14.0	0.02815	1.058614564831261	1.00165	-1.550521600812635	0.024737864888890175	0.0007159953612748564	1.1760912590556813	-0.5030334613490507	-0.28790670173521016	0.17996751203255576	0.2631533819998633	-0.08695481726296043
cand_chr21_071	chr21	15934199	16034199	100000	100000	100274	2893	3072	68186	1282515	2.12375	12.0	0.02893	1.061873487729001	1.00274	-1.538651566352017	0.02607277771149148	0.001188339597614244	1.1139433523068367	-0.34989175459463967	-0.16923062140707285	0.23601355418254277	-0.05824229452277647	-0.08533777908548655
cand_chr21_191	chr21	27934199	28034199	100000	100000	100058	3230	3402	73423	1429247	2.1065	11.0	0.0323	1.053250773993808	1.00058	-1.490797477668897	0.022531786945447285	0.0002518177794051147	1.0791812460476249	0.2674996135959141	-0.48403088212624273	0.12489048490470035	-0.23801328349078352	-0.08241351677910294
cand_chr21_337	chr21	42534199	42634199	100000	100000	96859	3811	4137	95077	2200137	2.17108	9.0	0.03811	1.085541852532144	0.96859	-1.4189610512278328	0.035646572123345106	-0.013860019046693848	1.0	1.1943000360227882	0.6818964150777319	-1.5495506127548397	-0.6474962648601457	-0.08021260662861629
cand_chr21_202	chr21	29034199	29134199	100000	100000	100230	2460	2667	43233	1111453	2.16829	13.0	0.0246	1.0841463414634147	1.0023	-1.609064892896621	0.03508790858649703	0.00099773035779373	1.146128035678238	-1.2583319988982715	0.632230251375606	0.21339679998660152	0.10819964418356232	-0.07612632583812542
cand_chr21_171	chr21	25934199	26034199	100000	100000	100133	3125	3342	90810	1362735	2.13888	9.0	0.03125	1.06944	1.00133	-1.505149978319906	0.029156423877278487	0.0005772278894165512	1.0	0.0823302736768379	0.10491090594852355	0.1635020468517135	-0.6474962648601457	-0.07418825959576768
cand_chr21_130	chr21	21834199	21934199	100000	100000	100219	3242	3409	61417	1448781	2.10302	11.0	0.03242	1.0515114127082048	1.00219	-1.4891869894875038	0.02181399071639502	0.0009500649735240792	1.0791812460476249	0.2882773888942617	-0.547844219968217	0.2077410601038083	-0.23801328349078352	-0.07245976361523263
cand_chr21_148	chr21	23634199	23734199	100000	100000	100049	3129	3300	64083	1383751	2.1093	12.0	0.03129	1.0546500479386385	1.00049	-1.5045944368538067	0.023108376731694146	0.00021275217610526551	1.1139433523068367	0.08949761329776068	-0.43277104355815277	0.12025515270264753	-0.05824229452277647	-0.07031514302013026
cand_chr21_331	chr21	41934199	42034199	100000	100000	100408	3118	3290	56022	1395609	2.11033	11.0	0.03118	1.055163566388711	1.00408	-1.506123889147177	0.023319787097151493	0.001768316568383301	1.0791812460476249	0.06976532562974312	-0.41397629300333666	0.3048307668189401	-0.23801328349078352	-0.06934837101135924
cand_chr21_230	chr21	31834199	31934199	100000	100000	100016	3027	3259	67862	1336614	2.15329	9.0	0.03027	1.0766435414601916	1.00016	-1.518987579043427	0.03207193950857122	6.948155872801059e-05	1.0	-0.09619606499697253	0.36410533527686956	0.10325536643954009	-0.6474962648601457	-0.06908290703517714
cand_chr21_319	chr21	40734199	40834199	100000	100000	100059	2850	3023	73339	1247802	2.1214	14.0	0.0285	1.060701754385965	1.00059	-1.5451551399914898	0.025593287169306905	0.000256158185086888	1.1760912590556813	-0.4337978603819687	-0.21185816766885152	0.12540549607891086	0.2631533819998633	-0.06427428749301152
cand_chr21_134	chr21	22234199	22334199	100000	100000	100093	3296	3469	94205	1405044	2.10498	11.0	0.03296	1.0524878640776698	1.00093	-1.4820127969749217	0.022217096816981606	0.00040370617388281124	1.0791812460476249	0.3808355099011272	-0.5120073839111977	0.14291281418083082	-0.23801328349078352	-0.056568085830005804
cand_chr21_115	chr21	20334199	20434199	100000	100000	100140	3133	3320	75604	1380777	2.11937	11.0	0.03133	1.059687200766039	1.0014	-1.504039605118295	0.025177688822331144	0.0006075870628903731	1.0791812460476249	0.09665579630217265	-0.248805586237972	0.16710431694468447	-0.23801328349078352	-0.0557646891204746
cand_chr21_146	chr21	23434199	23534199	100000	100000	99836	3403	3616	78579	1513052	2.12518	9.0	0.03403	1.0625918307375846	0.99836	-1.4681380509041906	0.026366472707516332	-0.0007128276288765798	1.0	0.5598410807025792	-0.14312062354796362	0.010430408856474898	-0.6474962648601457	-0.055086349712263796
cand_chr21_301	chr21	38934199	39034199	100000	100000	100050	3034	3182	73992	1342884	2.09756	15.0	0.03034	1.048780487804878	1.0005	-1.5179844235492883	0.02068459885985105	0.00021709297223018438	1.2041199826559248	-0.08325381575395921	-0.6482491276295075	0.12077021020491986	0.4081029234216071	-0.05065745243923493
cand_chr21_087	chr21	17534199	17634199	100000	100000	100473	2898	3114	52746	1283796	2.14907	10.0	0.02898	1.0745341614906831	1.00473	-1.5379016188648442	0.031220227096945673	0.0020493699513205203	1.0413926851582251	-0.34021627820551303	0.28838661502248053	0.3381791778603692	-0.43343547431286433	-0.036771489908881905
cand_chr21_137	chr21	22534199	22634199	100000	100000	100239	3140	3331	72428	1380450	2.12166	11.0	0.0314	1.060828025477707	1.00239	-1.5030703519267852	0.02564498461796184	0.0010367254177755922	1.0791812460476249	0.10916065368210956	-0.20726217423358181	0.21802376186576455	-0.23801328349078352	-0.029522760544122804
cand_chr21_144	chr21	23234199	23334199	100000	100000	100045	3471	3658	66935	1547059	2.10775	10.0	0.03471	1.0538749639873235	1.00045	-1.459545386328588	0.022789087468986058	0.0001953885577274416	1.0413926851582251	0.670699673661325	-0.4611564164061099	0.11819487121171265	-0.43343547431286433	-0.02642433646148415
cand_chr21_207	chr21	29534199	29634199	100000	100000	100027	2983	3199	46510	1338105	2.14482	11.0	0.02983	1.072410325175997	1.00027	-1.5253467466379373	0.030360986722044268	0.00011724368292883856	1.0791812460476249	-0.1782391106335853	0.21199864569106772	0.10892258500640142	-0.23801328349078352	-0.02383279085672492
cand_chr21_139	chr21	22734199	22834199	100000	100000	100309	3475	3675	64574	1551536	2.11511	9.0	0.03475	1.0575539568345325	1.00309	-1.4590451910738673	0.024302534494081054	0.0013399008667236507	1.0	0.677152962004551	-0.3266083338035667	0.25399706837262165	-0.6474962648601457	-0.01073864207163494
cand_chr21_261	chr21	34934199	35034199	100000	100000	99589	2926	3108	41076	1340574	2.1244	16.0	0.02926	1.062200956937799	0.99589	-1.533725678210708	0.026206688339584623	-0.001788628475133933	1.2304489213782739	-0.28634021902461554	-0.15732573279763906	-0.11721882434176564	0.5442620881540513	-0.004155672002492228
cand_chr21_269	chr21	35734199	35834199	100000	100000	99530	2447	2631	33333	1241212	2.15039	21.0	0.02447	1.0751941152431548	0.9953	-1.611366030648211	0.031486878733913724	-0.0020459959305970396	1.3424226808222062	-1.2880202162260885	0.312092411051006	-0.14775677981404534	1.1233303794595342	-8.855138239843852e-05
cand_chr21_190	chr21	27834199	27934199	100000	100000	100094	3331	3506	70801	1477759	2.10507	12.0	0.03331	1.0525367757430202	1.00094	-1.4774253673088231	0.022237279066599353	0.0004080450618415705	1.1139433523068367	0.44002041041788464	-0.5102131466873984	0.1434276452694989	-0.05824229452277647	0.0037481536193021744
cand_chr21_273	chr21	36134199	36234199	100000	100000	100077	3313	3508	78562	1457055	2.11772	11.0	0.03313	1.058859040144884	1.00077	-1.47977856411804	0.02483814881204304	0.000334278070518094	1.0791812460476249	0.40966055115309863	-0.27899128589815303	0.13467481716888735	-0.23801328349078352	0.006832699733262358
cand_chr21_091	chr21	17934199	18034199	100000	100000	99986	2899	3082	71071	1268319	2.12625	15.0	0.02899	1.0631252155915834	0.99986	-1.5377517846450026	0.026584419027403085	-6.08054839496669e-05	1.2041199826559248	-0.3382831862475336	-0.12374481523435418	0.08779614724359841	0.4081029234216071	0.008467767295829418
cand_chr21_131	chr21	21934199	22034199	100000	100000	100330	3388	3549	73752	1501068	2.09504	12.0	0.03388	1.0475206611570247	1.0033	-1.4700565983413307	0.02016259768892346	0.0014308122463983271	1.1139433523068367	0.5350888670516639	-0.6946559429986685	0.26478416520828485	-0.05824229452277647	0.011743698684625948
cand_chr21_135	chr21	22334199	22434199	100000	100000	100115	3100	3300	76529	1360331	2.12903	12.0	0.031	1.064516129032258	1.00115	-1.5086383061657274	0.027152246043614776	0.0004991516969420596	1.1139433523068367	0.037325477625032424	-0.07326400221983138	0.15423791015291885	-0.05824229452277647	0.015014272758835856
cand_chr21_098	chr21	18634199	18734199	100000	100000	100056	3125	3276	78498	1377109	2.09664	16.0	0.03125	1.04832	1.00056	-1.505149978319906	0.020493871408286807	0.00024313683790335957	1.2304489213782739	0.0823302736768379	-0.6652051310324197	0.12386044711472009	0.5442620881540513	0.021311919478297386
cand_chr21_305	chr21	39334199	39434199	100000	100000	100100	3266	3488	62057	1460076	2.13595	10.0	0.03266	1.0679730557256584	1.001	-1.4859838195993507	0.02856029585988028	0.0004340774793185929	1.0413926851582251	0.3296032085726802	0.05191408452258063	0.146516523792693	-0.43343547431286433	0.02364958564377237
cand_chr21_160	chr21	24834199	24934199	100000	100000	100284	2699	2866	46671	1207522	2.12375	18.0	0.02699	1.061874768432753	1.00284	-1.5687971154434834	0.026073301504809077	0.00123164821479861	1.2787536009528289	-0.7388157172194042	-0.16918405526673608	0.24115234152751755	0.7940680105612778	0.03180514490066377
cand_chr21_054	chr21	14234199	14334199	100000	100000	100161	3388	3602	118902	1462205	2.12633	10.0	0.03388	1.063164108618654	1.00161	-1.4700565983413307	0.026600306824845217	0.0006986518519166541	1.0413926851582251	0.5350888670516639	-0.12233236230592591	0.17790961657891022	-0.43343547431286433	0.03930766175294598
cand_chr21_362	chr21	45234199	45334199	100000	100000	99770	3947	4175	111925	2448997	2.11553	8.0	0.03947	1.057765391436534	0.9977	-1.4037328736044847	0.024389353424105493	-0.0010000277816796898	0.9542425094393249	1.3907669561261897	-0.31888997936188457	-0.02364734764211451	-0.8841294904031747	0.04102503467975399
cand_chr21_311	chr21	39934199	40034199	100000	100000	98443	4470	4699	266333	3941442	2.10246	9.0	0.0447	1.0512304250559283	0.98443	-1.3496924768680636	0.021697921891015357	-0.006815159865688193	1.0	2.0879712159249597	-0.5581629411694318	-0.7136422979645456	-0.6474962648601457	0.04216742798270917
cand_chr21_272	chr21	36034199	36134199	100000	100000	100262	2961	3191	64831	1301377	2.15535	11.0	0.02961	1.077676460655184	1.00262	-1.5285615926107008	0.03248839680421126	0.0011363635555165154	1.0791812460476249	-0.21971556976729437	0.40112911588173816	0.22984633285943615	-0.23801328349078352	0.04331164887077411
cand_chr21_332	chr21	42034199	42134199	100000	100000	99525	3700	3865	72871	1681381	2.08919	13.0	0.037	1.0445945945945947	0.99525	-1.431798275933005	0.01894777418734876	-0.0020678137438644552	1.146128035678238	1.0286800870780386	-0.8026558730438739	-0.15034557414650654	0.10819964418356232	0.045969571017805126
cand_chr21_092	chr21	18034199	18134199	100000	100000	100188	2779	2956	61138	1226843	2.12738	17.0	0.02779	1.0636919755307666	1.00188	-1.5561114532226281	0.02681588294541627	0.0008157071013302704	1.255272505103306	-0.5751511575033241	-0.10316726884921304	0.19179881631458554	0.6726363633692244	0.04652918833281819
cand_chr21_100	chr21	18834199	18934199	100000	100000	100032	3418	3563	128519	1448746	2.08484	15.0	0.03418	1.0424224692802808	1.00032	-1.466227941615282	0.018043763966297525	0.00013895200307412537	1.2041199826559248	0.5844844292591006	-0.8830239598541207	0.1114983874239289	0.4081029234216071	0.05526544506262896
cand_chr21_049	chr21	13734199	13834199	100000	100000	100145	3471	3633	59076	1557763	2.09334	13.0	0.03471	1.0466724286949003	1.00145	-1.459545386328588	0.019810784191302562	0.0006292708875398706	1.146128035678238	0.670699673661325	-0.7259327771089441	0.1696772128472513	0.10819964418356232	0.05566093839579862
cand_chr21_221	chr21	30934199	31034199	100000	100000	100095	2783	2976	57639	1231154	2.1387	16.0	0.02783	1.0693496227093064	1.00095	-1.555486793665957	0.02911972053979811	0.0004123839064525102	1.2304489213782739	-0.5670920881748874	0.10164791517235901	0.14394247121472806	0.5442620881540513	0.05569009659156274
cand_chr21_341	chr21	42934199	43034199	100000	100000	100144	3420	3639	96356	1486995	2.12807	10.0	0.0342	1.0640350877192983	1.00144	-1.465973893943865	0.026955949530100415	0.0006249342092210406	1.0413926851582251	0.5877620350762415	-0.09071510495219412	0.16916264394358116	-0.43343547431286433	0.05819352493869104
cand_chr21_344	chr21	43434199	43534199	100000	100000	99998	2987	3191	40029	1349855	2.13659	14.0	0.02987	1.0682959491128223	0.99998	-1.5247647773958717	0.028691581589382176	-8.68597649812824e-06	1.1760912590556813	-0.170730812043198	0.06358561506488508	0.09398039145943476	0.2631533819998633	0.06249714412024629
cand_chr21_222	chr21	31034199	31134199	100000	100000	100398	3155	3327	75959	1390193	2.10903	14.0	0.03155	1.0545166402535655	1.00398	-1.501000636419847	0.023053437288669276	0.0017250614383311892	1.1760912590556813	0.13586316800758963	-0.4376552559525602	0.29969832599380863	0.2631533819998633	0.06526490501217534
cand_chr21_328	chr21	41634199	41734199	100000	100000	100088	3705	3865	80186	1644897	2.08637	12.0	0.03705	1.0431848852901484	1.00088	-1.431211787684653	0.018361285938996726	0.00038201108383957626	1.1139433523068367	1.0362466878020726	-0.854795702173167	0.14033858158209273	-0.05824229452277647	0.06588681817205547
cand_chr21_205	chr21	29334199	29434199	100000	100000	100059	2563	2761	23099	1164678	2.15451	18.0	0.02563	1.0772532188841202	1.00059	-1.591251393815756	0.03231780045501917	0.000256158185086888	1.2787536009528289	-1.0285104544400285	0.3859628026232021	0.12540549607891086	0.7940680105612778	0.06923146370584055
cand_chr21_109	chr21	19734199	19834199	100000	100000	100123	3256	3408	87783	1412203	2.09337	16.0	0.03256	1.0466830466830468	1.00123	-1.4873156037828363	0.019815189877498925	0.0005338539598200156	1.2304489213782739	0.31242114363730106	-0.7255411039149439	0.15835550985738606	0.5442620881540513	0.07237440943344864
cand_chr21_237	chr21	32534199	32634199	100000	100000	100132	2943	3137	34965	1331124	2.13184	15.0	0.02943	1.0659191301393136	1.00132	-1.531209737900389	0.027724256598134087	0.0005728906913848461	1.2041199826559248	-0.2538807182124828	-0.022411265346428195	0.16298741628147168	0.4081029234216071	0.07369958903604194
cand_chr21_327	chr21	41534199	41634199	100000	100000	100240	3272	3472	71072	1445776	2.12225	12.0	0.03272	1.061124694376528	1.0024	-1.4851867050007146	0.02576642150516886	0.0010410579860935677	1.1139433523068367	0.33988721326693705	-0.19646622296472252	0.21853784309696322	-0.05824229452277647	0.07592913471910033
cand_chr21_307	chr21	39534199	39634199	100000	100000	100135	3133	3402	81592	1327196	2.17172	9.0	0.03133	1.0858601978933928	1.00135	-1.504039605118295	0.03577391439484503	0.0005859021555382623	1.0	0.09665579630217265	0.6932173653194436	0.16453129257395477	-0.6474962648601457	0.07672704733385632
cand_chr21_172	chr21	26034199	26134199	100000	100000	100409	2578	2766	44085	1148146	2.14585	18.0	0.02578	1.0729247478665631	1.00409	-1.5887170869826157	0.03056926275590751	0.0017726418444495705	1.2787536009528289	-0.9958139972263516	0.23051474869546767	0.3053439827874447	0.7940680105612778	0.08352818620445968
cand_chr21_058	chr21	14634199	14734199	100000	100000	100070	3172	3321	81818	1386147	2.09395	18.0	0.03172	1.0469735182849935	1.0007	-1.4986668213544339	0.01993569695281898	0.00030389978481245835	1.2787536009528289	0.16597297295822414	-0.7148278145460373	0.13107027931256202	0.7940680105612778	0.09407086207150667
cand_chr21_060	chr21	14834199	14934199	100000	100000	99929	2851	3058	42194	1338586	2.14521	16.0	0.02851	1.0726061031217118	0.99929	-1.54500278269054	0.03044026376684137	-0.00030845859791599764	1.2304489213782739	-0.4318322167958975	0.2190465133699358	0.05841084771819148	0.5442620881540513	0.09747180811157027
cand_chr21_361	chr21	45134199	45234199	100000	100000	99260	2812	3061	82690	1962999	2.1771	15.0	0.02812	1.0885490753911806	0.9926	-1.5509846836522136	0.03684801324954828	-0.0032257291386954146	1.2041199826559248	-0.5090079424389783	0.7887066285903788	-0.2877381155009976	0.4081029234216071	0.1000158735180025
cand_chr21_287	chr21	37534199	37634199	100000	100000	100122	2787	2967	62873	1225216	2.12917	19.0	0.02787	1.0645855758880516	1.00122	-1.5548630312866958	0.027180577603537606	0.0005295163285991641	1.3010299956639813	-0.5590445938153558	-0.07074527708340546	0.1578408278870523	0.909269588912254	0.10933013647513626
cand_chr21_152	chr21	24034199	24134199	100000	100000	100290	4221	4409	151244	1813032	2.08908	9.0	0.04221	1.0445392087183132	1.0029	-1.3745846478455919	0.01892474667191444	0.0012576313122309249	1.0	1.766823913364994	-0.8047030593658355	0.24423536797696577	-0.6474962648601457	0.13971498927899462
cand_chr21_274	chr21	36234199	36334199	100000	100000	99997	3157	3417	60691	1405550	2.16471	11.0	0.03157	1.0823566677225214	0.99997	-1.5007254181077827	0.034370396906545427	-1.302902989351207e-05	1.0791812460476249	0.1394139076604036	0.5684422104454264	0.0934650661205596	-0.23801328349078352	0.14082697518390153
cand_chr21_125	chr21	21334199	21434199	100000	100000	100352	2927	3124	60722	1298707	2.13461	16.0	0.02927	1.0673044072429108	1.00352	-1.533577277566208	0.028288302771470736	0.0015260323323067948	1.2304489213782739	-0.2844256223941176	0.027733424136168198	0.2760825119176895	0.5442620881540513	0.14091310045344785
cand_chr21_213	chr21	30134199	30234199	100000	100000	100027	3189	3378	46571	1426368	2.11853	16.0	0.03189	1.0592662276575728	1.00027	-1.4963454807570409	0.025005125992030638	0.00011724368292883856	1.2304489213782739	0.19592183807925737	-0.2641467230999932	0.10892258500640142	0.5442620881540513	0.1462399470349292
cand_chr21_183	chr21	27134199	27234199	100000	100000	100069	3221	3459	81512	1407656	2.14778	12.0	0.03221	1.0738900962434026	1.00069	-1.4920092751803087	0.030959837194670038	0.0002995598562438129	1.1139433523068367	0.25186556133144694	0.26523749813941594	0.13055532475024687	-0.05824229452277647	0.14735402242458331
cand_chr21_051	chr21	13934199	14034199	100000	100000	99153	4344	4620	198592	2486123	2.12707	8.0	0.04344	1.0635359116022098	0.99153	-1.3621101834192095	0.026752158975334926	-0.003694141128519017	0.9542425094393249	1.92776369660164	-0.10883244103436328	-0.34331757663440265	-0.8841294904031747	0.14787104713242483
cand_chr21_227	chr21	31534199	31634199	100000	100000	100166	3074	3335	61387	1359228	2.16981	11.0	0.03074	1.0849056603773586	1.00166	-1.5122961368362737	0.03539197508884148	0.0007203311303960578	1.0791812460476249	-0.009866165648170016	0.6592622942523888	0.1804819730553105	-0.23801328349078352	0.14796620454218645
cand_chr21_342	chr21	43034199	43134199	100000	100000	99897	3221	3428	54654	1471997	2.12853	15.0	0.03221	1.0642657559764048	0.99897	-1.4920092751803087	0.027050088431469155	-0.00044755384617900106	1.2041199826559248	0.25186556133144694	-0.08234599227930163	0.04190649020252186	0.4081029234216071	0.15488224566906855
cand_chr21_193	chr21	28134199	28234199	100000	100000	100497	3315	3500	82027	1461775	2.11161	14.0	0.03315	1.0558069381598794	1.00497	-1.479516467259208	0.023584511609483706	0.0021530975486258666	1.1760912590556813	0.41304200387167994	-0.39044182171917874	0.3504869839971529	0.2631533819998633	0.15906013703737937
cand_chr21_348	chr21	43834199	43934199	100000	100000	100002	3075	3350	54795	1376748	2.17886	11.0	0.03075	1.089430894308943	1.00002	-1.5121548798885645	0.03719968692540967	8.685802780287228e-06	1.0791812460476249	-0.008043733696949606	0.819971032302143	0.09604164128266493	-0.23801328349078352	0.16748891409926867
cand_chr21_143	chr21	23134199	23234199	100000	100000	100088	3216	3376	70492	1423017	2.0995	19.0	0.03216	1.0497512437810943	1.00088	-1.4926839599235864	0.0210863978772037	0.00038201108383957626	1.3010299956639813	0.24316109013134146	-0.612528493553801	0.14033858158209273	0.909269588912254	0.17006019176797177
cand_chr21_147	chr21	23534199	23634199	100000	100000	100099	3865	4070	88021	1723512	2.10608	11.0	0.03865	1.053040103492885	1.00099	-1.4128505017456563	0.02244491097087634	0.0004297388514343371	1.0791812460476249	1.2731355255078856	-0.4917543079276937	0.1460017235631854	-0.23801328349078352	0.17234241441314843
cand_chr21_339	chr21	42734199	42834199	100000	100000	100010	3333	3574	74349	1498884	2.14461	12.0	0.03333	1.0723072307230723	1.0001	-1.47716468633947	0.030319234509095388	4.342727686266486e-05	1.1139433523068367	0.4433835959838213	0.20828680107177408	0.10016389359564662	-0.05824229452277647	0.17339799903211636
cand_chr21_079	chr21	16734199	16834199	100000	100000	99899	2878	3057	62170	1394459	2.12439	22.0	0.02878	1.0621959694232106	0.99899	-1.5409092103994135	0.026204649125502456	-0.00043885908788717957	1.3617278360175928	-0.37901883622269367	-0.15750702248946327	0.042938167424803525	1.22316629894545	0.18239465191452411
cand_chr21_116	chr21	20434199	20534199	100000	100000	100056	4318	4558	164133	1834652	2.11116	8.0	0.04318	1.0555812876331636	1.00056	-1.364717362001788	0.023491682846144824	0.00024313683790335957	0.9542425094393249	1.8941270817060136	-0.39869446083406795	0.12386044711472009	-0.8841294904031747	0.18379089439587276
cand_chr21_000	chr21	5034199	5134199	100000	100000	98766	3628	3895	94526	1986185	2.14719	13.0	0.03628	1.0735942668136715	0.98766	-1.4403327216119424	0.030840183620525652	-0.005392534700614631	1.146128035678238	0.918572607456852	0.25460008651500987	-0.5448405982057791	0.10819964418356232	0.18413293498741126
cand_chr21_225	chr21	31334199	31434199	100000	100000	99791	3275	3552	44383	1526983	2.16916	11.0	0.03275	1.0845801526717558	0.99791	-1.484788695672198	0.03526165277876156	-0.0009086253117218358	1.0791812460476249	0.3450221459476653	0.6476764133785691	-0.012801980450653687	-0.23801328349078352	0.18547082384619926
cand_chr21_161	chr21	24934199	25034199	100000	100000	100221	2917	3107	60730	1360271	2.13027	19.0	0.02917	1.0651354130956463	1.00221	-1.5350635708782674	0.02740482413324181	0.0009587317961527064	1.3010299956639813	-0.3036010928025324	-0.05080936911855205	0.20876942261779796	0.909269588912254	0.19090713740224186
cand_chr21_275	chr21	36334199	36434199	100000	100000	100104	2849	3115	39978	1276355	2.18673	13.0	0.02849	1.0933660933660934	1.00104	-1.5453075507605232	0.03876560175571155	0.0004514315574373707	1.146128035678238	-0.43576419378857867	0.9591835943822598	0.14857567328344773	0.10819964418356232	0.19504867951517277
cand_chr21_281	chr21	36934199	37034199	100000	100000	99752	3366	3642	76280	1518506	2.16399	11.0	0.03366	1.0819964349376114	0.99752	-1.472885888360195	0.034225829819096186	-0.0010783880697228078	1.0791812460476249	0.4985866729064305	0.5555899439959228	-0.03294519372273047	-0.23801328349078352	0.19580453492220978
cand_chr21_312	chr21	40034199	40134199	100000	100000	95364	4020	4427	160080	2776454	2.20249	15.0	0.0402	1.1012437810945277	0.95364	-1.39577394691553	0.041883468894377995	-0.020615540935481694	1.2041199826559248	1.4934493553326635	1.2363674259674557	-2.351127588602849	0.4081029234216071	0.19669802902971933
cand_chr21_136	chr21	22434199	22534199	100000	100000	100070	2888	3064	59423	1276452	2.12188	22.0	0.02888	1.0609418282548475	1.0007	-1.5394028111023985	0.02569157206296476	0.00030389978481245835	1.3617278360175928	-0.35958396767501516	-0.2031204690436688	0.13107027931256202	1.22316629894545	0.19788303538483198
cand_chr21_170	chr21	25834199	25934199	100000	100000	100109	3344	3549	84451	1471739	2.12261	15.0	0.03344	1.061303827751196	1.00109	-1.4757337312330212	0.02583973058061392	0.00047312317995910777	1.2041199826559248	0.46184511840126424	-0.1899489181797209	0.15114949444315248	0.4081029234216071	0.20778715452157576
cand_chr21_077	chr21	16534199	16634199	100000	100000	100053	3115	3370	47269	1445073	2.16372	13.0	0.03115	1.0818619582664526	1.00053	-1.5065419490048115	0.034171849876150184	0.00023011510029229503	1.146128035678238	0.06437171027537707	0.550791032833556	0.12231535182431963	0.10819964418356232	0.21141943477920375
cand_chr21_255	chr21	34334199	34434199	100000	100000	100222	2965	3177	54978	1342600	2.143	17.0	0.02965	1.0715008431703203	1.00222	-1.5279753022997187	0.029992517126866007	0.0009630651426094019	1.255272505103306	-0.21215152273986038	0.1792410554308745	0.20928359617910708	0.6726363633692244	0.2122523730598364
cand_chr21_057	chr21	14534199	14634199	100000	100000	100242	4179	4341	69744	1877681	2.07753	12.0	0.04179	1.038765254845657	1.00242	-1.378927628856374	0.016517414695074034	0.0010497229930651762	1.1139433523068367	1.7107927765894597	-1.01871907466134	0.21956599017402795	-0.05824229452277647	0.2133493493948428
cand_chr21_322	chr21	41034199	41134199	100000	100000	100161	3557	3824	84454	1548799	2.15013	10.0	0.03557	1.0750632555524318	1.00161	-1.4489161348142197	0.031434018418282104	0.0006986518519166541	1.0413926851582251	0.8078333714473672	0.307393036711456	0.17790961657891022	-0.43343547431286433	0.2149251376062173
cand_chr21_094	chr21	18234199	18334199	100000	100000	100130	3397	3661	70276	1506365	2.15543	11.0	0.03397	1.0777156314395056	1.0013	-1.468904453129972	0.03250418201150316	0.0005642161653756039	1.0791812460476249	0.5499533128695588	0.40253244836671564	0.16195813972225517	-0.23801328349078352	0.21910765436693652
cand_chr21_317	chr21	40534199	40634199	100000	100000	100418	3198	3433	75226	1403454	2.14697	13.0	0.03198	1.0734834271419638	1.00418	-1.4951215405897842	0.030795344015534246	0.0018115673907132925	1.146128035678238	0.21171254928576977	0.25061376735337926	0.3099626965109679	0.10819964418356232	0.22012216433341983
cand_chr21_056	chr21	14434199	14534199	100000	100000	100088	3055	3259	51442	1373598	2.13355	18.0	0.03055	1.0667757774140754	1.00088	-1.514988785421427	0.028073145886571182	0.00038201108383957626	1.2787536009528289	-0.04460547507379367	0.008605601462524242	0.14033858158209273	0.7940680105612778	0.2246016796330253
cand_chr21_355	chr21	44534199	44634199	100000	100000	100169	4157	4316	111497	1827623	2.0765	13.0	0.04157	1.0382487370700024	1.00169	-1.3812199754937853	0.016301411504658306	0.000733338178049299	1.146128035678238	1.6812179781598007	-1.0379221353727937	0.18202532530762133	0.10819964418356232	0.23338020306954768
cand_chr21_118	chr21	20634199	20734199	100000	100000	100078	3977	4179	67286	1779409	2.10158	12.0	0.03977	1.0507920543122955	1.00078	-1.4004444090140196	0.02151678015764549	0.0003386176521614175	1.1139433523068367	1.433193208691514	-0.5742667574907774	0.1351897305667514	-0.05824229452277647	0.23396847181117789
cand_chr21_045	chr21	13334199	13434199	100000	100000	99937	4110	4327	176941	1992124	2.1056	11.0	0.0411	1.0527980535279806	0.99937	-1.3861581781239307	0.022345073322655104	-0.00027369174555411373	1.0791812460476249	1.617507566737775	-0.5006300491442528	0.06253611129290451	-0.23801328349078352	0.2353500863489108
cand_chr21_219	chr21	30734199	30834199	100000	100000	99471	2925	3170	63272	1755212	2.16752	18.0	0.02925	1.0837606837606837	0.99471	-1.5338741295818008	0.03493339179955221	-0.002303515995150121	1.2787536009528289	-0.2882554701062029	0.618493439271445	-0.17831284312978152	0.7940680105612778	0.2364982841491846
cand_chr21_245	chr21	33334199	33434199	100000	100000	100171	2624	2839	49881	1166751	2.16387	21.0	0.02624	1.0819359756097562	1.00171	-1.5810361692963772	0.03420156182223458	0.0007420093267349439	1.3424226808222062	-0.8967183418756203	0.553432476709528	0.18305420113024334	1.1233303794595342	0.2407746788559213
cand_chr21_138	chr21	22634199	22734199	100000	100000	100111	3635	3889	44749	1641750	2.13975	11.0	0.03635	1.0698762035763412	1.00111	-1.4394955848049433	0.029333527952403123	0.00048179952561719824	1.0791812460476249	0.929372960213713	0.12065576740320243	0.15217898691294476	-0.23801328349078352	0.24104860775976916
cand_chr21_082	chr21	17034199	17134199	100000	100000	100018	4793	4986	362761	4077576	2.08053	9.0	0.04793	1.0402670561235134	1.00018	-1.3193925710082122	0.017144845175966743	7.816597201616296e-05	1.0	2.4788866183419174	-0.9629394095850504	0.10428581617460571	-0.6474962648601457	0.24318419001783176
cand_chr21_142	chr21	23034199	23134199	100000	100000	100219	3054	3283	69134	1313534	2.14997	16.0	0.03054	1.0749836280288148	1.00219	-1.5151309672795976	0.03140185000893775	0.0009500649735240792	1.2304489213782739	-0.046439839792952804	0.3045332089633489	0.2077410601038083	0.5442620881540513	0.2525241293570639
cand_chr21_088	chr21	17634199	17734199	100000	100000	99245	3424	3743	83233	1753489	2.18633	11.0	0.03424	1.0931658878504673	0.99245	-1.4654662439948845	0.03868607110930628	-0.0032913639311787	1.0791812460476249	0.5943115004445677	0.9521131810777053	-0.29552601691487396	-0.23801328349078352	0.25322134527915385
cand_chr21_192	chr21	28034199	28134199	100000	100000	100069	3641	3872	91942	1594490	2.12689	13.0	0.03641	1.063444108761329	1.00069	-1.4387793210660562	0.026714669702412198	0.0002995598562438129	1.146128035678238	0.9386138644270406	-0.11216530284338488	0.13055532475024687	0.10819964418356232	0.26630088262936624
cand_chr21_124	chr21	21234199	21334199	100000	100000	100103	3061	3291	106307	1315696	2.15028	17.0	0.03061	1.0751388435151912	1.00103	-1.5141366704026653	0.031464552697038954	0.00044709310291879677	1.255272505103306	-0.03361188034100802	0.31010758739758115	0.14806089362465863	0.6726363633692244	0.274298241012614
cand_chr21_080	chr21	16834199	16934199	100000	100000	100060	3603	3753	80749	1590652	2.08326	20.0	0.03603	1.041631973355537	1.0006	-1.4433357378774314	0.0177143022905139	0.00026049854739031814	1.3222192947339193	0.8798290774499216	-0.9123136779827915	0.12592050210606068	1.0188492910435714	0.2780712981541905
cand_chr21_155	chr21	24334199	24434199	100000	100000	100022	2814	2980	72716	1218135	2.11798	29.0	0.02814	1.0589907604832978	1.00022	-1.5506759069012732	0.024892170977528324	9.553427763350226e-05	1.4771212547196624	-0.5050242472945383	-0.27418862107833497	0.10634665383031033	1.8199192357722618	0.2867632553074247
cand_chr21_169	chr21	25734199	25834199	100000	100000	100028	3222	3484	52804	1442725	2.16263	14.0	0.03222	1.0813159528243328	1.00028	-1.4918744639168007	0.033952610252426386	0.00012158543376645537	1.1760912590556813	0.25360483403969647	0.5313002475510724	0.1094377557901833	0.2631533819998633	0.2893740548452039
cand_chr21_356	chr21	44634199	44734199	100000	100000	100042	3989	4185	104551	1738013	2.09827	14.0	0.03989	1.049135121584357	1.00042	-1.3991359636901604	0.02083142601943922	0.00018236538834805882	1.1760912590556813	1.450074166430553	-0.6351959368213745	0.11664960603473086	0.2631533819998633	0.29867030441094317
cand_chr21_187	chr21	27534199	27634199	100000	100000	99649	2608	2841	54722	1664960	2.17868	24.0	0.02608	1.089340490797546	0.99649	-1.5836924129401175	0.037163646663053225	-0.0015270551838751035	1.3979400086720377	-0.9309879715475097	0.8167669900620469	-0.08618182509558531	1.4104362544029008	0.30250836195546316
cand_chr21_343	chr21	43334199	43434199	100000	100000	97883	3856	4131	72702	2544389	2.14263	18.0	0.03856	1.071317427385892	0.97883	-1.4138629747692069	0.029918169745792936	-0.009292728495978148	1.2787536009528289	1.2600730658003119	0.17263144346294026	-1.0076183967497216	0.7940680105612778	0.3047885307687021
cand_chr21_217	chr21	30534199	30634199	100000	100000	99644	2746	2932	50034	1731370	2.13547	31.0	0.02746	1.0677348871085215	0.99644	-1.5612994670992637	0.02846343306835403	-0.001548846941839223	1.505149978319906	-0.642084518343136	0.04330281325950565	-0.08876752783400466	1.9648687771940068	0.31932988606909296
cand_chr21_200	chr21	28834199	28934199	100000	100000	99716	3456	3758	89419	1499801	2.17477	12.0	0.03456	1.0873842592592593	0.99716	-1.4614262661931443	0.036383041957651144	-0.0012351510744982004	1.1139433523068367	0.6464334296488247	0.7473698690258609	-0.05154592026337871	-0.05824229452277647	0.32100377097213256
cand_chr21_101	chr21	18934199	19034199	100000	100000	100124	3233	3401	65652	1427876	2.10393	24.0	0.03233	1.0519641200123724	1.00124	-1.490394295388444	0.02200092732116604	0.0005381915477179623	1.3979400086720377	0.2727012853152825	-0.5312252294630214	0.15887018668723718	1.4104362544029008	0.3276956242355997
cand_chr21_236	chr21	32434199	32534199	100000	100000	100256	3147	3470	58796	1418477	2.20527	11.0	0.03147	1.1026374324753734	1.00256	-1.5021032570867798	0.04243273187765342	0.0011103732016110842	1.0791812460476249	0.12163766500698589	1.2851978640461346	0.22676244539260515	-0.23801328349078352	0.3488961727387355
cand_chr21_206	chr21	29434199	29534199	100000	100000	100116	3269	3495	65665	1443898	2.13827	19.0	0.03269	1.0691342918323647	1.00116	-1.485585079419631	0.029032259501331266	0.0005034896314468037	1.3010299956639813	0.3347475703583533	0.09387247616919825	0.1547526281094265	0.909269588912254	0.373160565887308
cand_chr21_247	chr21	33534199	33634199	100000	100000	100233	2204	2461	29154	985382	2.23321	24.0	0.02204	1.116606170598911	1.00233	-1.6567884098202526	0.04790002352305505	0.0010107291001632038	1.3979400086720377	-1.8740387905049647	1.7712496357436072	0.2149391667748201	1.4104362544029008	0.38064656660409085
cand_chr21_186	chr21	27434199	27534199	100000	100000	100075	2786	3001	58006	1227769	2.15434	26.0	0.02786	1.0771715721464463	1.00075	-1.5550188879120552	0.03228488333690787	0.00032559877714274466	1.4313637641589874	-0.5610553840700695	0.38303641335866956	0.13364497493747413	1.5832860102292334	0.3847280036138269
cand_chr21_181	chr21	26934199	27034199	100000	100000	100086	2670	2882	52736	1168976	2.1588	28.0	0.0267	1.0794007490636703	1.00086	-1.5734887386354248	0.033182715113395246	0.0003733327443566119	1.462397997898956	-0.7993448745227164	0.46285522566128656	0.13930885253485473	1.7437784398218745	0.3866494108738249
cand_chr21_048	chr21	13634199	13734199	100000	100000	97899	4087	4477	113804	2302337	2.19085	12.0	0.04087	1.09542451676046	0.97899	-1.3885953622884066	0.03958245667185158	-0.009221744322500261	1.1139433523068367	1.5860641413744392	1.0318034224361712	-0.9991957641173103	-0.05824229452277647	0.39010737629263087
cand_chr21_150	chr21	23834199	23934199	100000	100000	100161	4118	4374	76542	1862574	2.12433	12.0	0.04118	1.0621661000485674	1.00161	-1.3853136577179874	0.02619243641960573	0.0006986518519166541	1.1139433523068367	1.628403179280786	-0.158592753363783	0.17790961657891022	-0.05824229452277647	0.3973694369932842
cand_chr21_243	chr21	33134199	33234199	100000	100000	100078	3323	3589	81686	1472014	2.1601	16.0	0.03323	1.0800481492627143	1.00078	-1.4784696587212889	0.03344311705452877	0.0003386176521614175	1.2304489213782739	0.42654744454027294	0.4860054128198341	0.1351897305667514	0.5442620881540513	0.3980011690202274
cand_chr21_052	chr21	14034199	14134199	100000	100000	100093	4259	4552	200859	2138883	2.13759	10.0	0.04259	1.0687954918995068	1.00093	-1.370692359926251	0.02889461331326587	0.00040370617388281124	1.0413926851582251	1.8170404158633697	0.08163548975694807	0.14291281418083082	-0.43343547431286433	0.402038311372071
cand_chr21_278	chr21	36634199	36734199	100000	100000	100046	3182	3388	69239	1402912	2.12948	24.0	0.03182	1.0647391577624137	1.00046	-1.4972998246894373	0.027243226348106626	0.0001997295274052389	1.3979400086720377	0.18360933307998362	-0.06517569432335545	0.11870994930691528	1.4104362544029008	0.41189496061661107
cand_chr21_229	chr21	31734199	31834199	100000	100000	98904	2706	2990	58273	2017350	2.2099	25.0	0.02706	1.1049519586104952	0.98904	-1.5676722077383958	0.04334339606282549	-0.0047861437638057	1.414973347970818	-0.724302677137687	1.3661574998827557	-0.4728892343717468	1.498523559249623	0.41687228690573624
cand_chr21_316	chr21	40434199	40534199	100000	100000	100155	3556	3842	67072	1552132	2.16085	14.0	0.03556	1.0804274465691788	1.00155	-1.449038247701824	0.03359560822749873	0.0006726352891638379	1.1760912590556813	0.8062579273249023	0.49956214430545215	0.1748226192992516	0.2631533819998633	0.43594901823236737
cand_chr21_223	chr21	31134199	31234199	100000	100000	100127	3106	3394	46737	1379418	2.18545	17.0	0.03106	1.0927237604636189	1.00127	-1.5077985486074603	0.03851038658911729	0.0005512040514838937	1.255272505103306	0.04815964210531281	0.9364945205349665	0.1604141863350242	0.6726363633692244	0.45442617808613195
cand_chr21_151	chr21	23934199	24034199	100000	100000	100031	3820	4023	90921	1673858	2.10628	20.0	0.0382	1.0531413612565446	1.00031	-1.4179366370882913	0.022486669659552642	0.00013461042585185323	1.3222192947339193	1.207516554498217	-0.4880418876049272	0.11098323724048925	1.0188492910435714	0.4623267987943376
cand_chr21_360	chr21	45034199	45134199	100000	100000	99791	2941	3268	58962	1409809	2.22237	16.0	0.02941	1.111186671200272	0.99791	-1.5315049754929306	0.045787023353308545	-0.0009086253117218358	1.2304489213782739	-0.25768973738339485	1.583400231922951	-0.012801980450653687	0.5442620881540513	0.46429265056073843
cand_chr21_226	chr21	31434199	31534199	100000	100000	99999	3084	3313	80239	1345284	2.14851	26.0	0.03084	1.074254215304799	0.99999	-1.5108856306210807	0.031107066503040605	-4.342966533881614e-06	1.4313637641589874	0.008331534611169953	0.2783264406763475	0.09449571164498496	1.5832860102292334	0.491109924290434
cand_chr21_126	chr21	21434199	21534199	100000	100000	100054	3273	3519	64350	1472151	2.15032	22.0	0.03273	1.075160403299725	1.00054	-1.4850539946919956	0.031473261527187386	0.00023445572287830862	1.3617278360175928	0.3415993804260601	0.31088181760105277	0.12283038873531965	1.22316629894545	0.4996194714269706
cand_chr21_303	chr21	39134199	39234199	100000	100000	100120	2874	3148	80425	1236387	2.19068	23.0	0.02874	1.095337508698678	1.0012	-1.5415132362017931	0.039547959888820206	0.0005208409361856701	1.380211241711606	-0.38681169837545454	1.0287365982025733	0.15681144852457182	1.318752570281615	0.5293722296583264
cand_chr21_084	chr21	17234199	17334199	100000	100000	100105	5395	5592	381557	4510376	2.07303	12.0	0.05395	1.0365152919369789	1.00105	-1.2680085509810706	0.015575713718695603	0.0004557699686167853	1.1139433523068367	3.1418195317186184	-1.1024379354181	0.14909044779982555	-0.05824229452277647	0.5325574373943919
cand_chr21_075	chr21	16334199	16434199	100000	100000	100124	3370	3618	81968	1469125	2.14718	22.0	0.0337	1.0735905044510383	1.00124	-1.4723700991286615	0.03083866165245621	0.0005381915477179623	1.3617278360175928	0.50524114754209	0.2544647808966895	0.15887018668723718	1.22316629894545	0.5354356035178667
cand_chr21_086	chr21	17434199	17534199	100000	100000	99975	3450	3740	80918	1530079	2.16812	18.0	0.0345	1.0840579710144929	0.99975	-1.4621809049267258	0.03505250712720609	-0.0001085871944407351	1.2787536009528289	0.6366974289634785	0.6290829998432114	0.0821266046639432	0.7940680105612778	0.5354937610079777
cand_chr21_358	chr21	44834199	44934199	100000	100000	99652	4184	4510	94733	1899080	2.15583	13.0	0.04184	1.0779158699808795	0.99652	-1.378408324140782	0.0325848660187427	-0.001513980653934892	1.146128035678238	1.7174926063780953	0.4097053974628945	-0.08463046572725832	0.10819964418356232	0.5376917955743235
cand_chr21_085	chr21	17334199	17434199	100000	100000	100126	5357	5625	363627	4308152	2.10006	10.0	0.05357	1.050028000746687	1.00126	-1.2710783536271406	0.021200880410540853	0.0005468665935490841	1.0413926851582251	3.1022143546504215	-0.6023507964844047	0.15989952492595927	-0.43343547431286433	0.556581902194778
cand_chr21_121	chr21	20934199	21034199	100000	100000	100102	3348	3567	69127	1478436	2.13082	27.0	0.03348	1.0654121863799284	1.00102	-1.4752145506787775	0.027517660017131674	0.00044275460506000493	1.4471580313422192	0.46854334631748246	-0.040778062059627224	0.14754610882333258	1.664965497955962	0.5600692227592874
cand_chr21_335	chr21	42334199	42434199	100000	100000	99810	3628	3836	66540	1655388	2.11466	27.0	0.03628	1.0573318632855568	0.9981	-1.4403327216119424	0.02421132011056837	-0.0008259444115150663	1.4471580313422192	0.918572607456852	-0.33471745173363404	-0.0029914717972615284	1.664965497955962	0.5614572954704796
cand_chr21_073	chr21	16134199	16234199	100000	100000	100105	3204	3429	74118	1398907	2.14045	28.0	0.03204	1.0702247191011236	1.00105	-1.4943074925878	0.02947497770274413	0.0004557699686167853	1.462397997898956	0.2222150209354938	0.13323089714175157	0.14909044779982555	1.7437784398218745	0.5620787014247364
cand_chr21_315	chr21	40334199	40434199	100000	100000	99870	3037	3314	74942	1535150	2.18242	26.0	0.03037	1.09120842937109	0.9987	-1.5175552080817347	0.03790771216505276	-0.0005649501236701671	1.4313637641589874	-0.07771627586857566	0.8829157121281214	0.027976825753744904	1.5832860102292334	0.604115568060631
cand_chr21_145	chr21	23334199	23434199	100000	100000	99654	3538	3831	83068	1680105	2.16563	22.0	0.03538	1.082815149802148	0.99654	-1.4512421714262957	0.03455432340937341	-0.0015052645193093762	1.3617278360175928	0.7778239205120382	0.5847935976330572	-0.08359625209443733	1.22316629894545	0.625546891249027
cand_chr21_330	chr21	41834199	41934199	100000	100000	99792	3459	3819	78154	1649817	2.20815	16.0	0.03459	1.1040763226366002	0.99792	-1.4610494379856385	0.04299909635895637	-0.0009042732929435858	1.2304489213782739	0.651295093281067	1.3355486551540774	-0.012285591323576293	0.5442620881540513	0.6297050613164049
cand_chr21_351	chr21	44134199	44234199	100000	100000	98766	3744	4136	90496	2117445	2.2094	17.0	0.03744	1.1047008547008548	0.98766	-1.4266641599339325	0.043244690019818496	-0.005392534700614631	1.255272505103306	1.0949180823746558	1.3573823603452213	-0.5448405982057791	0.6726363633692244	0.6450240519708306
cand_chr21_340	chr21	42834199	42934199	100000	100000	99884	3677	4074	86402	1670869	2.21594	14.0	0.03677	1.107968452542834	0.99884	-1.4345063701311376	0.04452739479528297	-0.0005040740184948285	1.1760912590556813	0.9937415054816926	1.471417054141681	0.035200084754480526	0.2631533819998633	0.6908780065944293
cand_chr21_304	chr21	39234199	39334199	100000	100000	100138	3339	3633	70852	1476929	2.1761	24.0	0.03339	1.0880503144654088	1.00138	-1.4763835809456292	0.036648978808343925	0.0005989132298798471	1.3979400086720377	0.4534610573058372	0.7710121193066902	0.16607512261328464	1.4104362544029008	0.7002461384071782
cand_chr21_365	chr21	45534199	45634199	100000	100000	96701	3216	3531	66666	2743548	2.1959	52.0	0.03216	1.0979477611940298	0.96701	-1.4926839599235864	0.040581677486683454	-0.014569034787356714	1.724275869600789	0.24316109013134146	1.120635897245615	-1.633678930682791	3.0980704851204774	0.7070471354536607
cand_chr21_329	chr21	41734199	41834199	100000	100000	97950	3708	4072	71767	2158610	2.19633	27.0	0.03708	1.0981661272923409	0.9795	-1.4308602745275405	0.040668043856242855	-0.00899555966924482	1.4471580313422192	1.0407817483366861	1.1283140182719065	-0.9723578064695615	1.664965497955962	0.7154258645237483
cand_chr21_083	chr21	17134199	17234199	100000	100000	100154	5049	5234	363847	4044209	2.07328	20.0	0.05049	1.03664091899386	1.00154	-1.2967946293045136	0.015628347608375778	0.0006682990438438566	1.3222192947339193	2.7704348335659628	-1.0977586907409123	0.17430810177309355	1.0188492910435714	0.7164583839104288
cand_chr21_345	chr21	43534199	43634199	100000	100000	97880	2516	2908	42568	1694905	2.31161	31.0	0.02516	1.1558028616852147	0.9788	-1.5992893632267686	0.06288376541376896	-0.009306039320248418	1.505149978319906	-1.132212626369371	3.103330447412861	-1.009197793640185	1.9648687771940068	0.7316972011493279
cand_chr21_289	chr21	37734199	37834199	100000	100000	99643	2807	3198	65933	1483007	2.27859	21.0	0.02807	1.1392946205913788	0.99643	-1.551757587365561	0.056636046775776785	-0.0015532054246494907	1.3424226808222062	-0.5189795894642271	2.5478973536583873	-0.08928468395130455	1.1233303794595342	0.7657408649255975
cand_chr21_149	chr21	23734199	23834199	100000	100000	100144	3799	4119	101414	1657513	2.16847	21.0	0.03799	1.0842326928138983	1.00144	-1.4203307064452797	0.03512249840169718	0.0006249342092210406	1.3424226808222062	1.1766293764841986	0.6353053463314163	0.16916264394358116	1.1233303794595342	0.7761069365546825
cand_chr21_251	chr21	33934199	34034199	100000	100000	99883	3112	3477	78766	1406934	2.23458	22.0	0.03112	1.1172879177377892	0.99883	-1.5069604116823487	0.04816510236560712	-0.0005084220287458199	1.3617278360175928	0.0589728979245213	1.7948156076028758	0.03468417125951719	1.22316629894545	0.7779097439330911
cand_chr21_359	chr21	44934199	45034199	100000	100000	99010	4534	4881	108291	2536579	2.15307	21.0	0.04534	1.076532862814292	0.9901	-1.3435184842095014	0.032027291866022656	-0.004320939488377827	1.3424226808222062	2.1676252199936386	0.3601360819115223	-0.41769038483979043	1.1233303794595342	0.8083503241312261
cand_chr21_363	chr21	45334199	45434199	100000	100000	98741	4176	4577	118115	2311538	2.19205	23.0	0.04176	1.0960249042145591	0.98741	-1.3792395100057944	0.03982042243309368	-0.005502478774551913	1.380211241711606	1.70676902992847	1.0529589940348327	-0.5578860208614772	1.318752570281615	0.8801486433458601
cand_chr21_260	chr21	34834199	34934199	100000	100000	100071	2810	3071	55809	1344224	2.18577	49.0	0.0281	1.09288256227758	1.00071	-1.5512936800949202	0.038573496537988965	0.0003082396700124894	1.6989700043360187	-0.5129944719452	0.9421051051626612	0.13158522872897085	2.9672021081752993	0.8819744925304328
cand_chr21_326	chr21	41434199	41534199	100000	100000	98626	3204	3483	89475	2180997	2.17416	57.0	0.03204	1.0870786516853932	0.98626	-1.4943074925878	0.0362609670460362	-0.006008580312001882	1.7634279935629373	0.2222150209354938	0.736517196273318	-0.617937538203828	3.300544293594274	0.9103347431498146
cand_chr21_276	chr21	36434199	36534199	100000	100000	100195	4323	4717	133036	1861490	2.18228	17.0	0.04323	1.0911404117510988	1.00195	-1.3642147644663483	0.03788064071205009	0.0008460496091732548	1.255272505103306	1.9006113631664572	0.8805090126967058	0.19539910894583154	0.6726363633692244	0.9122889620445547
cand_chr21_364	chr21	45434199	45534199	100000	100000	96970	5309	5866	89525	3855136	2.20983	22.0	0.05309	1.1049161800715763	0.9697	-1.274987274658843	0.043329333303376266	-0.013362604389846126	1.3617278360175928	3.0517832594123067	1.3649072960179227	-1.4905298379069007	1.22316629894545	1.0373317541171945
cand_chr21_114	chr21	20234199	20334199	100000	100000	99327	3472	3822	75134	1968462	2.20161	40.0	0.03472	1.1008064516129032	0.99327	-1.4594202834955456	0.04171096621453978	-0.0029326814428083897	1.6127838567197355	0.6723136926800142	1.2210316365865386	-0.2529665183223676	2.5214935289313103	1.0404680849688739
cand_chr21_334	chr21	42234199	42334199	100000	100000	99505	3729	4165	56618	1842944	2.23384	26.0	0.03729	1.11692142665594	0.99505	-1.4284076166386928	0.04802262238149921	-0.002155095959282231	1.4313637641589874	1.0724248085509578	1.7821488882839374	-0.1607020522146205	1.5832860102292334	1.069289413712377
cand_chr21_042	chr21	13034199	13134199	100000	100000	97618	5705	6355	120725	3303720	2.22787	15.0	0.05705	1.1139351446099912	0.97618	-1.2437443512457667	0.04685990613579353	-0.01047009442444308	1.2041199826559248	3.4548650391114353	1.6787813842507473	-1.1473188426873993	0.4081029234216071	1.0986076260240976
cand_chr21_117	chr21	20534199	20634199	100000	100000	99317	3465	3775	82923	2009496	2.17893	56.0	0.03465	1.0894660894660897	0.99317	-1.4602967610521744	0.03721371701738159	-0.0029764073527044927	1.7558748556724915	0.6610057837266411	0.8212183319712152	-0.2581548195665532	3.2614835111936866	1.1213882018312473
cand_chr21_353	chr21	44334199	44434199	100000	100000	96026	4835	5610	86865	5328470	2.32058	22.0	0.04835	1.1602895553257495	0.96026	-1.3156035215809796	0.06456638283714085	-0.01761116146327509	1.3617278360175928	2.5277711854582465	3.252918073748252	-1.9946427083409448	1.22316629894545	1.252303212452751
cand_chr21_046	chr21	13434199	13534199	100000	100000	98328	3347	3773	59102	1906154	2.25456	54.0	0.03347	1.127278159545862	0.98328	-1.475344287642223	0.05203109284321844	-0.0073227943352516455	1.7403626894942439	0.46686953988692115	2.1385089100424794	-0.7738757054862097	3.1812628987225806	1.2531914107914428
cand_chr21_244	chr21	33234199	33334199	100000	100000	97817	2895	3353	82844	4001353	2.31641	66.0	0.02895	1.1582037996545769	0.97817	-1.538351431936545	0.06378498536536506	-0.009585660911842462	1.8260748027008264	-0.3460195588740946	3.1834504743974867	-1.0423763153682788	3.6245200259745265	1.35489365653241
cand_chr21_284	chr21	37234199	37334199	100000	100000	99629	2913	3301	74418	1477659	2.26639	93.0	0.02913	1.1331960178510128	0.99629	-1.5356595153723327	0.054305039702644255	-0.0016142287772193484	1.9731278535996986	-0.3112896936448339	2.340666755545274	-0.09652541460310476	4.384999618140997	1.579462816359583
cand_chr21_354	chr21	44434199	44534199	100000	100000	97780	3982	4770	51612	2670493	2.39578	28.0	0.03982	1.1978905072827726	0.9778	-1.3998987443086093	0.07841712334872321	-0.009749967072183214	1.462397997898956	1.4402331229040144	4.484273084896925	-1.061872075620011	1.7437784398218745	1.6516031430007008
cand_chr21_195	chr21	28334199	28434199	100000	100000	100028	3051	3674	88377	1359885	2.40839	30.0	0.03051	1.204195345788266	1.00028	-1.515557792357593	0.0806969443273824	0.00012158543376645537	1.4913616938342726	-0.05194653997538693	4.6869531498542	0.1094377557901833	1.893563157227504	1.659501880724125
cand_chr21_313	chr21	40134199	40234199	100000	100000	99112	3673	4243	108358	2227670	2.31037	78.0	0.03673	1.1551864960522733	0.99112	-1.4349790716547062	0.0626521034213221	-0.003873760062893236	1.8976270912904414	0.987642928569816	3.082735291864782	-0.3646302752816663	3.9945501267619514	1.9250745179787208
cand_chr21_081	chr21	16934199	17034199	100000	100000	99500	3593	4472	83399	1759162	2.48928	30.0	0.03593	1.2446423601447258	0.995	-1.4445427827953505	0.09504457767371739	-0.002176919254274547	1.4913616938342726	0.864256340953439	5.9624828014536755	-0.1632914969815767	1.893563157227504	2.1392527006632602
cand_chr21_347	chr21	43734199	43834199	100000	100000	99659	4157	5339	95910	2024767	2.56868	45.0	0.04157	1.2843396680298291	0.99659	-1.3812199754937853	0.10867989635169406	-0.0014834749480323241	1.662757831681574	1.6812179781598007	7.174686435526199	-0.08101080881754225	2.7799321527178495	2.888706439396577
