BUILD_START=2026-09-16T02:31:08Z
LDFLAGS=-Wl,-rpath,/opt/homebrew/Caskroom/miniforge/base/envs/bh26/lib 
OS is Mac
Compiler c++ is Clang
OMP source is Homebrew libomp global install
CXXFLAGS are -std=c++20 -O3 -Werror=return-type -ggdb -g   -Xpreprocessor -fopenmp
LDFLAGS are -Wl,-rpath,/opt/homebrew/Caskroom/miniforge/base/envs/bh26/lib  -L/usr/local/lib -L/opt/homebrew/Caskroom/miniforge/base/envs/bh26/lib
Check Git
cp -r deps/gcsa2/include/gcsa /Users/kazumichi/Downloads/BioHack26/PGGB_short_reads_mapping/software/vg/include/ && cd deps/gcsa2 && /Library/Developer/CommandLineTools/usr/bin/make clean && make directories && CFLAGS="-fPIC " CXXFLAGS="-fPIC -std=c++20 -O3 -Werror=return-type -ggdb -g   -Xpreprocessor -fopenmp" AS_INTEGRATED_ASSEMBLER=1 /Library/Developer/CommandLineTools/usr/bin/make lib/libgcsa2.a 2>&1 | python3 /Users/kazumichi/Downloads/BioHack26/PGGB_short_reads_mapping/software/vg/scripts/filter-noisy-assembler-warnings.py && mv lib/libgcsa2.a /Users/kazumichi/Downloads/BioHack26/PGGB_short_reads_mapping/software/vg/lib
cp -r deps/gbwt/include/gbwt /Users/kazumichi/Downloads/BioHack26/PGGB_short_reads_mapping/software/vg/include/ && cd deps/gbwt && /Library/Developer/CommandLineTools/usr/bin/make clean && CFLAGS="-fPIC " CXXFLAGS="-fPIC -std=c++20 -O3 -Werror=return-type -ggdb -g   -Xpreprocessor -fopenmp" AS_INTEGRATED_ASSEMBLER=1 /Library/Developer/CommandLineTools/usr/bin/make 2>&1 | python3 /Users/kazumichi/Downloads/BioHack26/PGGB_short_reads_mapping/software/vg/scripts/filter-noisy-assembler-warnings.py && mv lib/libgbwt.a /Users/kazumichi/Downloads/BioHack26/PGGB_short_reads_mapping/software/vg/lib
cd deps/tabixpp && rm -f tabix.o libtabixpp.a && CFLAGS="-fPIC " CXXFLAGS="-fPIC -std=c++20 -O3 -Werror=return-type -ggdb -g   -Xpreprocessor -fopenmp" INCLUDES="-I/Users/kazumichi/Downloads/BioHack26/PGGB_short_reads_mapping/software/vg/include -I/Users/kazumichi/Downloads/BioHack26/PGGB_short_reads_mapping/software/vg/include/GFAz -I. -I/Users/kazumichi/Downloads/BioHack26/PGGB_short_reads_mapping/software/vg/src -I/Users/kazumichi/Downloads/BioHack26/PGGB_short_reads_mapping/software/vg/src/unittest -I/Users/kazumichi/Downloads/BioHack26/PGGB_short_reads_mapping/software/vg/src/unittest/support -I/Users/kazumichi/Downloads/BioHack26/PGGB_short_reads_mapping/software/vg/src/subcommand -I/Users/kazumichi/Downloads/BioHack26/PGGB_short_reads_mapping/software/vg/include/dynamic -I/Users/kazumichi/Downloads/BioHack26/PGGB_short_reads_mapping/software/vg/include/cairo -DPROTOBUF_USE_DLLS -Wno-float-conversion -Wno-implicit-float-conversion -Wno-implicit-int-float-conversion -Wno-unknown-warning-option -Wno-unused-command-line-argument -DNOMINMAX -I/opt/homebrew/Caskroom/miniforge/base/envs/bh26/include  -isystem /usr/local/include -I/opt/homebrew/Caskroom/miniforge/base/envs/bh26/include" HTS_HEADERS="" /Library/Developer/CommandLineTools/usr/bin/make tabix.o 2>&1 | python3 /Users/kazumichi/Downloads/BioHack26/PGGB_short_reads_mapping/software/vg/scripts/filter-noisy-assembler-warnings.py && ar rcs libtabixpp.a tabix.o
cd deps/sublinear-Li-Stephens && /Library/Developer/CommandLineTools/usr/bin/make clean && CFLAGS="-fPIC " CXXFLAGS="-fPIC -std=c++20 -O3 -ggdb -g -Xpreprocessor -fopenmp" INCLUDE_FLAGS="-I/Users/kazumichi/Downloads/BioHack26/PGGB_short_reads_mapping/software/vg/include" /Library/Developer/CommandLineTools/usr/bin/make libs 2>&1 | python3 /Users/kazumichi/Downloads/BioHack26/PGGB_short_reads_mapping/software/vg/scripts/filter-noisy-assembler-warnings.py && cp lib/libsublinearLS.a /Users/kazumichi/Downloads/BioHack26/PGGB_short_reads_mapping/software/vg/lib/ && mkdir -p /Users/kazumichi/Downloads/BioHack26/PGGB_short_reads_mapping/software/vg/include/sublinearLS && cp src/*.hpp /Users/kazumichi/Downloads/BioHack26/PGGB_short_reads_mapping/software/vg/include/sublinearLS/
rm -Rf /Users/kazumichi/Downloads/BioHack26/PGGB_short_reads_mapping/software/vg/include/bdsg && cd deps/libbdsg && /Library/Developer/CommandLineTools/usr/bin/make clean && CPLUS_INCLUDE_PATH=/Users/kazumichi/Downloads/BioHack26/PGGB_short_reads_mapping/software/vg/include:/Users/kazumichi/Downloads/BioHack26/PGGB_short_reads_mapping/software/vg/include/dynamic: CXXFLAGS="-I/Users/kazumichi/Downloads/BioHack26/PGGB_short_reads_mapping/software/vg/include -I/Users/kazumichi/Downloads/BioHack26/PGGB_short_reads_mapping/software/vg/include/GFAz -I. -I/Users/kazumichi/Downloads/BioHack26/PGGB_short_reads_mapping/software/vg/src -I/Users/kazumichi/Downloads/BioHack26/PGGB_short_reads_mapping/software/vg/src/unittest -I/Users/kazumichi/Downloads/BioHack26/PGGB_short_reads_mapping/software/vg/src/unittest/support -I/Users/kazumichi/Downloads/BioHack26/PGGB_short_reads_mapping/software/vg/src/subcommand -I/Users/kazumichi/Downloads/BioHack26/PGGB_short_reads_mapping/software/vg/include/dynamic -I/Users/kazumichi/Downloads/BioHack26/PGGB_short_reads_mapping/software/vg/include/cairo -DPROTOBUF_USE_DLLS -Wno-float-conversion -Wno-implicit-float-conversion -Wno-implicit-int-float-conversion -Wno-unknown-warning-option -Wno-unused-command-line-argument -DNOMINMAX -I/opt/homebrew/Caskroom/miniforge/base/envs/bh26/include  -isystem /usr/local/include -I/opt/homebrew/Caskroom/miniforge/base/envs/bh26/include -fPIC -std=c++20 -O3 -Werror=return-type -ggdb -g   -Xpreprocessor -fopenmp" /Library/Developer/CommandLineTools/usr/bin/make 2>&1 | python3 /Users/kazumichi/Downloads/BioHack26/PGGB_short_reads_mapping/software/vg/scripts/filter-noisy-assembler-warnings.py && cp lib/libbdsg.a /Users/kazumichi/Downloads/BioHack26/PGGB_short_reads_mapping/software/vg/lib && cp -r bdsg/include/* /Users/kazumichi/Downloads/BioHack26/PGGB_short_reads_mapping/software/vg/include
rm -f lib/libxg.a
export PATH="${HOME}/.local/bin:${PATH}" && cd deps/cairo && rm -Rf build && PKG_CONFIG_PATH=/Users/kazumichi/Downloads/BioHack26/PGGB_short_reads_mapping/software/vg/lib/pkgconfig:/opt/homebrew/Caskroom/miniforge/base/envs/bh26/lib/pkgconfig:/opt/homebrew/Caskroom/miniforge/base/envs/bh26/share/pkgconfig meson setup --prefix /Users/kazumichi/Downloads/BioHack26/PGGB_short_reads_mapping/software/vg -Ddefault_library=both -Dlibdir=lib --auto-features=disabled -Dpng=enabled -Dfontconfig=enabled -Dfreetype=enabled build/ && ninja -C build && ninja -C build install
cd deps/sparsehash && ./autogen.sh && LDFLAGS="-L/Users/kazumichi/Downloads/BioHack26/PGGB_short_reads_mapping/software/vg/lib -Wl,-rpath,/opt/homebrew/Caskroom/miniforge/base/envs/bh26/lib  -L/usr/local/lib -L/opt/homebrew/Caskroom/miniforge/base/envs/bh26/lib" ./configure --prefix=/Users/kazumichi/Downloads/BioHack26/PGGB_short_reads_mapping/software/vg 2>&1 | python3 /Users/kazumichi/Downloads/BioHack26/PGGB_short_reads_mapping/software/vg/scripts/filter-noisy-assembler-warnings.py && /Library/Developer/CommandLineTools/usr/bin/make src/sparsehash/internal/sparseconfig.h 2>&1 | python3 /Users/kazumichi/Downloads/BioHack26/PGGB_short_reads_mapping/software/vg/scripts/filter-noisy-assembler-warnings.py && /Library/Developer/CommandLineTools/usr/bin/make install-data 2>&1 | python3 /Users/kazumichi/Downloads/BioHack26/PGGB_short_reads_mapping/software/vg/scripts/filter-noisy-assembler-warnings.py
cd deps/raptor/build && mkdir -p /Users/kazumichi/Downloads/BioHack26/PGGB_short_reads_mapping/software/vg/include/raptor2 && cp src/*.h /Users/kazumichi/Downloads/BioHack26/PGGB_short_reads_mapping/software/vg/include/raptor2
cp -r deps/xg/src/*.hpp /Users/kazumichi/Downloads/BioHack26/PGGB_short_reads_mapping/software/vg/include
c++ -fPIC -std=c++20 -O3 -Werror=return-type -ggdb -g   -Xpreprocessor -fopenmp -fPIC -c tabix.cpp -I/Users/kazumichi/Downloads/BioHack26/PGGB_short_reads_mapping/software/vg/include -I/Users/kazumichi/Downloads/BioHack26/PGGB_short_reads_mapping/software/vg/include/GFAz -I. -I/Users/kazumichi/Downloads/BioHack26/PGGB_short_reads_mapping/software/vg/src -I/Users/kazumichi/Downloads/BioHack26/PGGB_short_reads_mapping/software/vg/src/unittest -I/Users/kazumichi/Downloads/BioHack26/PGGB_short_reads_mapping/software/vg/src/unittest/support -I/Users/kazumichi/Downloads/BioHack26/PGGB_short_reads_mapping/software/vg/src/subcommand -I/Users/kazumichi/Downloads/BioHack26/PGGB_short_reads_mapping/software/vg/include/dynamic -I/Users/kazumichi/Downloads/BioHack26/PGGB_short_reads_mapping/software/vg/include/cairo -DPROTOBUF_USE_DLLS -Wno-float-conversion -Wno-implicit-float-conversion -Wno-implicit-int-float-conversion -Wno-unknown-warning-option -Wno-unused-command-line-argument -DNOMINMAX -I/opt/homebrew/Caskroom/miniforge/base/envs/bh26/include  -isystem /usr/local/include -I/opt/homebrew/Caskroom/miniforge/base/envs/bh26/include
rm -f /Users/kazumichi/Downloads/BioHack26/PGGB_short_reads_mapping/software/vg/deps/sublinear-Li-Stephens/bin/* /Users/kazumichi/Downloads/BioHack26/PGGB_short_reads_mapping/software/vg/deps/sublinear-Li-Stephens/obj/*.o /Users/kazumichi/Downloads/BioHack26/PGGB_short_reads_mapping/software/vg/deps/sublinear-Li-Stephens/obj/test/*.o /Users/kazumichi/Downloads/BioHack26/PGGB_short_reads_mapping/software/vg/deps/sublinear-Li-Stephens/lib/*
c++ -I/Users/kazumichi/Downloads/BioHack26/PGGB_short_reads_mapping/software/vg/include -I/Users/kazumichi/Downloads/BioHack26/PGGB_short_reads_mapping/software/vg/include/GFAz -I. -I/Users/kazumichi/Downloads/BioHack26/PGGB_short_reads_mapping/software/vg/src -I/Users/kazumichi/Downloads/BioHack26/PGGB_short_reads_mapping/software/vg/src/unittest -I/Users/kazumichi/Downloads/BioHack26/PGGB_short_reads_mapping/software/vg/src/unittest/support -I/Users/kazumichi/Downloads/BioHack26/PGGB_short_reads_mapping/software/vg/src/subcommand -I/Users/kazumichi/Downloads/BioHack26/PGGB_short_reads_mapping/software/vg/include/dynamic -I/Users/kazumichi/Downloads/BioHack26/PGGB_short_reads_mapping/software/vg/include/cairo -DPROTOBUF_USE_DLLS -Wno-float-conversion -Wno-implicit-float-conversion -Wno-implicit-int-float-conversion -Wno-unknown-warning-option -Wno-unused-command-line-argument -DNOMINMAX -I/opt/homebrew/Caskroom/miniforge/base/envs/bh26/include  -isystem /usr/local/include -I/opt/homebrew/Caskroom/miniforge/base/envs/bh26/include -std=c++20 -O3 -Werror=return-type -ggdb -g   -Xpreprocessor -fopenmp -fPIC -DNO_GFAKLUGE -c -o deps/xg/xg.o deps/xg/src/xg.cpp 2>&1 | python3 /Users/kazumichi/Downloads/BioHack26/PGGB_short_reads_mapping/software/vg/scripts/filter-noisy-assembler-warnings.py
touch include/raptor2/raptor2.h
+ rm -rf autom4te.cache
+ aclocal --force -I m4
if [ ! -d /Users/kazumichi/Downloads/BioHack26/PGGB_short_reads_mapping/software/vg/deps/sublinear-Li-Stephens/obj ]; then mkdir -p /Users/kazumichi/Downloads/BioHack26/PGGB_short_reads_mapping/software/vg/deps/sublinear-Li-Stephens/obj; fi
c++  -fPIC -std=c++20 -O3 -ggdb -g -Xpreprocessor -fopenmp -std=c++11 -g -I/Users/kazumichi/Downloads/BioHack26/PGGB_short_reads_mapping/software/vg/include -L. -L/Users/kazumichi/Downloads/BioHack26/PGGB_short_reads_mapping/software/vg/deps/sublinear-Li-Stephens/deps/htslib/ -lhts -llzma -lbz2 -lz -lm -lpthread -c /Users/kazumichi/Downloads/BioHack26/PGGB_short_reads_mapping/software/vg/deps/sublinear-Li-Stephens/src/math.cpp -o /Users/kazumichi/Downloads/BioHack26/PGGB_short_reads_mapping/software/vg/deps/sublinear-Li-Stephens/obj/math.o
c++  -fPIC -std=c++20 -O3 -ggdb -g -Xpreprocessor -fopenmp -std=c++11 -g -I/Users/kazumichi/Downloads/BioHack26/PGGB_short_reads_mapping/software/vg/include -L. -L/Users/kazumichi/Downloads/BioHack26/PGGB_short_reads_mapping/software/vg/deps/sublinear-Li-Stephens/deps/htslib/ -lhts -llzma -lbz2 -lz -lm -lpthread -c /Users/kazumichi/Downloads/BioHack26/PGGB_short_reads_mapping/software/vg/deps/sublinear-Li-Stephens/src/reference.cpp -o /Users/kazumichi/Downloads/BioHack26/PGGB_short_reads_mapping/software/vg/deps/sublinear-Li-Stephens/obj/reference.o
c++  -fPIC -std=c++20 -O3 -ggdb -g -Xpreprocessor -fopenmp -std=c++11 -g -I/Users/kazumichi/Downloads/BioHack26/PGGB_short_reads_mapping/software/vg/include -L. -L/Users/kazumichi/Downloads/BioHack26/PGGB_short_reads_mapping/software/vg/deps/sublinear-Li-Stephens/deps/htslib/ -lhts -llzma -lbz2 -lz -lm -lpthread -c /Users/kazumichi/Downloads/BioHack26/PGGB_short_reads_mapping/software/vg/deps/sublinear-Li-Stephens/src/probability.cpp -o /Users/kazumichi/Downloads/BioHack26/PGGB_short_reads_mapping/software/vg/deps/sublinear-Li-Stephens/obj/probability.o
The compiler is Apple Clang that needs libomp for OpenMP support.
if [ ! -d /Users/kazumichi/Downloads/BioHack26/PGGB_short_reads_mapping/software/vg/deps/sublinear-Li-Stephens/obj/test ]; then mkdir -p /Users/kazumichi/Downloads/BioHack26/PGGB_short_reads_mapping/software/vg/deps/sublinear-Li-Stephens/obj/test; fi
[ ! -e bdsg/obj ] || rm -r bdsg/obj
Found libomp installed by Homebrew and linked to /opt/homebrew/Caskroom/miniforge/base/envs/bh26.
rm -rf bin lib obj
if [ ! -d /Users/kazumichi/Downloads/BioHack26/PGGB_short_reads_mapping/software/vg/deps/sublinear-Li-Stephens/bin ]; then mkdir -p /Users/kazumichi/Downloads/BioHack26/PGGB_short_reads_mapping/software/vg/deps/sublinear-Li-Stephens/bin; fi
rm -f *.o *.a build_gcsa convert_graph gcsa_format try_extend
clang++: warning: -lhts: 'linker' input unused [-Wunused-command-line-argument]
clang++: warning: -llzma: 'linker' input unused [-Wunused-command-line-argument]
clang++: warning: -lbz2: 'linker' input unused [-Wunused-command-line-argument]
clang++: warning: -lz: 'linker' input unused [-Wunused-command-line-argument]
clang++: warning: -lm: 'linker' input unused [-Wunused-command-line-argument]
clang++: warning: -lpthread: 'linker' input unused [-Wunused-command-line-argument]
clang++: warning: argument unused during compilation: '-L.' [-Wunused-command-line-argument]
clang++: warning: argument unused during compilation: '-L/Users/kazumichi/Downloads/BioHack26/PGGB_short_reads_mapping/software/vg/deps/sublinear-Li-Stephens/deps/htslib/' [-Wunused-command-line-argument]
clang++: warning: -lhts: 'linker' input unused [-Wunused-command-line-argument]
clang++: warning: -llzma: 'linker' input unused [-Wunused-command-line-argument]
clang++: warning: -lbz2: 'linker' input unused [-Wunused-command-line-argument]
clang++: warning: -lz: 'linker' input unused [-Wunused-command-line-argument]
clang++: warning: -lm: 'linker' input unused [-Wunused-command-line-argument]
clang++: warning: -lpthread: 'linker' input unused [-Wunused-command-line-argument]
clang++: warning: argument unused during compilation: '-L.' [-Wunused-command-line-argument]
clang++: warning: argument unused during compilation: '-L/Users/kazumichi/Downloads/BioHack26/PGGB_short_reads_mapping/software/vg/deps/sublinear-Li-Stephens/deps/htslib/' [-Wunused-command-line-argument]
clang++: warning: -lhts: 'linker' input unused [-Wunused-command-line-argument]
clang++: warning: -llzma: 'linker' input unused [-Wunused-command-line-argument]
clang++: warning: -lbz2: 'linker' input unused [-Wunused-command-line-argument]
clang++: warning: -lz: 'linker' input unused [-Wunused-command-line-argument]
clang++: warning: -lm: 'linker' input unused [-Wunused-command-line-argument]
clang++: warning: -lpthread: 'linker' input unused [-Wunused-command-line-argument]
clang++: warning: argument unused during compilation: '-L.' [-Wunused-command-line-argument]
clang++: warning: argument unused during compilation: '-L/Users/kazumichi/Downloads/BioHack26/PGGB_short_reads_mapping/software/vg/deps/sublinear-Li-Stephens/deps/htslib/' [-Wunused-command-line-argument]
[ ! -e lib ] || rm -r lib
Found libzstd.
if [ ! -d /Users/kazumichi/Downloads/BioHack26/PGGB_short_reads_mapping/software/vg/deps/sublinear-Li-Stephens/lib ]; then mkdir -p /Users/kazumichi/Downloads/BioHack26/PGGB_short_reads_mapping/software/vg/deps/sublinear-Li-Stephens/lib; fi
cd benchmark && /Library/Developer/CommandLineTools/usr/bin/make clean
[ ! -e bin ] || rm -r bin
if [ ! -d /Users/kazumichi/Downloads/BioHack26/PGGB_short_reads_mapping/software/vg/deps/sublinear-Li-Stephens/deps ]; then mkdir -p /Users/kazumichi/Downloads/BioHack26/PGGB_short_reads_mapping/software/vg/deps/sublinear-Li-Stephens/deps; fi
c++  -fPIC -std=c++20 -O3 -ggdb -g -Xpreprocessor -fopenmp -std=c++11 -g -I/Users/kazumichi/Downloads/BioHack26/PGGB_short_reads_mapping/software/vg/include -L. -L/Users/kazumichi/Downloads/BioHack26/PGGB_short_reads_mapping/software/vg/deps/sublinear-Li-Stephens/deps/htslib/ -lhts -llzma -lbz2 -lz -lm -lpthread -c /Users/kazumichi/Downloads/BioHack26/PGGB_short_reads_mapping/software/vg/deps/sublinear-Li-Stephens/src/input_haplotype.cpp -o /Users/kazumichi/Downloads/BioHack26/PGGB_short_reads_mapping/software/vg/deps/sublinear-Li-Stephens/obj/input_haplotype.o
rm -f /Users/kazumichi/Downloads/BioHack26/PGGB_short_reads_mapping/software/vg/include/vg.pb.h /Users/kazumichi/Downloads/BioHack26/PGGB_short_reads_mapping/software/vg/include/vg/vg.pb.h
rm -Rf /Users/kazumichi/Downloads/BioHack26/PGGB_short_reads_mapping/software/vg/include/vg/io/
The compiler is Apple Clang that needs libomp for OpenMP support.
export CXXFLAGS="-std=c++20 -O3 -Werror=return-type -ggdb -g   -Xpreprocessor -fopenmp" && export LDFLAGS="-L/Users/kazumichi/Downloads/BioHack26/PGGB_short_reads_mapping/software/vg/lib -Wl,-rpath,/opt/homebrew/Caskroom/miniforge/base/envs/bh26/lib  -L/usr/local/lib -L/opt/homebrew/Caskroom/miniforge/base/envs/bh26/lib" && cd deps/libvgio && rm -Rf CMakeCache.txt CMakeFiles *.cmake install_manifest.txt *.pb.cc *.pb.h *.a && rm -rf build-vg && mkdir build-vg && cd build-vg && PKG_CONFIG_PATH=/Users/kazumichi/Downloads/BioHack26/PGGB_short_reads_mapping/software/vg/lib/pkgconfig:/opt/homebrew/Caskroom/miniforge/base/envs/bh26/lib/pkgconfig:/opt/homebrew/Caskroom/miniforge/base/envs/bh26/share/pkgconfig cmake -DCMAKE_C_COMPILER="cc" -DCMAKE_CXX_COMPILER="c++" -DCMAKE_CXX_STANDARD=20 -DCMAKE_VERBOSE_MAKEFILE=ON -DCMAKE_PREFIX_PATH="/usr;/;/opt/homebrew/Caskroom/miniforge/base/envs/bh26" -DCMAKE_INSTALL_PREFIX=/Users/kazumichi/Downloads/BioHack26/PGGB_short_reads_mapping/software/vg -DCMAKE_INSTALL_LIBDIR=lib -DUSE_INSTALLED_LIBHANDLEGRAPH_ONLY=ON .. 2>&1 | python3 /Users/kazumichi/Downloads/BioHack26/PGGB_short_reads_mapping/software/vg/scripts/filter-noisy-assembler-warnings.py && /Library/Developer/CommandLineTools/usr/bin/make clean && VERBOSE=1 /Library/Developer/CommandLineTools/usr/bin/make 2>&1 | python3 /Users/kazumichi/Downloads/BioHack26/PGGB_short_reads_mapping/software/vg/scripts/filter-noisy-assembler-warnings.py && /Library/Developer/CommandLineTools/usr/bin/make install
clang++: warning: -lhts: 'linker' input unused [-Wunused-command-line-argument]
clang++: warning: -llzma: 'linker' input unused [-Wunused-command-line-argument]
clang++: warning: -lbz2: 'linker' input unused [-Wunused-command-line-argument]
clang++: warning: -lz: 'linker' input unused [-Wunused-command-line-argument]
clang++: warning: -lm: 'linker' input unused [-Wunused-command-line-argument]
clang++: warning: -lpthread: 'linker' input unused [-Wunused-command-line-argument]
clang++: warning: argument unused during compilation: '-L.' [-Wunused-command-line-argument]
clang++: warning: argument unused during compilation: '-L/Users/kazumichi/Downloads/BioHack26/PGGB_short_reads_mapping/software/vg/deps/sublinear-Li-Stephens/deps/htslib/' [-Wunused-command-line-argument]
Found libomp installed by Homebrew and linked to /opt/homebrew/Caskroom/miniforge/base/envs/bh26.
rm -rf bin lib obj
rm -f *.o *.a build_gbwt build_ri merge_gbwt benchmark metadata_tool remove_seq
The compiler is Apple Clang that needs libomp for OpenMP support.
cd tests && /Library/Developer/CommandLineTools/usr/bin/make clean
Found libomp installed by Homebrew and linked to /opt/homebrew/Caskroom/miniforge/base/envs/bh26.
rm -f count_kmers query_gcsa csa_builder csa_query *.o
c++ -Wl,-rpath,/opt/homebrew/Caskroom/miniforge/base/envs/bh26/lib  -L/usr/local/lib -L/opt/homebrew/Caskroom/miniforge/base/envs/bh26/lib  -MMD -MP -O3 -Werror=return-type -std=c++17 -ggdb -g -Ibdsg/include -I/Users/kazumichi/Downloads/BioHack26/PGGB_short_reads_mapping/software/vg/include -I/Users/kazumichi/Downloads/BioHack26/PGGB_short_reads_mapping/software/vg/include/GFAz -I. -I/Users/kazumichi/Downloads/BioHack26/PGGB_short_reads_mapping/software/vg/src -I/Users/kazumichi/Downloads/BioHack26/PGGB_short_reads_mapping/software/vg/src/unittest -I/Users/kazumichi/Downloads/BioHack26/PGGB_short_reads_mapping/software/vg/src/unittest/support -I/Users/kazumichi/Downloads/BioHack26/PGGB_short_reads_mapping/software/vg/src/subcommand -I/Users/kazumichi/Downloads/BioHack26/PGGB_short_reads_mapping/software/vg/include/dynamic -I/Users/kazumichi/Downloads/BioHack26/PGGB_short_reads_mapping/software/vg/include/cairo -DPROTOBUF_USE_DLLS -Wno-float-conversion -Wno-implicit-float-conversion -Wno-implicit-int-float-conversion -Wno-unknown-warning-option -Wno-unused-command-line-argument -DNOMINMAX -I/opt/homebrew/Caskroom/miniforge/base/envs/bh26/include  -isystem /usr/local/include -I/opt/homebrew/Caskroom/miniforge/base/envs/bh26/include -fPIC -std=c++20 -O3 -Werror=return-type -ggdb -g   -Xpreprocessor -fopenmp -Xpreprocessor -fopenmp -c bdsg/src/eades_algorithm.cpp -o bdsg/obj/eades_algorithm.o
The compiler is Apple Clang that needs libomp for OpenMP support.
Found libzstd.
Found libomp installed by Homebrew and linked to /opt/homebrew/Caskroom/miniforge/base/envs/bh26.
mkdir -p bin
mkdir -p lib
mkdir -p obj
The compiler is Apple Clang that needs libomp for OpenMP support.
Found libomp installed by Homebrew and linked to /opt/homebrew/Caskroom/miniforge/base/envs/bh26.
rm -f test_utils test_support test_metadata test_gbwt test_bwtmerge test_queries test_variants *.o
The compiler is Apple Clang that needs libomp for OpenMP support.
Found libomp installed by Homebrew and linked to /opt/homebrew/Caskroom/miniforge/base/envs/bh26.
/usr/bin/c++  -fPIC -std=c++20 -O3 -Werror=return-type -ggdb -g   -Xpreprocessor -fopenmp -fPIC -std=c++20 -O3 -Werror=return-type -ggdb -g   -Xpreprocessor -fopenmp -std=c++17 -DNDEBUG -stdlib=libc++   -Xpreprocessor -fopenmp -pthread -I/opt/homebrew/Caskroom/miniforge/base/envs/bh26/include -O3 -ffast-math -funroll-loops -D__extern_always_inline="extern __always_inline"  -Iinclude -I/Users/kazumichi/Downloads/BioHack26/PGGB_short_reads_mapping/software/vg/include -c -o obj/algorithms.o src/algorithms.cpp
+ autoconf -f -W all,no-obsolete
Found libzstd.
The compiler is Apple Clang that needs libomp for OpenMP support.
Found libomp installed by Homebrew and linked to /opt/homebrew/Caskroom/miniforge/base/envs/bh26.
mkdir -p bin
mkdir -p lib
mkdir -p obj
-- The CXX compiler identification is AppleClang 21.0.0.21000334
c++  -fPIC -std=c++20 -O3 -ggdb -g -Xpreprocessor -fopenmp -std=c++11 -g -I/Users/kazumichi/Downloads/BioHack26/PGGB_short_reads_mapping/software/vg/include -L. -L/Users/kazumichi/Downloads/BioHack26/PGGB_short_reads_mapping/software/vg/deps/sublinear-Li-Stephens/deps/htslib/ -lhts -llzma -lbz2 -lz -lm -lpthread -c /Users/kazumichi/Downloads/BioHack26/PGGB_short_reads_mapping/software/vg/deps/sublinear-Li-Stephens/src/delay_multiplier.cpp -o /Users/kazumichi/Downloads/BioHack26/PGGB_short_reads_mapping/software/vg/deps/sublinear-Li-Stephens/obj/delay_multiplier.o
/Users/kazumichi/Downloads/BioHack26/PGGB_short_reads_mapping/software/vg/deps/sublinear-Li-Stephens/src/probability.cpp:130:9: warning: expression result unused [-Wunused-value]
  130 |     for(it; it != rows_end; ++it) {
      |         ^~
/Users/kazumichi/Downloads/BioHack26/PGGB_short_reads_mapping/software/vg/deps/sublinear-Li-Stephens/src/probability.cpp:152:7: warning: expression result unused [-Wunused-value]
  152 |   for(it; it != rows_end; ++it) {
      |       ^~
/Users/kazumichi/Downloads/BioHack26/PGGB_short_reads_mapping/software/vg/deps/sublinear-Li-Stephens/src/probability.cpp:189:11: warning: expression result unused [-Wunused-value]
  189 |       for(it; it != end; ++it) {
      |           ^~
/usr/bin/c++  -fPIC -std=c++20 -O3 -Werror=return-type -ggdb -g   -Xpreprocessor -fopenmp -fPIC -std=c++20 -O3 -Werror=return-type -ggdb -g   -Xpreprocessor -fopenmp -std=c++17 -DNDEBUG -stdlib=libc++  -Xpreprocessor -fopenmp -pthread -O3 -ffast-math -funroll-loops -D__extern_always_inline="extern __always_inline"  -Iinclude -I/Users/kazumichi/Downloads/BioHack26/PGGB_short_reads_mapping/software/vg/include -I/opt/homebrew/Caskroom/miniforge/base/envs/bh26/include -I/opt/homebrew/Caskroom/miniforge/base/envs/bh26/include -c -o obj/algorithms.o src/algorithms.cpp
clang++: warning: -lhts: 'linker' input unused [-Wunused-command-line-argument]
clang++: warning: -llzma: 'linker' input unused [-Wunused-command-line-argument]
clang++: warning: -lbz2: 'linker' input unused [-Wunused-command-line-argument]
clang++: warning: -lz: 'linker' input unused [-Wunused-command-line-argument]
clang++: warning: -lm: 'linker' input unused [-Wunused-command-line-argument]
clang++: warning: -lpthread: 'linker' input unused [-Wunused-command-line-argument]
clang++: warning: argument unused during compilation: '-L.' [-Wunused-command-line-argument]
clang++: warning: argument unused during compilation: '-L/Users/kazumichi/Downloads/BioHack26/PGGB_short_reads_mapping/software/vg/deps/sublinear-Li-Stephens/deps/htslib/' [-Wunused-command-line-argument]
-- Detecting CXX compiler ABI info
+ autoheader -f -W all
c++ -Wl,-rpath,/opt/homebrew/Caskroom/miniforge/base/envs/bh26/lib  -L/usr/local/lib -L/opt/homebrew/Caskroom/miniforge/base/envs/bh26/lib  -MMD -MP -O3 -Werror=return-type -std=c++17 -ggdb -g -Ibdsg/include -I/Users/kazumichi/Downloads/BioHack26/PGGB_short_reads_mapping/software/vg/include -I/Users/kazumichi/Downloads/BioHack26/PGGB_short_reads_mapping/software/vg/include/GFAz -I. -I/Users/kazumichi/Downloads/BioHack26/PGGB_short_reads_mapping/software/vg/src -I/Users/kazumichi/Downloads/BioHack26/PGGB_short_reads_mapping/software/vg/src/unittest -I/Users/kazumichi/Downloads/BioHack26/PGGB_short_reads_mapping/software/vg/src/unittest/support -I/Users/kazumichi/Downloads/BioHack26/PGGB_short_reads_mapping/software/vg/src/subcommand -I/Users/kazumichi/Downloads/BioHack26/PGGB_short_reads_mapping/software/vg/include/dynamic -I/Users/kazumichi/Downloads/BioHack26/PGGB_short_reads_mapping/software/vg/include/cairo -DPROTOBUF_USE_DLLS -Wno-float-conversion -Wno-implicit-float-conversion -Wno-implicit-int-float-conversion -Wno-unknown-warning-option -Wno-unused-command-line-argument -DNOMINMAX -I/opt/homebrew/Caskroom/miniforge/base/envs/bh26/include  -isystem /usr/local/include -I/opt/homebrew/Caskroom/miniforge/base/envs/bh26/include -fPIC -std=c++20 -O3 -Werror=return-type -ggdb -g   -Xpreprocessor -fopenmp -Xpreprocessor -fopenmp -c bdsg/src/hash_graph.cpp -o bdsg/obj/hash_graph.o
3 warnings generated.
/usr/bin/c++  -fPIC -std=c++20 -O3 -Werror=return-type -ggdb -g   -Xpreprocessor -fopenmp -fPIC -std=c++20 -O3 -Werror=return-type -ggdb -g   -Xpreprocessor -fopenmp -std=c++17 -DNDEBUG -stdlib=libc++  -Xpreprocessor -fopenmp -pthread -O3 -ffast-math -funroll-loops -D__extern_always_inline="extern __always_inline"  -Iinclude -I/Users/kazumichi/Downloads/BioHack26/PGGB_short_reads_mapping/software/vg/include -I/opt/homebrew/Caskroom/miniforge/base/envs/bh26/include -I/opt/homebrew/Caskroom/miniforge/base/envs/bh26/include -c -o obj/bwtmerge.o src/bwtmerge.cpp
+ automake -a -c -f -W all
-- Detecting CXX compiler ABI info - done
/Users/kazumichi/Downloads/BioHack26/PGGB_short_reads_mapping/software/vg/deps/sublinear-Li-Stephens/src/delay_multiplier.cpp:126:7: warning: expression result unused [-Wunused-value]
  126 |   for(it; it != rows_end; ++it) {
      |       ^~
/Users/kazumichi/Downloads/BioHack26/PGGB_short_reads_mapping/software/vg/deps/sublinear-Li-Stephens/src/delay_multiplier.cpp:256:7: warning: expression result unused [-Wunused-value]
  256 |   for(it; it != rows_end; ++it) {
      |       ^~
/Users/kazumichi/Downloads/BioHack26/PGGB_short_reads_mapping/software/vg/deps/sublinear-Li-Stephens/src/delay_multiplier.cpp:262:7: warning: expression result unused [-Wunused-value]
  262 |   for(it; it != rows_end; ++it) {
      |       ^~
-- Check for working CXX compiler: /usr/bin/c++ - skipped
-- Detecting CXX compile features
-- Detecting CXX compile features - done
cp deps/tabixpp/libtabixpp.a lib && cp deps/tabixpp/tabix.hpp include
echo "Name: tabixpp" > lib/pkgconfig/tabixpp.pc
echo "Description: Self-packaged tabixpp" >> lib/pkgconfig/tabixpp.pc
echo "Version: 1.0" >> lib/pkgconfig/tabixpp.pc
echo "Cflags: -I/Users/kazumichi/Downloads/BioHack26/PGGB_short_reads_mapping/software/vg/include" >> lib/pkgconfig/tabixpp.pc
echo "Libs: -L/Users/kazumichi/Downloads/BioHack26/PGGB_short_reads_mapping/software/vg/lib -ltabixpp" >> lib/pkgconfig/tabixpp.pc
/usr/bin/c++  -fPIC -std=c++20 -O3 -Werror=return-type -ggdb -g   -Xpreprocessor -fopenmp -fPIC -std=c++20 -O3 -Werror=return-type -ggdb -g   -Xpreprocessor -fopenmp -std=c++17 -DNDEBUG -stdlib=libc++  -Xpreprocessor -fopenmp -pthread -O3 -ffast-math -funroll-loops -D__extern_always_inline="extern __always_inline"  -Iinclude -I/Users/kazumichi/Downloads/BioHack26/PGGB_short_reads_mapping/software/vg/include -I/opt/homebrew/Caskroom/miniforge/base/envs/bh26/include -I/opt/homebrew/Caskroom/miniforge/base/envs/bh26/include -c -o obj/cached_gbwt.o src/cached_gbwt.cpp
configure.ac:16: installing './compile'
Makefile.am:156: warning: source file 'src/hashtable_test.cc' is in a subdirectory,
Makefile.am:156: but option 'subdir-objects' is disabled
automake: warning: possible forward-incompatibility.
automake: At least one source file is in a subdirectory, but the 'subdir-objects'
automake: automake option hasn't been enabled.  For now, the corresponding output
automake: object file(s) will be placed in the top-level directory.  However, this
automake: behavior may change in a future Automake major version, with object
automake: files being placed in the same subdirectory as the corresponding sources.
automake: You are advised to start using 'subdir-objects' option throughout your
automake: project, to avoid future incompatibility.
Makefile.am:140: warning: source file 'src/libc_allocator_with_realloc_test.cc' is in a subdirectory,
Makefile.am:140: but option 'subdir-objects' is disabled
Makefile.am:172: warning: source file 'src/simple_compat_test.cc' is in a subdirectory,
Makefile.am:172: but option 'subdir-objects' is disabled
Makefile.am:166: warning: source file 'src/simple_test.cc' is in a subdirectory,
Makefile.am:166: but option 'subdir-objects' is disabled
Makefile.am:148: warning: source file 'src/sparsetable_unittest.cc' is in a subdirectory,
Makefile.am:148: but option 'subdir-objects' is disabled
Makefile.am:125: warning: source file 'src/template_util_unittest.cc' is in a subdirectory,
Makefile.am:125: but option 'subdir-objects' is disabled
Makefile.am:179: warning: source file 'src/time_hash_map.cc' is in a subdirectory,
Makefile.am:179: but option 'subdir-objects' is disabled
Makefile.am:132: warning: source file 'src/type_traits_unittest.cc' is in a subdirectory,
Makefile.am:132: but option 'subdir-objects' is disabled
3 warnings generated.
c++  -fPIC -std=c++20 -O3 -ggdb -g -Xpreprocessor -fopenmp -std=c++11 -g -I/Users/kazumichi/Downloads/BioHack26/PGGB_short_reads_mapping/software/vg/include -L. -L/Users/kazumichi/Downloads/BioHack26/PGGB_short_reads_mapping/software/vg/deps/sublinear-Li-Stephens/deps/htslib/ -lhts -llzma -lbz2 -lz -lm -lpthread -c /Users/kazumichi/Downloads/BioHack26/PGGB_short_reads_mapping/software/vg/deps/sublinear-Li-Stephens/src/DP_map.cpp -o /Users/kazumichi/Downloads/BioHack26/PGGB_short_reads_mapping/software/vg/deps/sublinear-Li-Stephens/obj/DP_map.o
parallel-tests: installing './test-driver'
clang++: warning: -lhts: 'linker' input unused [-Wunused-command-line-argument]
clang++: warning: -llzma: 'linker' input unused [-Wunused-command-line-argument]
clang++: warning: -lbz2: 'linker' input unused [-Wunused-command-line-argument]
clang++: warning: -lz: 'linker' input unused [-Wunused-command-line-argument]
clang++: warning: -lm: 'linker' input unused [-Wunused-command-line-argument]
clang++: warning: -lpthread: 'linker' input unused [-Wunused-command-line-argument]
clang++: warning: argument unused during compilation: '-L.' [-Wunused-command-line-argument]
clang++: warning: argument unused during compilation: '-L/Users/kazumichi/Downloads/BioHack26/PGGB_short_reads_mapping/software/vg/deps/sublinear-Li-Stephens/deps/htslib/' [-Wunused-command-line-argument]
+ rm -rf autom4te.cache
+ exit 0
c++ -Wl,-rpath,/opt/homebrew/Caskroom/miniforge/base/envs/bh26/lib  -L/usr/local/lib -L/opt/homebrew/Caskroom/miniforge/base/envs/bh26/lib  -MMD -MP -O3 -Werror=return-type -std=c++17 -ggdb -g -Ibdsg/include -I/Users/kazumichi/Downloads/BioHack26/PGGB_short_reads_mapping/software/vg/include -I/Users/kazumichi/Downloads/BioHack26/PGGB_short_reads_mapping/software/vg/include/GFAz -I. -I/Users/kazumichi/Downloads/BioHack26/PGGB_short_reads_mapping/software/vg/src -I/Users/kazumichi/Downloads/BioHack26/PGGB_short_reads_mapping/software/vg/src/unittest -I/Users/kazumichi/Downloads/BioHack26/PGGB_short_reads_mapping/software/vg/src/unittest/support -I/Users/kazumichi/Downloads/BioHack26/PGGB_short_reads_mapping/software/vg/src/subcommand -I/Users/kazumichi/Downloads/BioHack26/PGGB_short_reads_mapping/software/vg/include/dynamic -I/Users/kazumichi/Downloads/BioHack26/PGGB_short_reads_mapping/software/vg/include/cairo -DPROTOBUF_USE_DLLS -Wno-float-conversion -Wno-implicit-float-conversion -Wno-implicit-int-float-conversion -Wno-unknown-warning-option -Wno-unused-command-line-argument -DNOMINMAX -I/opt/homebrew/Caskroom/miniforge/base/envs/bh26/include  -isystem /usr/local/include -I/opt/homebrew/Caskroom/miniforge/base/envs/bh26/include -fPIC -std=c++20 -O3 -Werror=return-type -ggdb -g   -Xpreprocessor -fopenmp -Xpreprocessor -fopenmp -c bdsg/src/is_single_stranded.cpp -o bdsg/obj/is_single_stranded.o
c++ -Wl,-rpath,/opt/homebrew/Caskroom/miniforge/base/envs/bh26/lib  -L/usr/local/lib -L/opt/homebrew/Caskroom/miniforge/base/envs/bh26/lib  -MMD -MP -O3 -Werror=return-type -std=c++17 -ggdb -g -Ibdsg/include -I/Users/kazumichi/Downloads/BioHack26/PGGB_short_reads_mapping/software/vg/include -I/Users/kazumichi/Downloads/BioHack26/PGGB_short_reads_mapping/software/vg/include/GFAz -I. -I/Users/kazumichi/Downloads/BioHack26/PGGB_short_reads_mapping/software/vg/src -I/Users/kazumichi/Downloads/BioHack26/PGGB_short_reads_mapping/software/vg/src/unittest -I/Users/kazumichi/Downloads/BioHack26/PGGB_short_reads_mapping/software/vg/src/unittest/support -I/Users/kazumichi/Downloads/BioHack26/PGGB_short_reads_mapping/software/vg/src/subcommand -I/Users/kazumichi/Downloads/BioHack26/PGGB_short_reads_mapping/software/vg/include/dynamic -I/Users/kazumichi/Downloads/BioHack26/PGGB_short_reads_mapping/software/vg/include/cairo -DPROTOBUF_USE_DLLS -Wno-float-conversion -Wno-implicit-float-conversion -Wno-implicit-int-float-conversion -Wno-unknown-warning-option -Wno-unused-command-line-argument -DNOMINMAX -I/opt/homebrew/Caskroom/miniforge/base/envs/bh26/include  -isystem /usr/local/include -I/opt/homebrew/Caskroom/miniforge/base/envs/bh26/include -fPIC -std=c++20 -O3 -Werror=return-type -ggdb -g   -Xpreprocessor -fopenmp -Xpreprocessor -fopenmp -c bdsg/src/mapped_structs.cpp -o bdsg/obj/mapped_structs.o
/Users/kazumichi/Downloads/BioHack26/PGGB_short_reads_mapping/software/vg/deps/sublinear-Li-Stephens/src/DP_map.cpp:8:12: warning: equality comparison result unused [-Wunused-comparison]
    8 |   constant == 0;
      |   ~~~~~~~~~^~~~
/Users/kazumichi/Downloads/BioHack26/PGGB_short_reads_mapping/software/vg/deps/sublinear-Li-Stephens/src/DP_map.cpp:8:12: note: use '=' to turn this equality comparison into an assignment
    8 |   constant == 0;
      |            ^~
      |            =
1 warning generated.
/usr/bin/c++  -fPIC -std=c++20 -O3 -Werror=return-type -ggdb -g   -Xpreprocessor -fopenmp -fPIC -std=c++20 -O3 -Werror=return-type -ggdb -g   -Xpreprocessor -fopenmp -std=c++17 -DNDEBUG -stdlib=libc++  -Xpreprocessor -fopenmp -pthread -O3 -ffast-math -funroll-loops -D__extern_always_inline="extern __always_inline"  -Iinclude -I/Users/kazumichi/Downloads/BioHack26/PGGB_short_reads_mapping/software/vg/include -I/opt/homebrew/Caskroom/miniforge/base/envs/bh26/include -I/opt/homebrew/Caskroom/miniforge/base/envs/bh26/include -c -o obj/dynamic_gbwt.o src/dynamic_gbwt.cpp
checking for a BSD-compatible install... /usr/bin/install -c
checking whether sleep supports fractional seconds... yes
c++  -fPIC -std=c++20 -O3 -ggdb -g -Xpreprocessor -fopenmp -std=c++11 -g -I/Users/kazumichi/Downloads/BioHack26/PGGB_short_reads_mapping/software/vg/include -L. -L/Users/kazumichi/Downloads/BioHack26/PGGB_short_reads_mapping/software/vg/deps/sublinear-Li-Stephens/deps/htslib/ -lhts -llzma -lbz2 -lz -lm -lpthread -c /Users/kazumichi/Downloads/BioHack26/PGGB_short_reads_mapping/software/vg/deps/sublinear-Li-Stephens/src/penalty_set.cpp -o /Users/kazumichi/Downloads/BioHack26/PGGB_short_reads_mapping/software/vg/deps/sublinear-Li-Stephens/obj/penalty_set.o
clang++: warning: -lhts: 'linker' input unused [-Wunused-command-line-argument]
clang++: warning: -llzma: 'linker' input unused [-Wunused-command-line-argument]
clang++: warning: -lbz2: 'linker' input unused [-Wunused-command-line-argument]
clang++: warning: -lz: 'linker' input unused [-Wunused-command-line-argument]
clang++: warning: -lm: 'linker' input unused [-Wunused-command-line-argument]
clang++: warning: -lpthread: 'linker' input unused [-Wunused-command-line-argument]
clang++: warning: argument unused during compilation: '-L.' [-Wunused-command-line-argument]
clang++: warning: argument unused during compilation: '-L/Users/kazumichi/Downloads/BioHack26/PGGB_short_reads_mapping/software/vg/deps/sublinear-Li-Stephens/deps/htslib/' [-Wunused-command-line-argument]
In file included from deps/xg/src/xg.cpp:1:
In file included from deps/xg/src/xg.hpp:33:
/Users/kazumichi/Downloads/BioHack26/PGGB_short_reads_mapping/software/vg/include/mmmultimap.hpp:253:16: warning: first argument in call to 'memcpy' is a pointer to non-trivially copyable type 'Entry' [-Wnontrivial-memcall]
  253 |         memcpy(&e, &reader[i*record_size], sizeof(Entry));
      |                ^
/Users/kazumichi/Downloads/BioHack26/PGGB_short_reads_mapping/software/vg/include/mmmultimap.hpp:296:25: note: in instantiation of member function 'mmmulti::map<unsigned long long, std::tuple<unsigned long long, unsigned long long, unsigned long long>>::read_entry' requested here
  296 |                 entry = read_entry(i);
      |                         ^
deps/xg/src/xg.cpp:1492:19: note: in instantiation of member function 'mmmulti::map<unsigned long long, std::tuple<unsigned long long, unsigned long long, unsigned long long>>::index' requested here
 1492 |     node_path_mm->index(get_thread_count(), node_count+1);
      |                   ^
/Users/kazumichi/Downloads/BioHack26/PGGB_short_reads_mapping/software/vg/include/mmmultimap.hpp:253:16: note: explicitly cast the pointer to silence this warning
  253 |         memcpy(&e, &reader[i*record_size], sizeof(Entry));
      |                ^
      |                (void*)
/Users/kazumichi/Downloads/BioHack26/PGGB_short_reads_mapping/software/vg/deps/sublinear-Li-Stephens/src/penalty_set.cpp:9:29: warning: field 'rho' is uninitialized when used here [-Wuninitialized]
    9 |           H(H), mu(mu), rho(rho - log(H - 1)) {
      |                             ^
checking filesystem timestamp resolution... 2
1 warning generated.
rm -f deps/vcflib/contrib/WFA2-lib/VERSION
c++  -fPIC -std=c++20 -O3 -ggdb -g -Xpreprocessor -fopenmp -std=c++11 -g -I/Users/kazumichi/Downloads/BioHack26/PGGB_short_reads_mapping/software/vg/include -L. -L/Users/kazumichi/Downloads/BioHack26/PGGB_short_reads_mapping/software/vg/deps/sublinear-Li-Stephens/deps/htslib/ -lhts -llzma -lbz2 -lz -lm -lpthread -c /Users/kazumichi/Downloads/BioHack26/PGGB_short_reads_mapping/software/vg/deps/sublinear-Li-Stephens/src/allele.cpp -o /Users/kazumichi/Downloads/BioHack26/PGGB_short_reads_mapping/software/vg/deps/sublinear-Li-Stephens/obj/allele.o
checking whether build environment is sane... yes
env
CLAUDE_CODE_EMIT_TOOL_USE_SUMMARIES=false
CLAUDE_CODE_ENABLE_ASK_USER_QUESTION_TOOL=true
CLAUDE_CODE_MESSAGING_TOKEN=d2c2badab7e71dffaa0bbbc86c10b842
MANPATH=/Library/Developer/CommandLineTools/SDKs/MacOSX.sdk/usr/share/man:/Library/Developer/CommandLineTools/usr/share/man:/Library/Developer/CommandLineTools/Toolchains/XcodeDefault.xctoolchain/usr/share/man:
LDFLAGS=-Wl,-rpath,/opt/homebrew/Caskroom/miniforge/base/envs/bh26/lib  -L/usr/local/lib -L/opt/homebrew/Caskroom/miniforge/base/envs/bh26/lib
NoDefaultCurrentDirectoryInExePath=1
CLAUDE_EFFORT=high
TERM_PROGRAM=tmux
CLAUDE_CODE_ENTRYPOINT=claude-desktop
TERM=tmux-256color
CLAUDE_PREVIEW_CLASSIFIER_FLOOR=1
CLAUDE_CODE_OAUTH_SCOPES=user:inference user:file_upload user:profile user:sessions:claude_code user:plugins
BAGGAGE=sentry-environment=production,sentry-release=Claude%402.110.0,sentry-public_key=2f98127cbffe4740b1f767a2de77d23b,sentry-trace_id=71df2423c4d7454f82afc38f0e6335e2,sentry-org_id=1158394
CLAUDE_CODE_HOST_SESSION_ID=local_107626e6-e81f-4192-a8f3-af1fdf7edfcd
SHELL=/bin/zsh
MAKEFLAGS= --jobserver-fds=3,4 -j
CLAUDE_PID=35360
TMPDIR=/var/folders/pz/5tn89wkn7dbgwbpgzxbz726h0000gn/T/
CLAUDE_CODE_CHILD_SESSION=1
CLAUDE_CODE_EAGER_FLUSH=1
CONDA_SHLVL=1
TERM_PROGRAM_VERSION=3.7c
CONDA_PROMPT_MODIFIER=(bh26) 
GSETTINGS_SCHEMA_DIR_CONDA_BACKUP=
MallocNanoZone=0
CLAUDE_AGENT_SDK_VERSION=0.3.271
USE_LOCAL_OAUTH=
CLAUDE_CODE_SDK_HAS_OAUTH_REFRESH=1
AI_AGENT=claude-code_2-1-271_agent
GIT_EDITOR=true
CLAUDE_CODE_DISABLE_TERMINAL_TITLE=1
USER=kazumichi
_CONDA_EXE=/opt/homebrew/Caskroom/miniforge/base/bin/conda
COMMAND_MODE=unix2003
API_TIMEOUT_MS=900000
CONDA_EXE=/opt/homebrew/Caskroom/miniforge/base/bin/conda
SSH_AUTH_SOCK=/var/run/com.apple.launchd.S3LNXIr75Y/Listeners
__CF_USER_TEXT_ENCODING=0x1F5:0x1:0xE
MAKELEVEL=1
CXXFLAGS=-std=c++20 -O3 -Werror=return-type -ggdb -g   -Xpreprocessor -fopenmp
PAGER=less
TMUX=/private/tmp/tmux-501/default,56584,0
MFLAGS=- --jobserver-fds=3,4 -j
CLAUDE_CODE_DESKTOP_APP_VERSION=2.110.0
_CE_CONDA=
CLAUDE_CODE_REPORT_FINDINGS=1
PATH=/opt/homebrew/Caskroom/miniforge/base/envs/bh26/opt/bison/bin:/opt/homebrew/Caskroom/miniforge/base/envs/bh26/opt/coreutils/libexec/gnubin:/opt/homebrew/Caskroom/miniforge/base/envs/bh26/bin:/opt/homebrew/Caskroom/miniforge/base/condabin:/opt/homebrew/opt/openjdk/bin:/opt/homebrew/Caskroom/miniforge/base/bin:/opt/homebrew/Caskroom/miniforge/base/condabin:/opt/homebrew/bin:/opt/homebrew/sbin:/usr/local/bin:/System/Cryptexes/App/usr/bin:/usr/bin:/bin:/usr/sbin:/sbin:/var/run/com.apple.security.cryptexd/codex.system/bootstrap/usr/local/bin:/var/run/com.apple.security.cryptexd/codex.system/bootstrap/usr/bin:/var/run/com.apple.security.cryptexd/codex.system/bootstrap/usr/appleinternal/bin:/pkg/env/global/bin:/opt/homebrew/Caskroom/miniforge/base/envs/pymc/bin:/Users/kazumichi/Library/Application Support/Claude/local-agent-mode-sessions/skills-plugin/4d91d4c8-5efa-44d2-9eed-404ef4e06d98/725db521-fc3d-4887-966c-da9f74cf119c/bin
MCP_CONNECTION_NONBLOCKING=true
GSETTINGS_SCHEMA_DIR=/opt/homebrew/Caskroom/miniforge/base/envs/bh26/share/glib-2.0/schemas
_=/usr/bin/env
CONDA_PREFIX=/opt/homebrew/Caskroom/miniforge/base/envs/bh26
__CFBundleIdentifier=com.anthropic.claudefordesktop
PWD=/Users/kazumichi/Downloads/BioHack26/PGGB_short_reads_mapping/software/vg
EDITOR=nano
LANG=en_US.UTF-8
XPC_FLAGS=0x0
TMUX_PANE=%0
NODE_USE_SYSTEM_CA=1
CLAUDE_CODE_SESSION_ATTENDED=1
_CE_M=
CXX=c++
_CONDA_ROOT=/opt/homebrew/Caskroom/miniforge/base
XPC_SERVICE_NAME=0
CLAUDE_CODE_ENABLE_SDK_FILE_CHECKPOINTING=true
SHLVL=3
HOME=/Users/kazumichi
CLAUDE_CODE_DISABLE_CRON=
ANTHROPIC_BASE_URL=https://api.anthropic.com
CLAUDE_CODE_EXECPATH=/Users/kazumichi/Library/Application Support/Claude/claude-code/2.1.271/claude.app/Contents/MacOS/claude
HOMEBREW_PREFIX=/opt/homebrew/Caskroom/miniforge/base/envs/bh26
DISABLE_MICROCOMPACT=1
MCP_SERVER_CONNECTION_BATCH_SIZE=8
CONDA_PYTHON_EXE=/opt/homebrew/Caskroom/miniforge/base/bin/python
LESS=-g -i -M -R -S -w -X -z-4
LOGNAME=kazumichi
VISUAL=nano
COREPACK_ENABLE_AUTO_PIN=0
CONDA_DEFAULT_ENV=bh26
PKG_CONFIG_PATH=/opt/homebrew/Caskroom/miniforge/base/envs/bh26/lib/pkgconfig:/opt/homebrew/Caskroom/miniforge/base/envs/bh26/share/pkgconfig
CLAUDE_CODE_SDK_HAS_HOST_AUTH_REFRESH=1
BROWSER=open
DISABLE_AUTOUPDATER=1
CLAUDE_CODE_SESSION_ID=62d2a331-62f2-41d3-a01e-6ecae08b92c2
CC=cc
OSLogRateLimit=64
CLAUDE_CODE_MESSAGING_SOCKET=/tmp/cc-socks/35360.sock
CLAUDECODE=1
COLORTERM=truecolor
USE_STAGING_OAUTH=
cd deps/vcflib && rm -Rf build && mkdir build && cd build && PKG_CONFIG_PATH="/Users/kazumichi/Downloads/BioHack26/PGGB_short_reads_mapping/software/vg/lib/pkgconfig:/opt/homebrew/Caskroom/miniforge/base/envs/bh26/lib/pkgconfig:/opt/homebrew/Caskroom/miniforge/base/envs/bh26/share/pkgconfig" cmake -DCMAKE_C_COMPILER="cc" -DCMAKE_CXX_COMPILER="c++" -DCMAKE_VERBOSE_MAKEFILE:BOOL=ON -DZIG=OFF -DCMAKE_C_FLAGS="" -DCMAKE_CXX_FLAGS="-std=c++20 -O3 -Werror=return-type -ggdb -g   -Xpreprocessor -fopenmp" -DCMAKE_BUILD_TYPE=RelWithDebInfo -DCMAKE_INSTALL_PREFIX=/Users/kazumichi/Downloads/BioHack26/PGGB_short_reads_mapping/software/vg -DCMAKE_PREFIX_PATH="/usr;/;/opt/homebrew/Caskroom/miniforge/base/envs/bh26" -DPYTHON_EXECUTABLE="/opt/homebrew/Caskroom/miniforge/base/envs/bh26/bin/python3" -DBUILD_STATIC=ON -DWFA_GITMODULE=ON .. && cmake --build . --target vcflib wfa2_static
clang++: warning: -lhts: 'linker' input unused [-Wunused-command-line-argument]
clang++: warning: -llzma: 'linker' input unused [-Wunused-command-line-argument]
clang++: warning: -lbz2: 'linker' input unused [-Wunused-command-line-argument]
clang++: warning: -lz: 'linker' input unused [-Wunused-command-line-argument]
clang++: warning: -lm: 'linker' input unused [-Wunused-command-line-argument]
clang++: warning: -lpthread: 'linker' input unused [-Wunused-command-line-argument]
clang++: warning: argument unused during compilation: '-L.' [-Wunused-command-line-argument]
clang++: warning: argument unused during compilation: '-L/Users/kazumichi/Downloads/BioHack26/PGGB_short_reads_mapping/software/vg/deps/sublinear-Li-Stephens/deps/htslib/' [-Wunused-command-line-argument]
checking for a race-free mkdir -p... mkdir -p
checking for gawk... no
checking for mawk... no
checking for nawk... no
checking for awk... awk
c++ -Wl,-rpath,/opt/homebrew/Caskroom/miniforge/base/envs/bh26/lib  -L/usr/local/lib -L/opt/homebrew/Caskroom/miniforge/base/envs/bh26/lib  -MMD -MP -O3 -Werror=return-type -std=c++17 -ggdb -g -Ibdsg/include -I/Users/kazumichi/Downloads/BioHack26/PGGB_short_reads_mapping/software/vg/include -I/Users/kazumichi/Downloads/BioHack26/PGGB_short_reads_mapping/software/vg/include/GFAz -I. -I/Users/kazumichi/Downloads/BioHack26/PGGB_short_reads_mapping/software/vg/src -I/Users/kazumichi/Downloads/BioHack26/PGGB_short_reads_mapping/software/vg/src/unittest -I/Users/kazumichi/Downloads/BioHack26/PGGB_short_reads_mapping/software/vg/src/unittest/support -I/Users/kazumichi/Downloads/BioHack26/PGGB_short_reads_mapping/software/vg/src/subcommand -I/Users/kazumichi/Downloads/BioHack26/PGGB_short_reads_mapping/software/vg/include/dynamic -I/Users/kazumichi/Downloads/BioHack26/PGGB_short_reads_mapping/software/vg/include/cairo -DPROTOBUF_USE_DLLS -Wno-float-conversion -Wno-implicit-float-conversion -Wno-implicit-int-float-conversion -Wno-unknown-warning-option -Wno-unused-command-line-argument -DNOMINMAX -I/opt/homebrew/Caskroom/miniforge/base/envs/bh26/include  -isystem /usr/local/include -I/opt/homebrew/Caskroom/miniforge/base/envs/bh26/include -fPIC -std=c++20 -O3 -Werror=return-type -ggdb -g   -Xpreprocessor -fopenmp -Xpreprocessor -fopenmp -c bdsg/src/packed_graph.cpp -o bdsg/obj/packed_graph.o
checking whether make sets $(MAKE)... yes
checking whether make supports nested variables... yes
/usr/bin/c++  -fPIC -std=c++20 -O3 -Werror=return-type -ggdb -g   -Xpreprocessor -fopenmp -fPIC -std=c++20 -O3 -Werror=return-type -ggdb -g   -Xpreprocessor -fopenmp -std=c++17 -DNDEBUG -stdlib=libc++   -Xpreprocessor -fopenmp -pthread -I/opt/homebrew/Caskroom/miniforge/base/envs/bh26/include -O3 -ffast-math -funroll-loops -D__extern_always_inline="extern __always_inline"  -Iinclude -I/Users/kazumichi/Downloads/BioHack26/PGGB_short_reads_mapping/software/vg/include -c -o obj/dbg.o src/dbg.cpp
checking xargs -n works... yes
checking whether UID '501' is supported by ustar format... yes
checking whether GID '20' is supported by ustar format... yes
-- Found OpenMP_CXX: -Xclang -fopenmp (found version "5.1")
-- Found OpenMP: TRUE (found version "5.1")
Building libvgio for C++ 20
-- Found PkgConfig: /opt/homebrew/Caskroom/miniforge/base/envs/bh26/bin/pkg-config (found version "0.29.2")
checking how to create a ustar tar archive... plaintar
-- The C compiler identification is AppleClang 21.0.0.21000334
-- Found ZLIB: /Library/Developer/CommandLineTools/SDKs/MacOSX.sdk/usr/lib/libz.tbd (found version "1.2.12")
-- Performing Test CMAKE_HAVE_LIBC_PTHREAD
c++  -fPIC -std=c++20 -O3 -ggdb -g -Xpreprocessor -fopenmp -std=c++11 -g -I/Users/kazumichi/Downloads/BioHack26/PGGB_short_reads_mapping/software/vg/include -L. -L/Users/kazumichi/Downloads/BioHack26/PGGB_short_reads_mapping/software/vg/deps/sublinear-Li-Stephens/deps/htslib/ -lhts -llzma -lbz2 -lz -lm -lpthread -c /Users/kazumichi/Downloads/BioHack26/PGGB_short_reads_mapping/software/vg/deps/sublinear-Li-Stephens/src/row_set.cpp -o /Users/kazumichi/Downloads/BioHack26/PGGB_short_reads_mapping/software/vg/deps/sublinear-Li-Stephens/obj/row_set.o
clang++: warning: -lhts: 'linker' input unused [-Wunused-command-line-argument]
clang++: warning: -llzma: 'linker' input unused [-Wunused-command-line-argument]
clang++: warning: -lbz2: 'linker' input unused [-Wunused-command-line-argument]
clang++: warning: -lz: 'linker' input unused [-Wunused-command-line-argument]
clang++: warning: -lm: 'linker' input unused [-Wunused-command-line-argument]
clang++: warning: -lpthread: 'linker' input unused [-Wunused-command-line-argument]
clang++: warning: argument unused during compilation: '-L.' [-Wunused-command-line-argument]
clang++: warning: argument unused during compilation: '-L/Users/kazumichi/Downloads/BioHack26/PGGB_short_reads_mapping/software/vg/deps/sublinear-Li-Stephens/deps/htslib/' [-Wunused-command-line-argument]
-- The CXX compiler identification is AppleClang 21.0.0.21000334
/usr/bin/c++  -fPIC -std=c++20 -O3 -Werror=return-type -ggdb -g   -Xpreprocessor -fopenmp -fPIC -std=c++20 -O3 -Werror=return-type -ggdb -g   -Xpreprocessor -fopenmp -std=c++17 -DNDEBUG -stdlib=libc++  -Xpreprocessor -fopenmp -pthread -O3 -ffast-math -funroll-loops -D__extern_always_inline="extern __always_inline"  -Iinclude -I/Users/kazumichi/Downloads/BioHack26/PGGB_short_reads_mapping/software/vg/include -I/opt/homebrew/Caskroom/miniforge/base/envs/bh26/include -I/opt/homebrew/Caskroom/miniforge/base/envs/bh26/include -c -o obj/fast_locate.o src/fast_locate.cpp
-- Detecting C compiler ABI info
checking whether the C++ compiler works... yes
checking for C++ compiler default output file name... a.out
checking for suffix of executables... 
-- Performing Test CMAKE_HAVE_LIBC_PTHREAD - Success
-- Found Threads: TRUE
Found Protobuf using its own protobuf-config.cmake
Using real Threads library
-- Checking for module 'htslib'
-- Detecting C compiler ABI info - done
--   Package 'zlib', required by 'htslib', not found
CMake Error at /opt/homebrew/Caskroom/miniforge/base/envs/bh26/share/cmake-4.4/Modules/FindPkgConfig.cmake:1093 (message):
  The following required packages were not found:

   - htslib

Call Stack (most recent call first):
  /opt/homebrew/Caskroom/miniforge/base/envs/bh26/share/cmake-4.4/Modules/FindPkgConfig.cmake:1166 (_pkg_check_modules_internal)
  CMakeLists.txt:100 (pkg_check_modules)


-- Configuring incomplete, errors occurred!
make: *** [lib/libvgio.a] Error 1
make: *** Waiting for unfinished jobs....
c++  -fPIC -std=c++20 -O3 -ggdb -g -Xpreprocessor -fopenmp -std=c++11 -g -I/Users/kazumichi/Downloads/BioHack26/PGGB_short_reads_mapping/software/vg/include -L. -L/Users/kazumichi/Downloads/BioHack26/PGGB_short_reads_mapping/software/vg/deps/sublinear-Li-Stephens/deps/htslib/ -lhts -llzma -lbz2 -lz -lm -lpthread -c /Users/kazumichi/Downloads/BioHack26/PGGB_short_reads_mapping/software/vg/deps/sublinear-Li-Stephens/src/haplotype_state_node.cpp -o /Users/kazumichi/Downloads/BioHack26/PGGB_short_reads_mapping/software/vg/deps/sublinear-Li-Stephens/obj/haplotype_state_node.o
-- Check for working C compiler: /usr/bin/cc - skipped
-- Detecting C compile features
-- Detecting C compile features - done
clang++: warning: -lhts: 'linker' input unused [-Wunused-command-line-argument]
clang++: warning: -llzma: 'linker' input unused [-Wunused-command-line-argument]
clang++: warning: -lbz2: 'linker' input unused [-Wunused-command-line-argument]
clang++: warning: -lz: 'linker' input unused [-Wunused-command-line-argument]
clang++: warning: -lm: 'linker' input unused [-Wunused-command-line-argument]
clang++: warning: -lpthread: 'linker' input unused [-Wunused-command-line-argument]
-- Detecting CXX compiler ABI info
clang++: warning: argument unused during compilation: '-L.' [-Wunused-command-line-argument]
clang++: warning: argument unused during compilation: '-L/Users/kazumichi/Downloads/BioHack26/PGGB_short_reads_mapping/software/vg/deps/sublinear-Li-Stephens/deps/htslib/' [-Wunused-command-line-argument]
c++ -Wl,-rpath,/opt/homebrew/Caskroom/miniforge/base/envs/bh26/lib  -L/usr/local/lib -L/opt/homebrew/Caskroom/miniforge/base/envs/bh26/lib  -MMD -MP -O3 -Werror=return-type -std=c++17 -ggdb -g -Ibdsg/include -I/Users/kazumichi/Downloads/BioHack26/PGGB_short_reads_mapping/software/vg/include -I/Users/kazumichi/Downloads/BioHack26/PGGB_short_reads_mapping/software/vg/include/GFAz -I. -I/Users/kazumichi/Downloads/BioHack26/PGGB_short_reads_mapping/software/vg/src -I/Users/kazumichi/Downloads/BioHack26/PGGB_short_reads_mapping/software/vg/src/unittest -I/Users/kazumichi/Downloads/BioHack26/PGGB_short_reads_mapping/software/vg/src/unittest/support -I/Users/kazumichi/Downloads/BioHack26/PGGB_short_reads_mapping/software/vg/src/subcommand -I/Users/kazumichi/Downloads/BioHack26/PGGB_short_reads_mapping/software/vg/include/dynamic -I/Users/kazumichi/Downloads/BioHack26/PGGB_short_reads_mapping/software/vg/include/cairo -DPROTOBUF_USE_DLLS -Wno-float-conversion -Wno-implicit-float-conversion -Wno-implicit-int-float-conversion -Wno-unknown-warning-option -Wno-unused-command-line-argument -DNOMINMAX -I/opt/homebrew/Caskroom/miniforge/base/envs/bh26/include  -isystem /usr/local/include -I/opt/homebrew/Caskroom/miniforge/base/envs/bh26/include -fPIC -std=c++20 -O3 -Werror=return-type -ggdb -g   -Xpreprocessor -fopenmp -Xpreprocessor -fopenmp -c bdsg/src/path_position_overlays.cpp -o bdsg/obj/path_position_overlays.o
checking whether we are cross compiling... no
checking for suffix of object files... o
checking whether the compiler supports GNU C++... yes
checking whether c++ accepts -g... yes
-- Detecting CXX compiler ABI info - done
c++ -Wl,-rpath,/opt/homebrew/Caskroom/miniforge/base/envs/bh26/lib  -L/usr/local/lib -L/opt/homebrew/Caskroom/miniforge/base/envs/bh26/lib  -MMD -MP -O3 -Werror=return-type -std=c++17 -ggdb -g -Ibdsg/include -I/Users/kazumichi/Downloads/BioHack26/PGGB_short_reads_mapping/software/vg/include -I/Users/kazumichi/Downloads/BioHack26/PGGB_short_reads_mapping/software/vg/include/GFAz -I. -I/Users/kazumichi/Downloads/BioHack26/PGGB_short_reads_mapping/software/vg/src -I/Users/kazumichi/Downloads/BioHack26/PGGB_short_reads_mapping/software/vg/src/unittest -I/Users/kazumichi/Downloads/BioHack26/PGGB_short_reads_mapping/software/vg/src/unittest/support -I/Users/kazumichi/Downloads/BioHack26/PGGB_short_reads_mapping/software/vg/src/subcommand -I/Users/kazumichi/Downloads/BioHack26/PGGB_short_reads_mapping/software/vg/include/dynamic -I/Users/kazumichi/Downloads/BioHack26/PGGB_short_reads_mapping/software/vg/include/cairo -DPROTOBUF_USE_DLLS -Wno-float-conversion -Wno-implicit-float-conversion -Wno-implicit-int-float-conversion -Wno-unknown-warning-option -Wno-unused-command-line-argument -DNOMINMAX -I/opt/homebrew/Caskroom/miniforge/base/envs/bh26/include  -isystem /usr/local/include -I/opt/homebrew/Caskroom/miniforge/base/envs/bh26/include -fPIC -std=c++20 -O3 -Werror=return-type -ggdb -g   -Xpreprocessor -fopenmp -Xpreprocessor -fopenmp -c bdsg/src/packed_path_position_overlay.cpp -o bdsg/obj/packed_path_position_overlay.o
-- Check for working CXX compiler: /usr/bin/c++ - skipped
-- Detecting CXX compile features
-- Detecting CXX compile features - done
/Users/kazumichi/Downloads/BioHack26/PGGB_short_reads_mapping/software/vg/deps/sublinear-Li-Stephens/src/haplotype_state_node.cpp:96:1: warning: non-void function does not return a value in all control paths [-Wreturn-type]
   96 | }
      | ^
/usr/bin/c++  -fPIC -std=c++20 -O3 -Werror=return-type -ggdb -g   -Xpreprocessor -fopenmp -fPIC -std=c++20 -O3 -Werror=return-type -ggdb -g   -Xpreprocessor -fopenmp -std=c++17 -DNDEBUG -stdlib=libc++   -Xpreprocessor -fopenmp -pthread -I/opt/homebrew/Caskroom/miniforge/base/envs/bh26/include -O3 -ffast-math -funroll-loops -D__extern_always_inline="extern __always_inline"  -Iinclude -I/Users/kazumichi/Downloads/BioHack26/PGGB_short_reads_mapping/software/vg/include -c -o obj/files.o src/files.cpp
-- Found BZip2: /opt/homebrew/Caskroom/miniforge/base/envs/bh26/lib/libbz2.dylib (found version "1.0.8")
-- Looking for BZ2_bzCompressInit
1 warning generated.
c++  -fPIC -std=c++20 -O3 -ggdb -g -Xpreprocessor -fopenmp -std=c++11 -g -I/Users/kazumichi/Downloads/BioHack26/PGGB_short_reads_mapping/software/vg/include -L. -L/Users/kazumichi/Downloads/BioHack26/PGGB_short_reads_mapping/software/vg/deps/sublinear-Li-Stephens/deps/htslib/ -lhts -llzma -lbz2 -lz -lm -lpthread -c /Users/kazumichi/Downloads/BioHack26/PGGB_short_reads_mapping/software/vg/deps/sublinear-Li-Stephens/src/haplotype_state_tree.cpp -o /Users/kazumichi/Downloads/BioHack26/PGGB_short_reads_mapping/software/vg/deps/sublinear-Li-Stephens/obj/haplotype_state_tree.o
clang++: warning: -lhts: 'linker' input unused [-Wunused-command-line-argument]
clang++: warning: -llzma: 'linker' input unused [-Wunused-command-line-argument]
clang++: warning: -lbz2: 'linker' input unused [-Wunused-command-line-argument]
clang++: warning: -lz: 'linker' input unused [-Wunused-command-line-argument]
clang++: warning: -lm: 'linker' input unused [-Wunused-command-line-argument]
clang++: warning: -lpthread: 'linker' input unused [-Wunused-command-line-argument]
clang++: warning: argument unused during compilation: '-L.' [-Wunused-command-line-argument]
clang++: warning: argument unused during compilation: '-L/Users/kazumichi/Downloads/BioHack26/PGGB_short_reads_mapping/software/vg/deps/sublinear-Li-Stephens/deps/htslib/' [-Wunused-command-line-argument]
c++ -Wl,-rpath,/opt/homebrew/Caskroom/miniforge/base/envs/bh26/lib  -L/usr/local/lib -L/opt/homebrew/Caskroom/miniforge/base/envs/bh26/lib  -MMD -MP -O3 -Werror=return-type -std=c++17 -ggdb -g -Ibdsg/include -I/Users/kazumichi/Downloads/BioHack26/PGGB_short_reads_mapping/software/vg/include -I/Users/kazumichi/Downloads/BioHack26/PGGB_short_reads_mapping/software/vg/include/GFAz -I. -I/Users/kazumichi/Downloads/BioHack26/PGGB_short_reads_mapping/software/vg/src -I/Users/kazumichi/Downloads/BioHack26/PGGB_short_reads_mapping/software/vg/src/unittest -I/Users/kazumichi/Downloads/BioHack26/PGGB_short_reads_mapping/software/vg/src/unittest/support -I/Users/kazumichi/Downloads/BioHack26/PGGB_short_reads_mapping/software/vg/src/subcommand -I/Users/kazumichi/Downloads/BioHack26/PGGB_short_reads_mapping/software/vg/include/dynamic -I/Users/kazumichi/Downloads/BioHack26/PGGB_short_reads_mapping/software/vg/include/cairo -DPROTOBUF_USE_DLLS -Wno-float-conversion -Wno-implicit-float-conversion -Wno-implicit-int-float-conversion -Wno-unknown-warning-option -Wno-unused-command-line-argument -DNOMINMAX -I/opt/homebrew/Caskroom/miniforge/base/envs/bh26/include  -isystem /usr/local/include -I/opt/homebrew/Caskroom/miniforge/base/envs/bh26/include -fPIC -std=c++20 -O3 -Werror=return-type -ggdb -g   -Xpreprocessor -fopenmp -Xpreprocessor -fopenmp -c bdsg/src/reference_path_overlay.cpp -o bdsg/obj/reference_path_overlay.o
-- Looking for BZ2_bzCompressInit - found
/Users/kazumichi/Downloads/BioHack26/PGGB_short_reads_mapping/software/vg/deps/sublinear-Li-Stephens/src/haplotype_state_tree.cpp:60:22: warning: equality comparison result unused [-Wunused-comparison]
   60 |         current_node == nullptr;
      |         ~~~~~~~~~~~~~^~~~~~~~~~
/Users/kazumichi/Downloads/BioHack26/PGGB_short_reads_mapping/software/vg/deps/sublinear-Li-Stephens/src/haplotype_state_tree.cpp:60:22: note: use '=' to turn this equality comparison into an assignment
   60 |         current_node == nullptr;
      |                      ^~
      |                      =
checking for c++ option to enable C++11 features... unsupported
-- Looking for lzma_auto_decoder in /opt/homebrew/Caskroom/miniforge/base/envs/bh26/lib/liblzma.dylib
1 warning generated.
c++  -fPIC -std=c++20 -O3 -ggdb -g -Xpreprocessor -fopenmp -std=c++11 -g -I/Users/kazumichi/Downloads/BioHack26/PGGB_short_reads_mapping/software/vg/include -L. -L/Users/kazumichi/Downloads/BioHack26/PGGB_short_reads_mapping/software/vg/deps/sublinear-Li-Stephens/deps/htslib/ -lhts -llzma -lbz2 -lz -lm -lpthread -c /Users/kazumichi/Downloads/BioHack26/PGGB_short_reads_mapping/software/vg/deps/sublinear-Li-Stephens/src/haplotype_manager.cpp -o /Users/kazumichi/Downloads/BioHack26/PGGB_short_reads_mapping/software/vg/deps/sublinear-Li-Stephens/obj/haplotype_manager.o
clang++: warning: -lhts: 'linker' input unused [-Wunused-command-line-argument]
clang++: warning: -llzma: 'linker' input unused [-Wunused-command-line-argument]
clang++: warning: -lbz2: 'linker' input unused [-Wunused-command-line-argument]
clang++: warning: -lz: 'linker' input unused [-Wunused-command-line-argument]
clang++: warning: -lm: 'linker' input unused [-Wunused-command-line-argument]
clang++: warning: -lpthread: 'linker' input unused [-Wunused-command-line-argument]
clang++: warning: argument unused during compilation: '-L.' [-Wunused-command-line-argument]
clang++: warning: argument unused during compilation: '-L/Users/kazumichi/Downloads/BioHack26/PGGB_short_reads_mapping/software/vg/deps/sublinear-Li-Stephens/deps/htslib/' [-Wunused-command-line-argument]
checking for c++ option to enable C++98 features... none needed
checking whether make supports the include directive... yes (GNU style)
checking dependency style of c++... gcc3
checking for gcc... cc
-- Looking for lzma_auto_decoder in /opt/homebrew/Caskroom/miniforge/base/envs/bh26/lib/liblzma.dylib - found
-- Looking for lzma_easy_encoder in /opt/homebrew/Caskroom/miniforge/base/envs/bh26/lib/liblzma.dylib
checking whether the compiler supports GNU C... yes
checking whether cc accepts -g... yes
checking for cc option to enable C11 features... none needed
c++ -Wl,-rpath,/opt/homebrew/Caskroom/miniforge/base/envs/bh26/lib  -L/usr/local/lib -L/opt/homebrew/Caskroom/miniforge/base/envs/bh26/lib  -MMD -MP -O3 -Werror=return-type -std=c++17 -ggdb -g -Ibdsg/include -I/Users/kazumichi/Downloads/BioHack26/PGGB_short_reads_mapping/software/vg/include -I/Users/kazumichi/Downloads/BioHack26/PGGB_short_reads_mapping/software/vg/include/GFAz -I. -I/Users/kazumichi/Downloads/BioHack26/PGGB_short_reads_mapping/software/vg/src -I/Users/kazumichi/Downloads/BioHack26/PGGB_short_reads_mapping/software/vg/src/unittest -I/Users/kazumichi/Downloads/BioHack26/PGGB_short_reads_mapping/software/vg/src/unittest/support -I/Users/kazumichi/Downloads/BioHack26/PGGB_short_reads_mapping/software/vg/src/subcommand -I/Users/kazumichi/Downloads/BioHack26/PGGB_short_reads_mapping/software/vg/include/dynamic -I/Users/kazumichi/Downloads/BioHack26/PGGB_short_reads_mapping/software/vg/include/cairo -DPROTOBUF_USE_DLLS -Wno-float-conversion -Wno-implicit-float-conversion -Wno-implicit-int-float-conversion -Wno-unknown-warning-option -Wno-unused-command-line-argument -DNOMINMAX -I/opt/homebrew/Caskroom/miniforge/base/envs/bh26/include  -isystem /usr/local/include -I/opt/homebrew/Caskroom/miniforge/base/envs/bh26/include -fPIC -std=c++20 -O3 -Werror=return-type -ggdb -g   -Xpreprocessor -fopenmp -Xpreprocessor -fopenmp -c bdsg/src/packed_reference_path_overlay.cpp -o bdsg/obj/packed_reference_path_overlay.o
/usr/bin/c++  -fPIC -std=c++20 -O3 -Werror=return-type -ggdb -g   -Xpreprocessor -fopenmp -fPIC -std=c++20 -O3 -Werror=return-type -ggdb -g   -Xpreprocessor -fopenmp -std=c++17 -DNDEBUG -stdlib=libc++   -Xpreprocessor -fopenmp -pthread -I/opt/homebrew/Caskroom/miniforge/base/envs/bh26/include -O3 -ffast-math -funroll-loops -D__extern_always_inline="extern __always_inline"  -Iinclude -I/Users/kazumichi/Downloads/BioHack26/PGGB_short_reads_mapping/software/vg/include -c -o obj/gcsa.o src/gcsa.cpp
checking whether cc understands -c and -o together... yes
-- Looking for lzma_easy_encoder in /opt/homebrew/Caskroom/miniforge/base/envs/bh26/lib/liblzma.dylib - found
-- Looking for lzma_lzma_preset in /opt/homebrew/Caskroom/miniforge/base/envs/bh26/lib/liblzma.dylib
/usr/bin/c++  -fPIC -std=c++20 -O3 -Werror=return-type -ggdb -g   -Xpreprocessor -fopenmp -fPIC -std=c++20 -O3 -Werror=return-type -ggdb -g   -Xpreprocessor -fopenmp -std=c++17 -DNDEBUG -stdlib=libc++  -Xpreprocessor -fopenmp -pthread -O3 -ffast-math -funroll-loops -D__extern_always_inline="extern __always_inline"  -Iinclude -I/Users/kazumichi/Downloads/BioHack26/PGGB_short_reads_mapping/software/vg/include -I/opt/homebrew/Caskroom/miniforge/base/envs/bh26/include -I/opt/homebrew/Caskroom/miniforge/base/envs/bh26/include -c -o obj/files.o src/files.cpp
checking dependency style of cc... gcc3
c++  -fPIC -std=c++20 -O3 -ggdb -g -Xpreprocessor -fopenmp -std=c++11 -g -I/Users/kazumichi/Downloads/BioHack26/PGGB_short_reads_mapping/software/vg/include -L. -L/Users/kazumichi/Downloads/BioHack26/PGGB_short_reads_mapping/software/vg/deps/sublinear-Li-Stephens/deps/htslib/ -lhts -llzma -lbz2 -lz -lm -lpthread -c /Users/kazumichi/Downloads/BioHack26/PGGB_short_reads_mapping/software/vg/deps/sublinear-Li-Stephens/src/set_of_extensions.cpp -o /Users/kazumichi/Downloads/BioHack26/PGGB_short_reads_mapping/software/vg/deps/sublinear-Li-Stephens/obj/set_of_extensions.o
clang++: warning: -lhts: 'linker' input unused [-Wunused-command-line-argument]
clang++: warning: -llzma: 'linker' input unused [-Wunused-command-line-argument]
clang++: warning: -lbz2: 'linker' input unused [-Wunused-command-line-argument]
clang++: warning: -lz: 'linker' input unused [-Wunused-command-line-argument]
clang++: warning: -lm: 'linker' input unused [-Wunused-command-line-argument]
clang++: warning: -lpthread: 'linker' input unused [-Wunused-command-line-argument]
clang++: warning: argument unused during compilation: '-L.' [-Wunused-command-line-argument]
clang++: warning: argument unused during compilation: '-L/Users/kazumichi/Downloads/BioHack26/PGGB_short_reads_mapping/software/vg/deps/sublinear-Li-Stephens/deps/htslib/' [-Wunused-command-line-argument]
checking how to run the C preprocessor... cc -E
checking for stdio.h... yes
-- Looking for lzma_lzma_preset in /opt/homebrew/Caskroom/miniforge/base/envs/bh26/lib/liblzma.dylib - found
-- Found LibLZMA: /opt/homebrew/Caskroom/miniforge/base/envs/bh26/lib/liblzma.dylib (found version "5.8.3")
checking for stdlib.h... yes
-- Found PkgConfig: /opt/homebrew/Caskroom/miniforge/base/envs/bh26/bin/pkg-config (found version "0.29.2")
checking for string.h... yes
-- Found ZLIB: /Library/Developer/CommandLineTools/SDKs/MacOSX.sdk/usr/lib/libz.tbd (found version "1.2.12")
checking for inttypes.h... yes
c++ -Wl,-rpath,/opt/homebrew/Caskroom/miniforge/base/envs/bh26/lib  -L/usr/local/lib -L/opt/homebrew/Caskroom/miniforge/base/envs/bh26/lib  -MMD -MP -O3 -Werror=return-type -std=c++17 -ggdb -g -Ibdsg/include -I/Users/kazumichi/Downloads/BioHack26/PGGB_short_reads_mapping/software/vg/include -I/Users/kazumichi/Downloads/BioHack26/PGGB_short_reads_mapping/software/vg/include/GFAz -I. -I/Users/kazumichi/Downloads/BioHack26/PGGB_short_reads_mapping/software/vg/src -I/Users/kazumichi/Downloads/BioHack26/PGGB_short_reads_mapping/software/vg/src/unittest -I/Users/kazumichi/Downloads/BioHack26/PGGB_short_reads_mapping/software/vg/src/unittest/support -I/Users/kazumichi/Downloads/BioHack26/PGGB_short_reads_mapping/software/vg/src/subcommand -I/Users/kazumichi/Downloads/BioHack26/PGGB_short_reads_mapping/software/vg/include/dynamic -I/Users/kazumichi/Downloads/BioHack26/PGGB_short_reads_mapping/software/vg/include/cairo -DPROTOBUF_USE_DLLS -Wno-float-conversion -Wno-implicit-float-conversion -Wno-implicit-int-float-conversion -Wno-unknown-warning-option -Wno-unused-command-line-argument -DNOMINMAX -I/opt/homebrew/Caskroom/miniforge/base/envs/bh26/include  -isystem /usr/local/include -I/opt/homebrew/Caskroom/miniforge/base/envs/bh26/include -fPIC -std=c++20 -O3 -Werror=return-type -ggdb -g   -Xpreprocessor -fopenmp -Xpreprocessor -fopenmp -c bdsg/src/path_subgraph_overlay.cpp -o bdsg/obj/path_subgraph_overlay.o
CMake Warning (author) at /opt/homebrew/Caskroom/miniforge/base/envs/bh26/share/cmake/pybind11/FindPythonLibsNew.cmake:101 (message):
  Policy CMP0148 is not set: The FindPythonInterp and FindPythonLibs modules
  are removed.  Run "cmake --help-policy CMP0148" for policy details.  Use
  the cmake_policy command to set the policy and suppress this warning, or
  preferably upgrade to using FindPython, either by calling it explicitly
  before pybind11, or by setting PYBIND11_FINDPYTHON ON before pybind11.
Call Stack (most recent call first):
  /opt/homebrew/Caskroom/miniforge/base/envs/bh26/share/cmake/pybind11/pybind11Tools.cmake:44 (find_package)
  /opt/homebrew/Caskroom/miniforge/base/envs/bh26/share/cmake/pybind11/pybind11Common.cmake:243 (include)
  /opt/homebrew/Caskroom/miniforge/base/envs/bh26/share/cmake/pybind11/pybind11Config.cmake:257 (include)
  CMakeLists.txt:23 (find_package)
This warning is for project developers.  Use -Wno-author to suppress it.

CMake Warning (deprecated) at /opt/homebrew/Caskroom/miniforge/base/envs/bh26/share/cmake/pybind11/FindPythonLibsNew.cmake:110 (cmake_policy):
  The OLD behavior for policy CMP0148 will be removed from a future version
  of CMake.

  The cmake-policies(7) manual explains that the OLD behaviors of all
  policies are deprecated and that a policy should be set to OLD only under
  specific short-term circumstances.  Projects should be ported to the NEW
  behavior and not rely on setting a policy to OLD.
Call Stack (most recent call first):
  /opt/homebrew/Caskroom/miniforge/base/envs/bh26/share/cmake/pybind11/pybind11Tools.cmake:44 (find_package)
  /opt/homebrew/Caskroom/miniforge/base/envs/bh26/share/cmake/pybind11/pybind11Common.cmake:243 (include)
  /opt/homebrew/Caskroom/miniforge/base/envs/bh26/share/cmake/pybind11/pybind11Config.cmake:257 (include)
  CMakeLists.txt:23 (find_package)
This warning is for project developers.  Use -Wno-author or -Wno-deprecated
to suppress it.

-- Found PythonInterp: /opt/homebrew/Caskroom/miniforge/base/envs/bh26/bin/python3 (found suitable version "3.11.16", minimum required is "3.9")
-- Found PythonLibs: /opt/homebrew/Caskroom/miniforge/base/envs/bh26/lib/libpython3.11.dylib
-- Performing Test HAS_FLTO_THIN
checking for stdint.h... yes
c++  -fPIC -std=c++20 -O3 -ggdb -g -Xpreprocessor -fopenmp -std=c++11 -g -I/Users/kazumichi/Downloads/BioHack26/PGGB_short_reads_mapping/software/vg/include -L. -L/Users/kazumichi/Downloads/BioHack26/PGGB_short_reads_mapping/software/vg/deps/sublinear-Li-Stephens/deps/htslib/ -lhts -llzma -lbz2 -lz -lm -lpthread -c /Users/kazumichi/Downloads/BioHack26/PGGB_short_reads_mapping/software/vg/deps/sublinear-Li-Stephens/src/reference_sequence.cpp -o /Users/kazumichi/Downloads/BioHack26/PGGB_short_reads_mapping/software/vg/deps/sublinear-Li-Stephens/obj/reference_sequence.o
clang++: warning: -lhts: 'linker' input unused [-Wunused-command-line-argument]
clang++: warning: -llzma: 'linker' input unused [-Wunused-command-line-argument]
clang++: warning: -lbz2: 'linker' input unused [-Wunused-command-line-argument]
clang++: warning: -lz: 'linker' input unused [-Wunused-command-line-argument]
clang++: warning: -lm: 'linker' input unused [-Wunused-command-line-argument]
clang++: warning: -lpthread: 'linker' input unused [-Wunused-command-line-argument]
clang++: warning: argument unused during compilation: '-L.' [-Wunused-command-line-argument]
clang++: warning: argument unused during compilation: '-L/Users/kazumichi/Downloads/BioHack26/PGGB_short_reads_mapping/software/vg/deps/sublinear-Li-Stephens/deps/htslib/' [-Wunused-command-line-argument]
checking for strings.h... yes
checking for sys/stat.h... yes
checking for sys/types.h... yes
checking for unistd.h... yes
checking for grep that handles long lines and -e... /usr/bin/grep
checking for egrep... /usr/bin/grep -E
-- Performing Test HAS_FLTO_THIN - Success
-- Performing Test HAS_FLTO
/usr/bin/c++  -fPIC -std=c++20 -O3 -Werror=return-type -ggdb -g   -Xpreprocessor -fopenmp -fPIC -std=c++20 -O3 -Werror=return-type -ggdb -g   -Xpreprocessor -fopenmp -std=c++17 -DNDEBUG -stdlib=libc++  -Xpreprocessor -fopenmp -pthread -O3 -ffast-math -funroll-loops -D__extern_always_inline="extern __always_inline"  -Iinclude -I/Users/kazumichi/Downloads/BioHack26/PGGB_short_reads_mapping/software/vg/include -I/opt/homebrew/Caskroom/miniforge/base/envs/bh26/include -I/opt/homebrew/Caskroom/miniforge/base/envs/bh26/include -c -o obj/gbwt.o src/gbwt.cpp
checking for memcpy... yes
ar rc /Users/kazumichi/Downloads/BioHack26/PGGB_short_reads_mapping/software/vg/deps/sublinear-Li-Stephens/lib/libsublinearLS.a /Users/kazumichi/Downloads/BioHack26/PGGB_short_reads_mapping/software/vg/deps/sublinear-Li-Stephens/obj/math.o /Users/kazumichi/Downloads/BioHack26/PGGB_short_reads_mapping/software/vg/deps/sublinear-Li-Stephens/obj/reference.o /Users/kazumichi/Downloads/BioHack26/PGGB_short_reads_mapping/software/vg/deps/sublinear-Li-Stephens/obj/probability.o /Users/kazumichi/Downloads/BioHack26/PGGB_short_reads_mapping/software/vg/deps/sublinear-Li-Stephens/obj/input_haplotype.o /Users/kazumichi/Downloads/BioHack26/PGGB_short_reads_mapping/software/vg/deps/sublinear-Li-Stephens/obj/delay_multiplier.o /Users/kazumichi/Downloads/BioHack26/PGGB_short_reads_mapping/software/vg/deps/sublinear-Li-Stephens/obj/DP_map.o /Users/kazumichi/Downloads/BioHack26/PGGB_short_reads_mapping/software/vg/deps/sublinear-Li-Stephens/obj/penalty_set.o /Users/kazumichi/Downloads/BioHack26/PGGB_short_reads_mapping/software/vg/deps/sublinear-Li-Stephens/obj/allele.o /Users/kazumichi/Downloads/BioHack26/PGGB_short_reads_mapping/software/vg/deps/sublinear-Li-Stephens/obj/row_set.o /Users/kazumichi/Downloads/BioHack26/PGGB_short_reads_mapping/software/vg/deps/sublinear-Li-Stephens/obj/haplotype_state_node.o /Users/kazumichi/Downloads/BioHack26/PGGB_short_reads_mapping/software/vg/deps/sublinear-Li-Stephens/obj/haplotype_state_tree.o /Users/kazumichi/Downloads/BioHack26/PGGB_short_reads_mapping/software/vg/deps/sublinear-Li-Stephens/obj/haplotype_manager.o /Users/kazumichi/Downloads/BioHack26/PGGB_short_reads_mapping/software/vg/deps/sublinear-Li-Stephens/obj/set_of_extensions.o /Users/kazumichi/Downloads/BioHack26/PGGB_short_reads_mapping/software/vg/deps/sublinear-Li-Stephens/obj/reference_sequence.o
ranlib /Users/kazumichi/Downloads/BioHack26/PGGB_short_reads_mapping/software/vg/deps/sublinear-Li-Stephens/lib/libsublinearLS.a
checking for memmove... yes
/usr/bin/c++  -fPIC -std=c++20 -O3 -Werror=return-type -ggdb -g   -Xpreprocessor -fopenmp -fPIC -std=c++20 -O3 -Werror=return-type -ggdb -g   -Xpreprocessor -fopenmp -std=c++17 -DNDEBUG -stdlib=libc++  -Xpreprocessor -fopenmp -pthread -O3 -ffast-math -funroll-loops -D__extern_always_inline="extern __always_inline"  -Iinclude -I/Users/kazumichi/Downloads/BioHack26/PGGB_short_reads_mapping/software/vg/include -I/opt/homebrew/Caskroom/miniforge/base/envs/bh26/include -I/opt/homebrew/Caskroom/miniforge/base/envs/bh26/include -c -o obj/internal.o src/internal.cpp
-- Performing Test HAS_FLTO - Success
-- Found pybind11: /opt/homebrew/Caskroom/miniforge/base/envs/bh26/include (found version "3.1.0")
-- 

checking for uint16_t... yes
c++ -Wl,-rpath,/opt/homebrew/Caskroom/miniforge/base/envs/bh26/lib  -L/usr/local/lib -L/opt/homebrew/Caskroom/miniforge/base/envs/bh26/lib  -MMD -MP -O3 -Werror=return-type -std=c++17 -ggdb -g -Ibdsg/include -I/Users/kazumichi/Downloads/BioHack26/PGGB_short_reads_mapping/software/vg/include -I/Users/kazumichi/Downloads/BioHack26/PGGB_short_reads_mapping/software/vg/include/GFAz -I. -I/Users/kazumichi/Downloads/BioHack26/PGGB_short_reads_mapping/software/vg/src -I/Users/kazumichi/Downloads/BioHack26/PGGB_short_reads_mapping/software/vg/src/unittest -I/Users/kazumichi/Downloads/BioHack26/PGGB_short_reads_mapping/software/vg/src/unittest/support -I/Users/kazumichi/Downloads/BioHack26/PGGB_short_reads_mapping/software/vg/src/subcommand -I/Users/kazumichi/Downloads/BioHack26/PGGB_short_reads_mapping/software/vg/include/dynamic -I/Users/kazumichi/Downloads/BioHack26/PGGB_short_reads_mapping/software/vg/include/cairo -DPROTOBUF_USE_DLLS -Wno-float-conversion -Wno-implicit-float-conversion -Wno-implicit-int-float-conversion -Wno-unknown-warning-option -Wno-unused-command-line-argument -DNOMINMAX -I/opt/homebrew/Caskroom/miniforge/base/envs/bh26/include  -isystem /usr/local/include -I/opt/homebrew/Caskroom/miniforge/base/envs/bh26/include -fPIC -std=c++20 -O3 -Werror=return-type -ggdb -g   -Xpreprocessor -fopenmp -Xpreprocessor -fopenmp -c bdsg/src/subgraph_overlay.cpp -o bdsg/obj/subgraph_overlay.o
c++ -Wl,-rpath,/opt/homebrew/Caskroom/miniforge/base/envs/bh26/lib  -L/usr/local/lib -L/opt/homebrew/Caskroom/miniforge/base/envs/bh26/lib  -MMD -MP -O3 -Werror=return-type -std=c++17 -ggdb -g -Ibdsg/include -I/Users/kazumichi/Downloads/BioHack26/PGGB_short_reads_mapping/software/vg/include -I/Users/kazumichi/Downloads/BioHack26/PGGB_short_reads_mapping/software/vg/include/GFAz -I. -I/Users/kazumichi/Downloads/BioHack26/PGGB_short_reads_mapping/software/vg/src -I/Users/kazumichi/Downloads/BioHack26/PGGB_short_reads_mapping/software/vg/src/unittest -I/Users/kazumichi/Downloads/BioHack26/PGGB_short_reads_mapping/software/vg/src/unittest/support -I/Users/kazumichi/Downloads/BioHack26/PGGB_short_reads_mapping/software/vg/src/subcommand -I/Users/kazumichi/Downloads/BioHack26/PGGB_short_reads_mapping/software/vg/include/dynamic -I/Users/kazumichi/Downloads/BioHack26/PGGB_short_reads_mapping/software/vg/include/cairo -DPROTOBUF_USE_DLLS -Wno-float-conversion -Wno-implicit-float-conversion -Wno-implicit-int-float-conversion -Wno-unknown-warning-option -Wno-unused-command-line-argument -DNOMINMAX -I/opt/homebrew/Caskroom/miniforge/base/envs/bh26/include  -isystem /usr/local/include -I/opt/homebrew/Caskroom/miniforge/base/envs/bh26/include -fPIC -std=c++20 -O3 -Werror=return-type -ggdb -g   -Xpreprocessor -fopenmp -Xpreprocessor -fopenmp -c bdsg/src/vectorizable_overlays.cpp -o bdsg/obj/vectorizable_overlays.o
checking for u_int16_t... yes
checking for __uint16... no
checking for long long... yes
checking for sys/resource.h... yes
checking for unistd.h... (cached) yes
c++ -Wl,-rpath,/opt/homebrew/Caskroom/miniforge/base/envs/bh26/lib  -L/usr/local/lib -L/opt/homebrew/Caskroom/miniforge/base/envs/bh26/lib  -MMD -MP -O3 -Werror=return-type -std=c++17 -ggdb -g -Ibdsg/include -I/Users/kazumichi/Downloads/BioHack26/PGGB_short_reads_mapping/software/vg/include -I/Users/kazumichi/Downloads/BioHack26/PGGB_short_reads_mapping/software/vg/include/GFAz -I. -I/Users/kazumichi/Downloads/BioHack26/PGGB_short_reads_mapping/software/vg/src -I/Users/kazumichi/Downloads/BioHack26/PGGB_short_reads_mapping/software/vg/src/unittest -I/Users/kazumichi/Downloads/BioHack26/PGGB_short_reads_mapping/software/vg/src/unittest/support -I/Users/kazumichi/Downloads/BioHack26/PGGB_short_reads_mapping/software/vg/src/subcommand -I/Users/kazumichi/Downloads/BioHack26/PGGB_short_reads_mapping/software/vg/include/dynamic -I/Users/kazumichi/Downloads/BioHack26/PGGB_short_reads_mapping/software/vg/include/cairo -DPROTOBUF_USE_DLLS -Wno-float-conversion -Wno-implicit-float-conversion -Wno-implicit-int-float-conversion -Wno-unknown-warning-option -Wno-unused-command-line-argument -DNOMINMAX -I/opt/homebrew/Caskroom/miniforge/base/envs/bh26/include  -isystem /usr/local/include -I/opt/homebrew/Caskroom/miniforge/base/envs/bh26/include -fPIC -std=c++20 -O3 -Werror=return-type -ggdb -g   -Xpreprocessor -fopenmp -Xpreprocessor -fopenmp -c bdsg/src/packed_subgraph_overlay.cpp -o bdsg/obj/packed_subgraph_overlay.o
checking for sys/time.h... yes
checking for sys/utsname.h... yes
checking for google/malloc_extension.h... no
checking whether the compiler implements namespaces... yes
/usr/bin/c++  -fPIC -std=c++20 -O3 -Werror=return-type -ggdb -g   -Xpreprocessor -fopenmp -fPIC -std=c++20 -O3 -Werror=return-type -ggdb -g   -Xpreprocessor -fopenmp -std=c++17 -DNDEBUG -stdlib=libc++   -Xpreprocessor -fopenmp -pthread -I/opt/homebrew/Caskroom/miniforge/base/envs/bh26/include -O3 -ffast-math -funroll-loops -D__extern_always_inline="extern __always_inline"  -Iinclude -I/Users/kazumichi/Downloads/BioHack26/PGGB_short_reads_mapping/software/vg/include -c -o obj/internal.o src/internal.cpp
c++ -Wl,-rpath,/opt/homebrew/Caskroom/miniforge/base/envs/bh26/lib  -L/usr/local/lib -L/opt/homebrew/Caskroom/miniforge/base/envs/bh26/lib  -MMD -MP -O3 -Werror=return-type -std=c++17 -ggdb -g -Ibdsg/include -I/Users/kazumichi/Downloads/BioHack26/PGGB_short_reads_mapping/software/vg/include -I/Users/kazumichi/Downloads/BioHack26/PGGB_short_reads_mapping/software/vg/include/GFAz -I. -I/Users/kazumichi/Downloads/BioHack26/PGGB_short_reads_mapping/software/vg/src -I/Users/kazumichi/Downloads/BioHack26/PGGB_short_reads_mapping/software/vg/src/unittest -I/Users/kazumichi/Downloads/BioHack26/PGGB_short_reads_mapping/software/vg/src/unittest/support -I/Users/kazumichi/Downloads/BioHack26/PGGB_short_reads_mapping/software/vg/src/subcommand -I/Users/kazumichi/Downloads/BioHack26/PGGB_short_reads_mapping/software/vg/include/dynamic -I/Users/kazumichi/Downloads/BioHack26/PGGB_short_reads_mapping/software/vg/include/cairo -DPROTOBUF_USE_DLLS -Wno-float-conversion -Wno-implicit-float-conversion -Wno-implicit-int-float-conversion -Wno-unknown-warning-option -Wno-unused-command-line-argument -DNOMINMAX -I/opt/homebrew/Caskroom/miniforge/base/envs/bh26/include  -isystem /usr/local/include -I/opt/homebrew/Caskroom/miniforge/base/envs/bh26/include -fPIC -std=c++20 -O3 -Werror=return-type -ggdb -g   -Xpreprocessor -fopenmp -Xpreprocessor -fopenmp -c bdsg/src/ch.cpp -o bdsg/obj/ch.o
The Meson build system
Version: 1.12.0
Source dir: /Users/kazumichi/Downloads/BioHack26/PGGB_short_reads_mapping/software/vg/deps/cairo
Build dir: /Users/kazumichi/Downloads/BioHack26/PGGB_short_reads_mapping/software/vg/deps/cairo/build
Build type: native build
Program version.py found: YES (/Users/kazumichi/Downloads/BioHack26/PGGB_short_reads_mapping/software/vg/deps/cairo/version.py)
Project name: cairo
Project version: 1.18.5
C compiler for the host machine: cc (clang 21.0.0 "Apple clang version 21.0.0 (clang-2100.3.34.2)")
C linker for the host machine: cc ld64 27037.1
Host machine cpu family: aarch64
Host machine cpu: aarch64
Compiler for C supports arguments -Wmissing-declarations: YES 
Compiler for C supports arguments -Werror-implicit-function-declaration: YES 
Compiler for C supports arguments -Wpointer-arith: YES 
Compiler for C supports arguments -Wwrite-strings: YES 
Compiler for C supports arguments -Wsign-compare: YES 
Compiler for C supports arguments -Wpacked: YES 
Compiler for C supports arguments -Wswitch-enum: YES 
Compiler for C supports arguments -Wmissing-format-attribute: YES 
Compiler for C supports arguments -Wvolatile-register-var: YES 
Compiler for C supports arguments -Wstrict-aliasing=2: YES 
Compiler for C supports arguments -Winit-self: YES 
Compiler for C supports arguments -Wunsafe-loop-optimizations: NO 
Compiler for C supports arguments -Wno-missing-field-initializers: YES 
Compiler for C supports arguments -Wno-unused-parameter: YES 
Compiler for C supports arguments -Wno-attributes: YES 
Compiler for C supports arguments -Wno-long-long: YES 
Compiler for C supports arguments -Winline: YES 
Compiler for C supports arguments -Wno-unused-but-set-variable: YES 
Compiler for C supports arguments -Wno-enum-conversion: YES 
Compiler for C supports arguments -fno-strict-aliasing: YES 
Compiler for C supports arguments -fno-common: YES 
Program python3 found: YES (/opt/homebrew/Caskroom/miniforge/base/envs/bh26/bin/python3.11)
Library m found: YES
Dependency gtk+-2.0 for host machine skipped: feature gtk2-utils disabled
Compiler for C supports link arguments -Wl,-Bsymbolic-functions: NO 
Fetching value of define "__FLOAT_WORD_ORDER__" : (undefined) 
Dependency lzo2 for host machine skipped: feature lzo disabled
Library dl found: YES
Checking for function "dlsym" with dependency -ldl: YES 
Dependency zlib for host machine skipped: feature zlib disabled
Found pkg-config: YES (/opt/homebrew/Caskroom/miniforge/base/envs/bh26/bin/pkg-config) 0.29.2
WARNING: Pkg-config error with 'libpng': Could not generate cflags for libpng:
Package zlib was not found in the pkg-config search path.
Perhaps you should add the directory containing `zlib.pc'
to the PKG_CONFIG_PATH environment variable
Package 'zlib', required by 'libpng', not found

Found CMake: /opt/homebrew/Caskroom/miniforge/base/envs/bh26/bin/cmake (4.4.3)
Run-time dependency libpng found: NO  (tried pkg-config, framework and cmake)
Looking for a fallback subproject for the dependency libpng
Downloading libpng source from https://github.com/glennrp/libpng/archive/v1.6.47.tar.gz
Downloading file of unknown size.
Downloading libpng patch from https://wrapdb.mesonbuild.com/v2/libpng_1.6.47-1/get_patch
checking the location of hash_map... <unordered_map>
In file included from bdsg/src/vectorizable_overlays.cpp:1:
In file included from bdsg/include/bdsg/overlays/vectorizable_overlays.hpp:22:
/Users/kazumichi/Downloads/BioHack26/PGGB_short_reads_mapping/software/vg/include/BooPHF.h:45:37: warning: 'iterator<std::forward_iterator_tag, std::pair<std::pair<long long, bool>, std::pair<long long, bool>>>' is deprecated [-Wdeprecated-declarations]
   45 |         class bfile_iterator : public std::iterator<std::forward_iterator_tag, basetype>{
      |                                            ^
/Users/kazumichi/Downloads/BioHack26/PGGB_short_reads_mapping/software/vg/include/BooPHF.h:1427:105: note: in instantiation of template class 'boomphf::bfile_iterator<std::pair<std::pair<long long, bool>, std::pair<long long, bool>>>' requested here
 1427 |                                 t_arg.it_p = std::static_pointer_cast<void>(std::make_shared<disklevel_it_type>(data_iterator_level.begin()));
      |                                                                                                                                     ^
/Users/kazumichi/Downloads/BioHack26/PGGB_short_reads_mapping/software/vg/include/BooPHF.h:945:5: note: in instantiation of function template specialization 'boomphf::mphf<std::pair<std::pair<long long, bool>, std::pair<long long, bool>>, bdsg::VectorizableOverlay::boomph_pair_pair_hash<long long, bool, long long, bool>>::processLevel<std::vector<std::pair<std::pair<long long, bool>, std::pair<long long, bool>>>>' requested here
  945 |                                 processLevel(input_range,ii);
      |                                 ^
bdsg/src/vectorizable_overlays.cpp:185:28: note: in instantiation of function template specialization 'boomphf::mphf<std::pair<std::pair<long long, bool>, std::pair<long long, bool>>, bdsg::VectorizableOverlay::boomph_pair_pair_hash<long long, bool, long long, bool>>::mphf<std::vector<std::pair<std::pair<long long, bool>, std::pair<long long, bool>>>>' requested here
  185 |     edge_to_rank.reset(new boomphf::mphf<pair<pair<nid_t, bool>, pair<nid_t, bool>>, boomph_pair_pair_hash<nid_t, bool, nid_t, bool>>(
      |                            ^
/Library/Developer/CommandLineTools/SDKs/MacOSX.sdk/usr/include/c++/v1/__iterator/iterator.h:23:8: note: 'iterator<std::forward_iterator_tag, std::pair<std::pair<long long, bool>, std::pair<long long, bool>>>' has been explicitly marked deprecated here
   23 | struct _LIBCPP_DEPRECATED_IN_CXX17 iterator {
      |        ^
/Library/Developer/CommandLineTools/SDKs/MacOSX.sdk/usr/include/c++/v1/__config:540:41: note: expanded from macro '_LIBCPP_DEPRECATED_IN_CXX17'
  540 | #    define _LIBCPP_DEPRECATED_IN_CXX17 _LIBCPP_DEPRECATED
      |                                         ^
/Library/Developer/CommandLineTools/SDKs/MacOSX.sdk/usr/include/c++/v1/__config:504:49: note: expanded from macro '_LIBCPP_DEPRECATED'
  504 | #      define _LIBCPP_DEPRECATED __attribute__((__deprecated__))
      |                                                 ^
In file included from bdsg/src/vectorizable_overlays.cpp:1:
In file included from bdsg/include/bdsg/overlays/vectorizable_overlays.hpp:22:
/Users/kazumichi/Downloads/BioHack26/PGGB_short_reads_mapping/software/vg/include/BooPHF.h:45:37: warning: 'iterator<std::forward_iterator_tag, long long>' is deprecated [-Wdeprecated-declarations]
   45 |         class bfile_iterator : public std::iterator<std::forward_iterator_tag, basetype>{
      |                                            ^
/Users/kazumichi/Downloads/BioHack26/PGGB_short_reads_mapping/software/vg/include/BooPHF.h:1427:105: note: in instantiation of template class 'boomphf::bfile_iterator<long long>' requested here
 1427 |                                 t_arg.it_p = std::static_pointer_cast<void>(std::make_shared<disklevel_it_type>(data_iterator_level.begin()));
      |                                                                                                                                     ^
/Users/kazumichi/Downloads/BioHack26/PGGB_short_reads_mapping/software/vg/include/BooPHF.h:945:5: note: in instantiation of function template specialization 'boomphf::mphf<long long, boomphf::SingleHashFunctor<long long>>::processLevel<std::vector<long long>>' requested here
  945 |                                 processLevel(input_range,ii);
      |                                 ^
bdsg/src/vectorizable_overlays.cpp:191:28: note: in instantiation of function template specialization 'boomphf::mphf<long long, boomphf::SingleHashFunctor<long long>>::mphf<std::vector<long long>>' requested here
  191 |     node_to_rank.reset(new boomphf::mphf<nid_t, boomphf::SingleHashFunctor<nid_t>>(rank_to_node.size(), rank_to_node,
      |                            ^
/Library/Developer/CommandLineTools/SDKs/MacOSX.sdk/usr/include/c++/v1/__iterator/iterator.h:23:8: note: 'iterator<std::forward_iterator_tag, long long>' has been explicitly marked deprecated here
   23 | struct _LIBCPP_DEPRECATED_IN_CXX17 iterator {
      |        ^
/Library/Developer/CommandLineTools/SDKs/MacOSX.sdk/usr/include/c++/v1/__config:540:41: note: expanded from macro '_LIBCPP_DEPRECATED_IN_CXX17'
  540 | #    define _LIBCPP_DEPRECATED_IN_CXX17 _LIBCPP_DEPRECATED
      |                                         ^
/Library/Developer/CommandLineTools/SDKs/MacOSX.sdk/usr/include/c++/v1/__config:504:49: note: expanded from macro '_LIBCPP_DEPRECATED'
  504 | #      define _LIBCPP_DEPRECATED __attribute__((__deprecated__))
      |                                                 ^
c++ -Wl,-rpath,/opt/homebrew/Caskroom/miniforge/base/envs/bh26/lib  -L/usr/local/lib -L/opt/homebrew/Caskroom/miniforge/base/envs/bh26/lib  -MMD -MP -O3 -Werror=return-type -std=c++17 -ggdb -g -Ibdsg/include -I/Users/kazumichi/Downloads/BioHack26/PGGB_short_reads_mapping/software/vg/include -I/Users/kazumichi/Downloads/BioHack26/PGGB_short_reads_mapping/software/vg/include/GFAz -I. -I/Users/kazumichi/Downloads/BioHack26/PGGB_short_reads_mapping/software/vg/src -I/Users/kazumichi/Downloads/BioHack26/PGGB_short_reads_mapping/software/vg/src/unittest -I/Users/kazumichi/Downloads/BioHack26/PGGB_short_reads_mapping/software/vg/src/unittest/support -I/Users/kazumichi/Downloads/BioHack26/PGGB_short_reads_mapping/software/vg/src/subcommand -I/Users/kazumichi/Downloads/BioHack26/PGGB_short_reads_mapping/software/vg/include/dynamic -I/Users/kazumichi/Downloads/BioHack26/PGGB_short_reads_mapping/software/vg/include/cairo -DPROTOBUF_USE_DLLS -Wno-float-conversion -Wno-implicit-float-conversion -Wno-implicit-int-float-conversion -Wno-unknown-warning-option -Wno-unused-command-line-argument -DNOMINMAX -I/opt/homebrew/Caskroom/miniforge/base/envs/bh26/include  -isystem /usr/local/include -I/opt/homebrew/Caskroom/miniforge/base/envs/bh26/include -fPIC -std=c++20 -O3 -Werror=return-type -ggdb -g   -Xpreprocessor -fopenmp -Xpreprocessor -fopenmp -c bdsg/src/snarl_distance_index.cpp -o bdsg/obj/snarl_distance_index.o
/usr/bin/c++  -fPIC -std=c++20 -O3 -Werror=return-type -ggdb -g   -Xpreprocessor -fopenmp -fPIC -std=c++20 -O3 -Werror=return-type -ggdb -g   -Xpreprocessor -fopenmp -std=c++17 -DNDEBUG -stdlib=libc++  -Xpreprocessor -fopenmp -pthread -O3 -ffast-math -funroll-loops -D__extern_always_inline="extern __always_inline"  -Iinclude -I/Users/kazumichi/Downloads/BioHack26/PGGB_short_reads_mapping/software/vg/include -I/opt/homebrew/Caskroom/miniforge/base/envs/bh26/include -I/opt/homebrew/Caskroom/miniforge/base/envs/bh26/include -c -o obj/metadata.o src/metadata.cpp
c++ -Wl,-rpath,/opt/homebrew/Caskroom/miniforge/base/envs/bh26/lib  -L/usr/local/lib -L/opt/homebrew/Caskroom/miniforge/base/envs/bh26/lib  -MMD -MP -O3 -Werror=return-type -std=c++17 -ggdb -g -Ibdsg/include -I/Users/kazumichi/Downloads/BioHack26/PGGB_short_reads_mapping/software/vg/include -I/Users/kazumichi/Downloads/BioHack26/PGGB_short_reads_mapping/software/vg/include/GFAz -I. -I/Users/kazumichi/Downloads/BioHack26/PGGB_short_reads_mapping/software/vg/src -I/Users/kazumichi/Downloads/BioHack26/PGGB_short_reads_mapping/software/vg/src/unittest -I/Users/kazumichi/Downloads/BioHack26/PGGB_short_reads_mapping/software/vg/src/unittest/support -I/Users/kazumichi/Downloads/BioHack26/PGGB_short_reads_mapping/software/vg/src/subcommand -I/Users/kazumichi/Downloads/BioHack26/PGGB_short_reads_mapping/software/vg/include/dynamic -I/Users/kazumichi/Downloads/BioHack26/PGGB_short_reads_mapping/software/vg/include/cairo -DPROTOBUF_USE_DLLS -Wno-float-conversion -Wno-implicit-float-conversion -Wno-implicit-int-float-conversion -Wno-unknown-warning-option -Wno-unused-command-line-argument -DNOMINMAX -I/opt/homebrew/Caskroom/miniforge/base/envs/bh26/include  -isystem /usr/local/include -I/opt/homebrew/Caskroom/miniforge/base/envs/bh26/include -fPIC -std=c++20 -O3 -Werror=return-type -ggdb -g   -Xpreprocessor -fopenmp -Xpreprocessor -fopenmp -c bdsg/src/strand_split_overlay.cpp -o bdsg/obj/strand_split_overlay.o
checking how to include hash_fun directly... <functional>
c++ -Wl,-rpath,/opt/homebrew/Caskroom/miniforge/base/envs/bh26/lib  -L/usr/local/lib -L/opt/homebrew/Caskroom/miniforge/base/envs/bh26/lib  -MMD -MP -O3 -Werror=return-type -std=c++17 -ggdb -g -Ibdsg/include -I/Users/kazumichi/Downloads/BioHack26/PGGB_short_reads_mapping/software/vg/include -I/Users/kazumichi/Downloads/BioHack26/PGGB_short_reads_mapping/software/vg/include/GFAz -I. -I/Users/kazumichi/Downloads/BioHack26/PGGB_short_reads_mapping/software/vg/src -I/Users/kazumichi/Downloads/BioHack26/PGGB_short_reads_mapping/software/vg/src/unittest -I/Users/kazumichi/Downloads/BioHack26/PGGB_short_reads_mapping/software/vg/src/unittest/support -I/Users/kazumichi/Downloads/BioHack26/PGGB_short_reads_mapping/software/vg/src/subcommand -I/Users/kazumichi/Downloads/BioHack26/PGGB_short_reads_mapping/software/vg/include/dynamic -I/Users/kazumichi/Downloads/BioHack26/PGGB_short_reads_mapping/software/vg/include/cairo -DPROTOBUF_USE_DLLS -Wno-float-conversion -Wno-implicit-float-conversion -Wno-implicit-int-float-conversion -Wno-unknown-warning-option -Wno-unused-command-line-argument -DNOMINMAX -I/opt/homebrew/Caskroom/miniforge/base/envs/bh26/include  -isystem /usr/local/include -I/opt/homebrew/Caskroom/miniforge/base/envs/bh26/include -fPIC -std=c++20 -O3 -Werror=return-type -ggdb -g   -Xpreprocessor -fopenmp -Xpreprocessor -fopenmp -c bdsg/src/utility.cpp -o bdsg/obj/utility.o
checking that generated files are newer than configure... done
configure: creating ./config.status
config.status: creating Makefile
config.status: creating src/config.h
config.status: executing depfiles commands
/usr/bin/c++  -fPIC -std=c++20 -O3 -Werror=return-type -ggdb -g   -Xpreprocessor -fopenmp -fPIC -std=c++20 -O3 -Werror=return-type -ggdb -g   -Xpreprocessor -fopenmp -std=c++17 -DNDEBUG -stdlib=libc++  -Xpreprocessor -fopenmp -pthread -O3 -ffast-math -funroll-loops -D__extern_always_inline="extern __always_inline"  -Iinclude -I/Users/kazumichi/Downloads/BioHack26/PGGB_short_reads_mapping/software/vg/include -I/opt/homebrew/Caskroom/miniforge/base/envs/bh26/include -I/opt/homebrew/Caskroom/miniforge/base/envs/bh26/include -c -o obj/support.o src/support.cpp
-- Could NOT find OpenMP_C (missing: OpenMP_C_FLAGS OpenMP_C_LIB_NAMES) 
-- Could NOT find OpenMP_CXX (missing: OpenMP_CXX_FLAGS OpenMP_CXX_LIB_NAMES) 
-- Could NOT find OpenMP (missing: OpenMP_C_FOUND OpenMP_CXX_FOUND) 
-- Performing Test CMAKE_HAVE_LIBC_PTHREAD
[ -d src/sparsehash/internal ] || mkdir -p src/sparsehash/internal
echo "/*" > src/sparsehash/internal/_sparsehash_config
echo " * NOTE: This file is for internal use only." >> src/sparsehash/internal/_sparsehash_config
echo " *       Do not use these #defines in your own program!" >> src/sparsehash/internal/_sparsehash_config
echo " */" >> src/sparsehash/internal/_sparsehash_config
awk '{prevline=currline; currline=$0;} \
	        /^#/ {in_second_file = 1;} \
	        !in_second_file {if (currline !~ /^ *$/) {inc[currline]=0}}; \
	       	in_second_file { for (i in inc) { \
	       	                   if (index(currline, i) != 0) { \
	       	                      print "\n"prevline"\n"currline; \
	       	                      delete inc[i]; \
	       	                   } \
	       	                 } }' \
	./src/config.h.include ./src/config.h \
	>> src/sparsehash/internal/_sparsehash_config
mv -f src/sparsehash/internal/_sparsehash_config src/sparsehash/internal/sparseconfig.h
/usr/bin/c++  -fPIC -std=c++20 -O3 -Werror=return-type -ggdb -g   -Xpreprocessor -fopenmp -fPIC -std=c++20 -O3 -Werror=return-type -ggdb -g   -Xpreprocessor -fopenmp -std=c++17 -DNDEBUG -stdlib=libc++  -Xpreprocessor -fopenmp -pthread -O3 -ffast-math -funroll-loops -D__extern_always_inline="extern __always_inline"  -Iinclude -I/Users/kazumichi/Downloads/BioHack26/PGGB_short_reads_mapping/software/vg/include -I/opt/homebrew/Caskroom/miniforge/base/envs/bh26/include -I/opt/homebrew/Caskroom/miniforge/base/envs/bh26/include -c -o obj/test.o src/test.cpp
 mkdir -p '/Users/kazumichi/Downloads/BioHack26/PGGB_short_reads_mapping/software/vg/share/doc/sparsehash-2.0.2'
 /usr/bin/install -c -m 644 AUTHORS COPYING ChangeLog INSTALL NEWS README README_windows.txt TODO doc/dense_hash_map.html doc/dense_hash_set.html doc/sparse_hash_map.html doc/sparse_hash_set.html doc/sparsetable.html doc/implementation.html doc/performance.html doc/index.html doc/designstyle.css '/Users/kazumichi/Downloads/BioHack26/PGGB_short_reads_mapping/software/vg/share/doc/sparsehash-2.0.2'
 mkdir -p '/Users/kazumichi/Downloads/BioHack26/PGGB_short_reads_mapping/software/vg/include/google'
 /usr/bin/install -c -m 644 src/google/dense_hash_map src/google/dense_hash_set src/google/sparse_hash_map src/google/sparse_hash_set src/google/sparsetable src/google/template_util.h src/google/type_traits.h '/Users/kazumichi/Downloads/BioHack26/PGGB_short_reads_mapping/software/vg/include/google'
 mkdir -p '/Users/kazumichi/Downloads/BioHack26/PGGB_short_reads_mapping/software/vg/include/google/sparsehash'
 /usr/bin/install -c -m 644 src/google/sparsehash/densehashtable.h src/google/sparsehash/sparsehashtable.h src/google/sparsehash/hashtable-common.h src/google/sparsehash/libc_allocator_with_realloc.h '/Users/kazumichi/Downloads/BioHack26/PGGB_short_reads_mapping/software/vg/include/google/sparsehash'

Executing subproject libpng for machine: host 

libpng| Project name: libpng
libpng| Project version: 1.6.47
libpng| C compiler for the host machine: cc (clang 21.0.0 "Apple clang version 21.0.0 (clang-2100.3.34.2)")
libpng| C linker for the host machine: cc ld64 27037.1
libpng| Run-time dependency zlib found: YES 1.2.12
libpng| Library m found: YES
libpng| Configuring libpng16.pc using configuration
libpng| Configuring libpng.pc using configuration
libpng| Build targets in project: 3
libpng| Subproject libpng finished.

Dependency libpng for host machine from subproject subprojects/libpng-1.6.47 found: YES 1.6.47
WARNING: Pkg-config error with 'fontconfig': Could not generate cflags for fontconfig:
Package expat was not found in the pkg-config search path.
Perhaps you should add the directory containing `expat.pc'
to the PKG_CONFIG_PATH environment variable
Package 'expat', required by 'fontconfig', not found

Dependency fontconfig for host machine found: NO. Unknown version, but need: ['>= 2.13.0']
Run-time dependency fontconfig found: NO  (tried pkg-config, framework and cmake)
Looking for a fallback subproject for the dependency fontconfig
Downloading fontconfig source from https://www.freedesktop.org/software/fontconfig/release/fontconfig-2.16.0.tar.xz
 mkdir -p '/Users/kazumichi/Downloads/BioHack26/PGGB_short_reads_mapping/software/vg/include/sparsehash/internal'
 /usr/bin/install -c -m 644 src/sparsehash/internal/densehashtable.h src/sparsehash/internal/sparsehashtable.h src/sparsehash/internal/hashtable-common.h src/sparsehash/internal/libc_allocator_with_realloc.h '/Users/kazumichi/Downloads/BioHack26/PGGB_short_reads_mapping/software/vg/include/sparsehash/internal'
 mkdir -p '/Users/kazumichi/Downloads/BioHack26/PGGB_short_reads_mapping/software/vg/include/sparsehash/internal'
 /usr/bin/install -c -m 644 src/sparsehash/internal/sparseconfig.h '/Users/kazumichi/Downloads/BioHack26/PGGB_short_reads_mapping/software/vg/include/sparsehash/internal'
echo 'prefix=/Users/kazumichi/Downloads/BioHack26/PGGB_short_reads_mapping/software/vg' > "libsparsehash.pc".tmp
echo 'exec_prefix='`echo '/Users/kazumichi/Downloads/BioHack26/PGGB_short_reads_mapping/software/vg' | sed 's@^/Users/kazumichi/Downloads/BioHack26/PGGB_short_reads_mapping/software/vg@${prefix}@'` >> "libsparsehash.pc".tmp
echo 'libdir='`echo '/Users/kazumichi/Downloads/BioHack26/PGGB_short_reads_mapping/software/vg/lib' | sed 's@^/Users/kazumichi/Downloads/BioHack26/PGGB_short_reads_mapping/software/vg@${exec_prefix}@'` >> "libsparsehash.pc".tmp
echo 'includedir='`echo '/Users/kazumichi/Downloads/BioHack26/PGGB_short_reads_mapping/software/vg/include' | sed 's@^/Users/kazumichi/Downloads/BioHack26/PGGB_short_reads_mapping/software/vg@${prefix}@'` >> "libsparsehash.pc".tmp
echo '' >> "libsparsehash.pc".tmp
echo 'Name: sparsehash' >> "libsparsehash.pc".tmp
echo 'Version: 2.0.2' >> "libsparsehash.pc".tmp
grep '^Summary:' ./packages/rpm/rpm.spec | sed s/^Summary:/Description:/ | head -n1 >> "libsparsehash.pc".tmp
/usr/bin/c++  -fPIC -std=c++20 -O3 -Werror=return-type -ggdb -g   -Xpreprocessor -fopenmp -fPIC -std=c++20 -O3 -Werror=return-type -ggdb -g   -Xpreprocessor -fopenmp -std=c++17 -DNDEBUG -stdlib=libc++   -Xpreprocessor -fopenmp -pthread -I/opt/homebrew/Caskroom/miniforge/base/envs/bh26/include -O3 -ffast-math -funroll-loops -D__extern_always_inline="extern __always_inline"  -Iinclude -I/Users/kazumichi/Downloads/BioHack26/PGGB_short_reads_mapping/software/vg/include -c -o obj/lcp.o src/lcp.cpp
grep '^URL: ' ./packages/rpm/rpm.spec >> "libsparsehash.pc".tmp
echo 'Requires:' >> "libsparsehash.pc".tmp
echo 'Libs:' >> "libsparsehash.pc".tmp
echo 'Cflags: -I${includedir}' >> "libsparsehash.pc".tmp
mv -f "libsparsehash.pc".tmp "libsparsehash.pc"
 mkdir -p '/Users/kazumichi/Downloads/BioHack26/PGGB_short_reads_mapping/software/vg/include/sparsehash'
 /usr/bin/install -c -m 644 src/sparsehash/dense_hash_map src/sparsehash/dense_hash_set src/sparsehash/sparse_hash_map src/sparsehash/sparse_hash_set src/sparsehash/sparsetable src/sparsehash/template_util.h src/sparsehash/type_traits.h '/Users/kazumichi/Downloads/BioHack26/PGGB_short_reads_mapping/software/vg/include/sparsehash'
-- Performing Test CMAKE_HAVE_LIBC_PTHREAD - Success
-- Found Threads: TRUE
-- Checking for module 'htslib'
 mkdir -p '/Users/kazumichi/Downloads/BioHack26/PGGB_short_reads_mapping/software/vg/lib/pkgconfig'
 /usr/bin/install -c -m 644 libsparsehash.pc '/Users/kazumichi/Downloads/BioHack26/PGGB_short_reads_mapping/software/vg/lib/pkgconfig'
/usr/bin/c++  -fPIC -std=c++20 -O3 -Werror=return-type -ggdb -g   -Xpreprocessor -fopenmp -fPIC -std=c++20 -O3 -Werror=return-type -ggdb -g   -Xpreprocessor -fopenmp -std=c++17 -DNDEBUG -stdlib=libc++   -Xpreprocessor -fopenmp -pthread -I/opt/homebrew/Caskroom/miniforge/base/envs/bh26/include -O3 -ffast-math -funroll-loops -D__extern_always_inline="extern __always_inline"  -Iinclude -I/Users/kazumichi/Downloads/BioHack26/PGGB_short_reads_mapping/software/vg/include -c -o obj/path_graph.o src/path_graph.cpp
--   Package 'zlib', required by 'htslib', not found
-- Checking for module 'tabixpp'
--   Found tabixpp, version 1.0
In file included from bdsg/src/ch.cpp:4:
In file included from bdsg/include/bdsg/ch.hpp:7:
In file included from bdsg/include/bdsg/hash_graph.hpp:11:
In file included from /Users/kazumichi/Downloads/BioHack26/PGGB_short_reads_mapping/software/vg/include/handlegraph/mutable_path_deletable_handle_graph.hpp:8:
In file included from /Users/kazumichi/Downloads/BioHack26/PGGB_short_reads_mapping/software/vg/include/handlegraph/mutable_path_mutable_handle_graph.hpp:8:
In file included from /Users/kazumichi/Downloads/BioHack26/PGGB_short_reads_mapping/software/vg/include/handlegraph/mutable_path_handle_graph.hpp:8:
In file included from /Users/kazumichi/Downloads/BioHack26/PGGB_short_reads_mapping/software/vg/include/handlegraph/path_handle_graph.hpp:8:
In file included from /Users/kazumichi/Downloads/BioHack26/PGGB_short_reads_mapping/software/vg/include/handlegraph/handle_graph.hpp:8:
In file included from /Users/kazumichi/Downloads/BioHack26/PGGB_short_reads_mapping/software/vg/include/handlegraph/types.hpp:9:
In file included from /Library/Developer/CommandLineTools/SDKs/MacOSX.sdk/usr/include/c++/v1/utility:325:
In file included from /Library/Developer/CommandLineTools/SDKs/MacOSX.sdk/usr/include/c++/v1/iosfwd:112:
In file included from /Library/Developer/CommandLineTools/SDKs/MacOSX.sdk/usr/include/c++/v1/__fwd/fstream.h:13:
/Library/Developer/CommandLineTools/SDKs/MacOSX.sdk/usr/include/c++/v1/__fwd/string.h:45:41: warning: 'char_traits<unsigned char>' is deprecated: char_traits<T> for T not equal to char, wchar_t, char8_t, char16_t or char32_t is non-standard and is provided for a temporary period. It will be removed in a future release, so please migrate off of it. [-Wdeprecated-declarations]
   45 | template <class _CharT, class _Traits = char_traits<_CharT>, class _Allocator = allocator<_CharT> >
      |                                         ^
/opt/homebrew/Caskroom/miniforge/base/envs/bh26/include/boost/xpressive/traits/cpp_regex_traits.hpp:321:18: note: in instantiation of default argument for 'basic_string<char_type>' required here
  321 |     typedef std::basic_string<char_type> string_type;
      |                  ^~~~~~~~~~~~~~~~~~~~~~~
/opt/homebrew/Caskroom/miniforge/base/envs/bh26/include/boost/xpressive/traits/cpp_regex_traits.hpp:673:22: note: in instantiation of template class 'boost::xpressive::cpp_regex_traits<unsigned char>' requested here
  673 | inline unsigned char cpp_regex_traits<unsigned char>::hash(unsigned char ch)
      |                      ^
/Library/Developer/CommandLineTools/SDKs/MacOSX.sdk/usr/include/c++/v1/__fwd/string.h:24:8: note: 'char_traits<unsigned char>' has been explicitly marked deprecated here
   24 | struct _LIBCPP_DEPRECATED_(
      |        ^
/Library/Developer/CommandLineTools/SDKs/MacOSX.sdk/usr/include/c++/v1/__config:505:53: note: expanded from macro '_LIBCPP_DEPRECATED_'
  505 | #      define _LIBCPP_DEPRECATED_(m) __attribute__((__deprecated__(m)))
      |                                                     ^
In file included from bdsg/src/ch.cpp:4:
In file included from bdsg/include/bdsg/ch.hpp:7:
In file included from bdsg/include/bdsg/hash_graph.hpp:11:
In file included from /Users/kazumichi/Downloads/BioHack26/PGGB_short_reads_mapping/software/vg/include/handlegraph/mutable_path_deletable_handle_graph.hpp:8:
In file included from /Users/kazumichi/Downloads/BioHack26/PGGB_short_reads_mapping/software/vg/include/handlegraph/mutable_path_mutable_handle_graph.hpp:8:
In file included from /Users/kazumichi/Downloads/BioHack26/PGGB_short_reads_mapping/software/vg/include/handlegraph/mutable_path_handle_graph.hpp:8:
In file included from /Users/kazumichi/Downloads/BioHack26/PGGB_short_reads_mapping/software/vg/include/handlegraph/path_handle_graph.hpp:8:
In file included from /Users/kazumichi/Downloads/BioHack26/PGGB_short_reads_mapping/software/vg/include/handlegraph/handle_graph.hpp:8:
In file included from /Users/kazumichi/Downloads/BioHack26/PGGB_short_reads_mapping/software/vg/include/handlegraph/types.hpp:9:
In file included from /Library/Developer/CommandLineTools/SDKs/MacOSX.sdk/usr/include/c++/v1/utility:325:
In file included from /Library/Developer/CommandLineTools/SDKs/MacOSX.sdk/usr/include/c++/v1/iosfwd:112:
In file included from /Library/Developer/CommandLineTools/SDKs/MacOSX.sdk/usr/include/c++/v1/__fwd/fstream.h:13:
/Library/Developer/CommandLineTools/SDKs/MacOSX.sdk/usr/include/c++/v1/__fwd/string.h:45:41: warning: 'char_traits<signed char>' is deprecated: char_traits<T> for T not equal to char, wchar_t, char8_t, char16_t or char32_t is non-standard and is provided for a temporary period. It will be removed in a future release, so please migrate off of it. [-Wdeprecated-declarations]
   45 | template <class _CharT, class _Traits = char_traits<_CharT>, class _Allocator = allocator<_CharT> >
      |                                         ^
/opt/homebrew/Caskroom/miniforge/base/envs/bh26/include/boost/xpressive/traits/cpp_regex_traits.hpp:321:18: note: in instantiation of default argument for 'basic_string<char_type>' required here
  321 |     typedef std::basic_string<char_type> string_type;
      |                  ^~~~~~~~~~~~~~~~~~~~~~~
/opt/homebrew/Caskroom/miniforge/base/envs/bh26/include/boost/xpressive/traits/cpp_regex_traits.hpp:685:22: note: in instantiation of template class 'boost::xpressive::cpp_regex_traits<signed char>' requested here
  685 | inline unsigned char cpp_regex_traits<signed char>::hash(signed char ch)
      |                      ^
/Library/Developer/CommandLineTools/SDKs/MacOSX.sdk/usr/include/c++/v1/__fwd/string.h:24:8: note: 'char_traits<signed char>' has been explicitly marked deprecated here
   24 | struct _LIBCPP_DEPRECATED_(
      |        ^
/Library/Developer/CommandLineTools/SDKs/MacOSX.sdk/usr/include/c++/v1/__config:505:53: note: expanded from macro '_LIBCPP_DEPRECATED_'
  505 | #      define _LIBCPP_DEPRECATED_(m) __attribute__((__deprecated__(m)))
      |                                                     ^
2 warnings generated.
/usr/bin/c++  -fPIC -std=c++20 -O3 -Werror=return-type -ggdb -g   -Xpreprocessor -fopenmp -fPIC -std=c++20 -O3 -Werror=return-type -ggdb -g   -Xpreprocessor -fopenmp -std=c++17 -DNDEBUG -stdlib=libc++   -Xpreprocessor -fopenmp -pthread -I/opt/homebrew/Caskroom/miniforge/base/envs/bh26/include -O3 -ffast-math -funroll-loops -D__extern_always_inline="extern __always_inline"  -Iinclude -I/Users/kazumichi/Downloads/BioHack26/PGGB_short_reads_mapping/software/vg/include -c -o obj/support.o src/support.cpp
/usr/bin/c++  -fPIC -std=c++20 -O3 -Werror=return-type -ggdb -g   -Xpreprocessor -fopenmp -fPIC -std=c++20 -O3 -Werror=return-type -ggdb -g   -Xpreprocessor -fopenmp -std=c++17 -DNDEBUG -stdlib=libc++  -Xpreprocessor -fopenmp -pthread -O3 -ffast-math -funroll-loops -D__extern_always_inline="extern __always_inline"  -Iinclude -I/Users/kazumichi/Downloads/BioHack26/PGGB_short_reads_mapping/software/vg/include -I/opt/homebrew/Caskroom/miniforge/base/envs/bh26/include -I/opt/homebrew/Caskroom/miniforge/base/envs/bh26/include -c -o obj/utils.o src/utils.cpp
In file included from bdsg/src/ch.cpp:4:
In file included from bdsg/include/bdsg/ch.hpp:14:
In file included from /opt/homebrew/Caskroom/miniforge/base/envs/bh26/include/boost/multi_array.hpp:34:
In file included from /opt/homebrew/Caskroom/miniforge/base/envs/bh26/include/boost/multi_array/multi_array_ref.hpp:32:
/opt/homebrew/Caskroom/miniforge/base/envs/bh26/include/boost/functional.hpp:45:24: error: no member named 'unary_function' in namespace 'std'; did you mean '__unary_function'?
   45 |             using std::unary_function;
      |                   ~~~~~^~~~~~~~~~~~~~
      |                        __unary_function
/Library/Developer/CommandLineTools/SDKs/MacOSX.sdk/usr/include/c++/v1/__functional/unary_function.h:45:1: note: '__unary_function' declared here
   45 | using __unary_function _LIBCPP_NODEBUG = __unary_function_keep_layout_base<_Arg, _Result>;
      | ^
In file included from bdsg/src/ch.cpp:4:
In file included from bdsg/include/bdsg/ch.hpp:14:
In file included from /opt/homebrew/Caskroom/miniforge/base/envs/bh26/include/boost/multi_array.hpp:34:
In file included from /opt/homebrew/Caskroom/miniforge/base/envs/bh26/include/boost/multi_array/multi_array_ref.hpp:32:
/opt/homebrew/Caskroom/miniforge/base/envs/bh26/include/boost/functional.hpp:46:24: error: no member named 'binary_function' in namespace 'std'; did you mean '__binary_function'?
   46 |             using std::binary_function;
      |                   ~~~~~^~~~~~~~~~~~~~~
      |                        __binary_function
/Library/Developer/CommandLineTools/SDKs/MacOSX.sdk/usr/include/c++/v1/__functional/binary_function.h:48:1: note: '__binary_function' declared here
   48 | using __binary_function _LIBCPP_NODEBUG = __binary_function_keep_layout_base<_Arg1, _Arg2, _Result>;
      | ^
In file included from bdsg/src/ch.cpp:4:
In file included from bdsg/include/bdsg/ch.hpp:14:
In file included from /opt/homebrew/Caskroom/miniforge/base/envs/bh26/include/boost/multi_array.hpp:34:
In file included from /opt/homebrew/Caskroom/miniforge/base/envs/bh26/include/boost/multi_array/multi_array_ref.hpp:32:
/opt/homebrew/Caskroom/miniforge/base/envs/bh26/include/boost/functional.hpp:180:45: error: no template named 'unary_function' in namespace 'boost::functional::detail'; did you mean '__unary_function'?
  180 |         : public boost::functional::detail::unary_function<typename unary_traits<Predicate>::argument_type,bool>
      |                  ~~~~~~~~~~~~~~~~~~~~~~~~~~~^~~~~~~~~~~~~~
      |                                             __unary_function
/opt/homebrew/Caskroom/miniforge/base/envs/bh26/include/boost/functional.hpp:45:24: note: '__unary_function' declared here
   45 |             using std::unary_function;
      |                        ^
/usr/bin/c++  -fPIC -std=c++20 -O3 -Werror=return-type -ggdb -g   -Xpreprocessor -fopenmp -fPIC -std=c++20 -O3 -Werror=return-type -ggdb -g   -Xpreprocessor -fopenmp -std=c++17 -DNDEBUG -stdlib=libc++   -Xpreprocessor -fopenmp -pthread -I/opt/homebrew/Caskroom/miniforge/base/envs/bh26/include -O3 -ffast-math -funroll-loops -D__extern_always_inline="extern __always_inline"  -Iinclude -I/Users/kazumichi/Downloads/BioHack26/PGGB_short_reads_mapping/software/vg/include -c -o obj/utils.o src/utils.cpp
/opt/homebrew/Caskroom/miniforge/base/envs/bh26/include/boost/functional.hpp:214:45: error: no template named 'binary_function' in namespace 'boost::functional::detail'; did you mean '__binary_function'?
  214 |         : public boost::functional::detail::binary_function<
      |                  ~~~~~~~~~~~~~~~~~~~~~~~~~~~^~~~~~~~~~~~~~~
      |                                             __binary_function
/opt/homebrew/Caskroom/miniforge/base/envs/bh26/include/boost/functional.hpp:46:24: note: '__binary_function' declared here
   46 |             using std::binary_function;
      |                        ^
/opt/homebrew/Caskroom/miniforge/base/envs/bh26/include/boost/functional.hpp:252:45: error: no template named 'unary_function' in namespace 'boost::functional::detail'; did you mean '__unary_function'?
  252 |         : public boost::functional::detail::unary_function<
      |                  ~~~~~~~~~~~~~~~~~~~~~~~~~~~^~~~~~~~~~~~~~
      |                                             __unary_function
/opt/homebrew/Caskroom/miniforge/base/envs/bh26/include/boost/functional.hpp:45:24: note: '__unary_function' declared here
   45 |             using std::unary_function;
      |                        ^
/opt/homebrew/Caskroom/miniforge/base/envs/bh26/include/boost/functional.hpp:299:45: error: no template named 'unary_function' in namespace 'boost::functional::detail'; did you mean '__unary_function'?
  299 |         : public boost::functional::detail::unary_function<
      |                  ~~~~~~~~~~~~~~~~~~~~~~~~~~~^~~~~~~~~~~~~~
      |                                             __unary_function
/opt/homebrew/Caskroom/miniforge/base/envs/bh26/include/boost/functional.hpp:45:24: note: '__unary_function' declared here
   45 |             using std::unary_function;
      |                        ^
/opt/homebrew/Caskroom/miniforge/base/envs/bh26/include/boost/functional.hpp:345:57: error: no template named 'unary_function' in namespace 'boost::functional::detail'; did you mean '__unary_function'?
  345 |     class mem_fun_t : public boost::functional::detail::unary_function<T*, S>
      |                              ~~~~~~~~~~~~~~~~~~~~~~~~~~~^~~~~~~~~~~~~~
      |                                                         __unary_function
/opt/homebrew/Caskroom/miniforge/base/envs/bh26/include/boost/functional.hpp:45:24: note: '__unary_function' declared here
   45 |             using std::unary_function;
      |                        ^
In file included from bdsg/src/snarl_distance_index.cpp:7:
In file included from bdsg/include/bdsg/snarl_distance_index.hpp:7:
In file included from /Users/kazumichi/Downloads/BioHack26/PGGB_short_reads_mapping/software/vg/include/handlegraph/snarl_decomposition.hpp:8:
In file included from /Users/kazumichi/Downloads/BioHack26/PGGB_short_reads_mapping/software/vg/include/handlegraph/types.hpp:9:
In file included from /Library/Developer/CommandLineTools/SDKs/MacOSX.sdk/usr/include/c++/v1/utility:325:
In file included from /Library/Developer/CommandLineTools/SDKs/MacOSX.sdk/usr/include/c++/v1/iosfwd:112:
In file included from /Library/Developer/CommandLineTools/SDKs/MacOSX.sdk/usr/include/c++/v1/__fwd/fstream.h:13:
/Library/Developer/CommandLineTools/SDKs/MacOSX.sdk/usr/include/c++/v1/__fwd/string.h:45:41: warning: 'char_traits<unsigned char>' is deprecated: char_traits<T> for T not equal to char, wchar_t, char8_t, char16_t or char32_t is non-standard and is provided for a temporary period. It will be removed in a future release, so please migrate off of it. [-Wdeprecated-declarations]
   45 | template <class _CharT, class _Traits = char_traits<_CharT>, class _Allocator = allocator<_CharT> >
      |                                         ^
/opt/homebrew/Caskroom/miniforge/base/envs/bh26/include/boost/xpressive/traits/cpp_regex_traits.hpp:321:18: note: in instantiation of default argument for 'basic_string<char_type>' required here
  321 |     typedef std::basic_string<char_type> string_type;
      |                  ^~~~~~~~~~~~~~~~~~~~~~~
/opt/homebrew/Caskroom/miniforge/base/envs/bh26/include/boost/xpressive/traits/cpp_regex_traits.hpp:673:22: note: in instantiation of template class 'boost::xpressive::cpp_regex_traits<unsigned char>' requested here
  673 | inline unsigned char cpp_regex_traits<unsigned char>::hash(unsigned char ch)
      |                      ^
/Library/Developer/CommandLineTools/SDKs/MacOSX.sdk/usr/include/c++/v1/__fwd/string.h:24:8: note: 'char_traits<unsigned char>' has been explicitly marked deprecated here
   24 | struct _LIBCPP_DEPRECATED_(
      |        ^
/Library/Developer/CommandLineTools/SDKs/MacOSX.sdk/usr/include/c++/v1/__config:505:53: note: expanded from macro '_LIBCPP_DEPRECATED_'
  505 | #      define _LIBCPP_DEPRECATED_(m) __attribute__((__deprecated__(m)))
      |                                                     ^
In file included from bdsg/src/snarl_distance_index.cpp:7:
In file included from bdsg/include/bdsg/snarl_distance_index.hpp:7:
In file included from /Users/kazumichi/Downloads/BioHack26/PGGB_short_reads_mapping/software/vg/include/handlegraph/snarl_decomposition.hpp:8:
In file included from /Users/kazumichi/Downloads/BioHack26/PGGB_short_reads_mapping/software/vg/include/handlegraph/types.hpp:9:
In file included from /Library/Developer/CommandLineTools/SDKs/MacOSX.sdk/usr/include/c++/v1/utility:325:
In file included from /Library/Developer/CommandLineTools/SDKs/MacOSX.sdk/usr/include/c++/v1/iosfwd:112:
In file included from /Library/Developer/CommandLineTools/SDKs/MacOSX.sdk/usr/include/c++/v1/__fwd/fstream.h:13:
/Library/Developer/CommandLineTools/SDKs/MacOSX.sdk/usr/include/c++/v1/__fwd/string.h:45:41: warning: 'char_traits<signed char>' is deprecated: char_traits<T> for T not equal to char, wchar_t, char8_t, char16_t or char32_t is non-standard and is provided for a temporary period. It will be removed in a future release, so please migrate off of it. [-Wdeprecated-declarations]
   45 | template <class _CharT, class _Traits = char_traits<_CharT>, class _Allocator = allocator<_CharT> >
      |                                         ^
/opt/homebrew/Caskroom/miniforge/base/envs/bh26/include/boost/xpressive/traits/cpp_regex_traits.hpp:321:18: note: in instantiation of default argument for 'basic_string<char_type>' required here
  321 |     typedef std::basic_string<char_type> string_type;
      |                  ^~~~~~~~~~~~~~~~~~~~~~~
/opt/homebrew/Caskroom/miniforge/base/envs/bh26/include/boost/xpressive/traits/cpp_regex_traits.hpp:685:22: note: in instantiation of template class 'boost::xpressive::cpp_regex_traits<signed char>' requested here
  685 | inline unsigned char cpp_regex_traits<signed char>::hash(signed char ch)
      |                      ^
/Library/Developer/CommandLineTools/SDKs/MacOSX.sdk/usr/include/c++/v1/__fwd/string.h:24:8: note: 'char_traits<signed char>' has been explicitly marked deprecated here
   24 | struct _LIBCPP_DEPRECATED_(
      |        ^
/Library/Developer/CommandLineTools/SDKs/MacOSX.sdk/usr/include/c++/v1/__config:505:53: note: expanded from macro '_LIBCPP_DEPRECATED_'
  505 | #      define _LIBCPP_DEPRECATED_(m) __attribute__((__deprecated__(m)))
      |                                                     ^
/opt/homebrew/Caskroom/miniforge/base/envs/bh26/include/boost/functional.hpp:361:58: error: no template named 'binary_function' in namespace 'boost::functional::detail'; did you mean '__binary_function'?
  361 |     class mem_fun1_t : public boost::functional::detail::binary_function<T*, A, S>
      |                               ~~~~~~~~~~~~~~~~~~~~~~~~~~~^~~~~~~~~~~~~~~
      |                                                          __binary_function
/opt/homebrew/Caskroom/miniforge/base/envs/bh26/include/boost/functional.hpp:46:24: note: '__binary_function' declared here
   46 |             using std::binary_function;
      |                        ^
/opt/homebrew/Caskroom/miniforge/base/envs/bh26/include/boost/functional.hpp:377:63: error: no template named 'unary_function' in namespace 'boost::functional::detail'; did you mean '__unary_function'?
  377 |     class const_mem_fun_t : public boost::functional::detail::unary_function<const T*, S>
      |                                    ~~~~~~~~~~~~~~~~~~~~~~~~~~~^~~~~~~~~~~~~~
      |                                                               __unary_function
/opt/homebrew/Caskroom/miniforge/base/envs/bh26/include/boost/functional.hpp:45:24: note: '__unary_function' declared here
   45 |             using std::unary_function;
      |                        ^
/opt/homebrew/Caskroom/miniforge/base/envs/bh26/include/boost/functional.hpp:393:64: error: no template named 'binary_function' in namespace 'boost::functional::detail'; did you mean '__binary_function'?
  393 |     class const_mem_fun1_t : public boost::functional::detail::binary_function<const T*, A, S>
      |                                     ~~~~~~~~~~~~~~~~~~~~~~~~~~~^~~~~~~~~~~~~~~
      |                                                                __binary_function
/opt/homebrew/Caskroom/miniforge/base/envs/bh26/include/boost/functional.hpp:46:24: note: '__binary_function' declared here
   46 |             using std::binary_function;
      |                        ^
/opt/homebrew/Caskroom/miniforge/base/envs/bh26/include/boost/functional.hpp:438:61: error: no template named 'unary_function' in namespace 'boost::functional::detail'; did you mean '__unary_function'?
  438 |     class mem_fun_ref_t : public boost::functional::detail::unary_function<T&, S>
      |                                  ~~~~~~~~~~~~~~~~~~~~~~~~~~~^~~~~~~~~~~~~~
      |                                                             __unary_function
/opt/homebrew/Caskroom/miniforge/base/envs/bh26/include/boost/functional.hpp:45:24: note: '__unary_function' declared here
   45 |             using std::unary_function;
      |                        ^
/opt/homebrew/Caskroom/miniforge/base/envs/bh26/include/boost/functional.hpp:454:62: error: no template named 'binary_function' in namespace 'boost::functional::detail'; did you mean '__binary_function'?
  454 |     class mem_fun1_ref_t : public boost::functional::detail::binary_function<T&, A, S>
      |                                   ~~~~~~~~~~~~~~~~~~~~~~~~~~~^~~~~~~~~~~~~~~
      |                                                              __binary_function
/opt/homebrew/Caskroom/miniforge/base/envs/bh26/include/boost/functional.hpp:46:24: note: '__binary_function' declared here
   46 |             using std::binary_function;
      |                        ^
/opt/homebrew/Caskroom/miniforge/base/envs/bh26/include/boost/functional.hpp:470:67: error: no template named 'unary_function' in namespace 'boost::functional::detail'; did you mean '__unary_function'?
  470 |     class const_mem_fun_ref_t : public boost::functional::detail::unary_function<const T&, S>
      |                                        ~~~~~~~~~~~~~~~~~~~~~~~~~~~^~~~~~~~~~~~~~
      |                                                                   __unary_function
/opt/homebrew/Caskroom/miniforge/base/envs/bh26/include/boost/functional.hpp:45:24: note: '__unary_function' declared here
   45 |             using std::unary_function;
      |                        ^
/opt/homebrew/Caskroom/miniforge/base/envs/bh26/include/boost/functional.hpp:487:68: error: no template named 'binary_function' in namespace 'boost::functional::detail'; did you mean '__binary_function'?
  487 |     class const_mem_fun1_ref_t : public boost::functional::detail::binary_function<const T&, A, S>
      |                                         ~~~~~~~~~~~~~~~~~~~~~~~~~~~^~~~~~~~~~~~~~~
      |                                                                    __binary_function
/opt/homebrew/Caskroom/miniforge/base/envs/bh26/include/boost/functional.hpp:46:24: note: '__binary_function' declared here
   46 |             using std::binary_function;
      |                        ^
/opt/homebrew/Caskroom/miniforge/base/envs/bh26/include/boost/functional.hpp:533:73: error: no template named 'unary_function' in namespace 'boost::functional::detail'; did you mean '__unary_function'?
  533 |     class pointer_to_unary_function : public boost::functional::detail::unary_function<Arg,Result>
      |                                              ~~~~~~~~~~~~~~~~~~~~~~~~~~~^~~~~~~~~~~~~~
      |                                                                         __unary_function
/opt/homebrew/Caskroom/miniforge/base/envs/bh26/include/boost/functional.hpp:45:24: note: '__unary_function' declared here
   45 |             using std::unary_function;
      |                        ^
/opt/homebrew/Caskroom/miniforge/base/envs/bh26/include/boost/functional.hpp:557:74: error: no template named 'binary_function' in namespace 'boost::functional::detail'; did you mean '__binary_function'?
  557 |     class pointer_to_binary_function : public boost::functional::detail::binary_function<Arg1,Arg2,Result>
      |                                               ~~~~~~~~~~~~~~~~~~~~~~~~~~~^~~~~~~~~~~~~~~
      |                                                                          __binary_function
/opt/homebrew/Caskroom/miniforge/base/envs/bh26/include/boost/functional.hpp:46:24: note: '__binary_function' declared here
   46 |             using std::binary_function;
      |                        ^
/usr/bin/c++  -fPIC -std=c++20 -O3 -Werror=return-type -ggdb -g   -Xpreprocessor -fopenmp -fPIC -std=c++20 -O3 -Werror=return-type -ggdb -g   -Xpreprocessor -fopenmp -std=c++17 -DNDEBUG -stdlib=libc++  -Xpreprocessor -fopenmp -pthread -O3 -ffast-math -funroll-loops -D__extern_always_inline="extern __always_inline"  -Iinclude -I/Users/kazumichi/Downloads/BioHack26/PGGB_short_reads_mapping/software/vg/include -I/opt/homebrew/Caskroom/miniforge/base/envs/bh26/include -I/opt/homebrew/Caskroom/miniforge/base/envs/bh26/include -c -o obj/variants.o src/variants.cpp
-- Using included htslib
In file included from bdsg/src/snarl_distance_index.cpp:8:
In file included from bdsg/include/bdsg/ch.hpp:14:
In file included from /opt/homebrew/Caskroom/miniforge/base/envs/bh26/include/boost/multi_array.hpp:34:
In file included from /opt/homebrew/Caskroom/miniforge/base/envs/bh26/include/boost/multi_array/multi_array_ref.hpp:32:
/opt/homebrew/Caskroom/miniforge/base/envs/bh26/include/boost/functional.hpp:45:24: error: no member named 'unary_function' in namespace 'std'; did you mean '__unary_function'?
   45 |             using std::unary_function;
      |                   ~~~~~^~~~~~~~~~~~~~
      |                        __unary_function
/Library/Developer/CommandLineTools/SDKs/MacOSX.sdk/usr/include/c++/v1/__functional/unary_function.h:45:1: note: '__unary_function' declared here
   45 | using __unary_function _LIBCPP_NODEBUG = __unary_function_keep_layout_base<_Arg, _Result>;
      | ^
In file included from bdsg/src/snarl_distance_index.cpp:8:
In file included from bdsg/include/bdsg/ch.hpp:14:
In file included from /opt/homebrew/Caskroom/miniforge/base/envs/bh26/include/boost/multi_array.hpp:34:
In file included from /opt/homebrew/Caskroom/miniforge/base/envs/bh26/include/boost/multi_array/multi_array_ref.hpp:32:
/opt/homebrew/Caskroom/miniforge/base/envs/bh26/include/boost/functional.hpp:46:24: error: no member named 'binary_function' in namespace 'std'; did you mean '__binary_function'?
   46 |             using std::binary_function;
      |                   ~~~~~^~~~~~~~~~~~~~~
      |                        __binary_function
/Library/Developer/CommandLineTools/SDKs/MacOSX.sdk/usr/include/c++/v1/__functional/binary_function.h:48:1: note: '__binary_function' declared here
   48 | using __binary_function _LIBCPP_NODEBUG = __binary_function_keep_layout_base<_Arg1, _Arg2, _Result>;
      | ^
In file included from bdsg/src/snarl_distance_index.cpp:8:
In file included from bdsg/include/bdsg/ch.hpp:14:
In file included from /opt/homebrew/Caskroom/miniforge/base/envs/bh26/include/boost/multi_array.hpp:34:
In file included from /opt/homebrew/Caskroom/miniforge/base/envs/bh26/include/boost/multi_array/multi_array_ref.hpp:32:
/opt/homebrew/Caskroom/miniforge/base/envs/bh26/include/boost/functional.hpp:180:45: error: no template named 'unary_function' in namespace 'boost::functional::detail'; did you mean '__unary_function'?
  180 |         : public boost::functional::detail::unary_function<typename unary_traits<Predicate>::argument_type,bool>
      |                  ~~~~~~~~~~~~~~~~~~~~~~~~~~~^~~~~~~~~~~~~~
      |                                             __unary_function
/opt/homebrew/Caskroom/miniforge/base/envs/bh26/include/boost/functional.hpp:45:24: note: '__unary_function' declared here
   45 |             using std::unary_function;
      |                        ^
/opt/homebrew/Caskroom/miniforge/base/envs/bh26/include/boost/functional.hpp:214:45: error: no template named 'binary_function' in namespace 'boost::functional::detail'; did you mean '__binary_function'?
  214 |         : public boost::functional::detail::binary_function<
      |                  ~~~~~~~~~~~~~~~~~~~~~~~~~~~^~~~~~~~~~~~~~~
      |                                             __binary_function
/opt/homebrew/Caskroom/miniforge/base/envs/bh26/include/boost/functional.hpp:46:24: note: '__binary_function' declared here
   46 |             using std::binary_function;
      |                        ^
/opt/homebrew/Caskroom/miniforge/base/envs/bh26/include/boost/functional.hpp:252:45: error: no template named 'unary_function' in namespace 'boost::functional::detail'; did you mean '__unary_function'?
  252 |         : public boost::functional::detail::unary_function<
      |                  ~~~~~~~~~~~~~~~~~~~~~~~~~~~^~~~~~~~~~~~~~
      |                                             __unary_function
/opt/homebrew/Caskroom/miniforge/base/envs/bh26/include/boost/functional.hpp:45:24: note: '__unary_function' declared here
   45 |             using std::unary_function;
      |                        ^
/opt/homebrew/Caskroom/miniforge/base/envs/bh26/include/boost/functional.hpp:299:45: error: no template named 'unary_function' in namespace 'boost::functional::detail'; did you mean '__unary_function'?
  299 |         : public boost::functional::detail::unary_function<
      |                  ~~~~~~~~~~~~~~~~~~~~~~~~~~~^~~~~~~~~~~~~~
      |                                             __unary_function
/opt/homebrew/Caskroom/miniforge/base/envs/bh26/include/boost/functional.hpp:45:24: note: '__unary_function' declared here
   45 |             using std::unary_function;
      |                        ^
/opt/homebrew/Caskroom/miniforge/base/envs/bh26/include/boost/functional.hpp:345:57: error: no template named 'unary_function' in namespace 'boost::functional::detail'; did you mean '__unary_function'?
  345 |     class mem_fun_t : public boost::functional::detail::unary_function<T*, S>
      |                              ~~~~~~~~~~~~~~~~~~~~~~~~~~~^~~~~~~~~~~~~~
      |                                                         __unary_function
/opt/homebrew/Caskroom/miniforge/base/envs/bh26/include/boost/functional.hpp:45:24: note: '__unary_function' declared here
   45 |             using std::unary_function;
      |                        ^
/opt/homebrew/Caskroom/miniforge/base/envs/bh26/include/boost/functional.hpp:361:58: error: no template named 'binary_function' in namespace 'boost::functional::detail'; did you mean '__binary_function'?
  361 |     class mem_fun1_t : public boost::functional::detail::binary_function<T*, A, S>
      |                               ~~~~~~~~~~~~~~~~~~~~~~~~~~~^~~~~~~~~~~~~~~
      |                                                          __binary_function
/opt/homebrew/Caskroom/miniforge/base/envs/bh26/include/boost/functional.hpp:46:24: note: '__binary_function' declared here
   46 |             using std::binary_function;
      |                        ^
/opt/homebrew/Caskroom/miniforge/base/envs/bh26/include/boost/functional.hpp:377:63: error: no template named 'unary_function' in namespace 'boost::functional::detail'; did you mean '__unary_function'?
  377 |     class const_mem_fun_t : public boost::functional::detail::unary_function<const T*, S>
      |                                    ~~~~~~~~~~~~~~~~~~~~~~~~~~~^~~~~~~~~~~~~~
      |                                                               __unary_function
/opt/homebrew/Caskroom/miniforge/base/envs/bh26/include/boost/functional.hpp:45:24: note: '__unary_function' declared here
   45 |             using std::unary_function;
      |                        ^
/opt/homebrew/Caskroom/miniforge/base/envs/bh26/include/boost/functional.hpp:393:64: error: no template named 'binary_function' in namespace 'boost::functional::detail'; did you mean '__binary_function'?
  393 |     class const_mem_fun1_t : public boost::functional::detail::binary_function<const T*, A, S>
      |                                     ~~~~~~~~~~~~~~~~~~~~~~~~~~~^~~~~~~~~~~~~~~
      |                                                                __binary_function
/opt/homebrew/Caskroom/miniforge/base/envs/bh26/include/boost/functional.hpp:46:24: note: '__binary_function' declared here
   46 |             using std::binary_function;
      |                        ^
/opt/homebrew/Caskroom/miniforge/base/envs/bh26/include/boost/functional.hpp:438:61: error: no template named 'unary_function' in namespace 'boost::functional::detail'; did you mean '__unary_function'?
  438 |     class mem_fun_ref_t : public boost::functional::detail::unary_function<T&, S>
      |                                  ~~~~~~~~~~~~~~~~~~~~~~~~~~~^~~~~~~~~~~~~~
      |                                                             __unary_function
/opt/homebrew/Caskroom/miniforge/base/envs/bh26/include/boost/functional.hpp:45:24: note: '__unary_function' declared here
   45 |             using std::unary_function;
      |                        ^
/opt/homebrew/Caskroom/miniforge/base/envs/bh26/include/boost/functional.hpp:454:62: error: no template named 'binary_function' in namespace 'boost::functional::detail'; did you mean '__binary_function'?
  454 |     class mem_fun1_ref_t : public boost::functional::detail::binary_function<T&, A, S>
      |                                   ~~~~~~~~~~~~~~~~~~~~~~~~~~~^~~~~~~~~~~~~~~
      |                                                              __binary_function
/opt/homebrew/Caskroom/miniforge/base/envs/bh26/include/boost/functional.hpp:46:24: note: '__binary_function' declared here
   46 |             using std::binary_function;
      |                        ^
/opt/homebrew/Caskroom/miniforge/base/envs/bh26/include/boost/functional.hpp:470:67: error: no template named 'unary_function' in namespace 'boost::functional::detail'; did you mean '__unary_function'?
  470 |     class const_mem_fun_ref_t : public boost::functional::detail::unary_function<const T&, S>
      |                                        ~~~~~~~~~~~~~~~~~~~~~~~~~~~^~~~~~~~~~~~~~
      |                                                                   __unary_function
/opt/homebrew/Caskroom/miniforge/base/envs/bh26/include/boost/functional.hpp:45:24: note: '__unary_function' declared here
   45 |             using std::unary_function;
      |                        ^
/opt/homebrew/Caskroom/miniforge/base/envs/bh26/include/boost/functional.hpp:487:68: error: no template named 'binary_function' in namespace 'boost::functional::detail'; did you mean '__binary_function'?
  487 |     class const_mem_fun1_ref_t : public boost::functional::detail::binary_function<const T&, A, S>
      |                                         ~~~~~~~~~~~~~~~~~~~~~~~~~~~^~~~~~~~~~~~~~~
      |                                                                    __binary_function
/opt/homebrew/Caskroom/miniforge/base/envs/bh26/include/boost/functional.hpp:46:24: note: '__binary_function' declared here
   46 |             using std::binary_function;
      |                        ^
/opt/homebrew/Caskroom/miniforge/base/envs/bh26/include/boost/functional.hpp:533:73: error: no template named 'unary_function' in namespace 'boost::functional::detail'; did you mean '__unary_function'?
  533 |     class pointer_to_unary_function : public boost::functional::detail::unary_function<Arg,Result>
      |                                              ~~~~~~~~~~~~~~~~~~~~~~~~~~~^~~~~~~~~~~~~~
      |                                                                         __unary_function
/opt/homebrew/Caskroom/miniforge/base/envs/bh26/include/boost/functional.hpp:45:24: note: '__unary_function' declared here
   45 |             using std::unary_function;
      |                        ^
/opt/homebrew/Caskroom/miniforge/base/envs/bh26/include/boost/functional.hpp:557:74: error: no template named 'binary_function' in namespace 'boost::functional::detail'; did you mean '__binary_function'?
  557 |     class pointer_to_binary_function : public boost::functional::detail::binary_function<Arg1,Arg2,Result>
      |                                               ~~~~~~~~~~~~~~~~~~~~~~~~~~~^~~~~~~~~~~~~~~
      |                                                                          __binary_function
/opt/homebrew/Caskroom/miniforge/base/envs/bh26/include/boost/functional.hpp:46:24: note: '__binary_function' declared here
   46 |             using std::binary_function;
      |                        ^
2 warnings and 16 errors generated.
-- Could NOT find CURL (missing: CURL_LIBRARY) (found version "8.22.0")
-- Using included tabixpp
make[1]: *** [bdsg/obj/ch.o] Error 1
make[1]: *** Waiting for unfinished jobs....
/usr/bin/c++  -fPIC -std=c++20 -O3 -Werror=return-type -ggdb -g   -Xpreprocessor -fopenmp -fPIC -std=c++20 -O3 -Werror=return-type -ggdb -g   -Xpreprocessor -fopenmp -std=c++17 -DNDEBUG -stdlib=libc++  -Xpreprocessor -fopenmp -pthread -O3 -ffast-math -funroll-loops -D__extern_always_inline="extern __always_inline"  -Iinclude -I/Users/kazumichi/Downloads/BioHack26/PGGB_short_reads_mapping/software/vg/include -I/opt/homebrew/Caskroom/miniforge/base/envs/bh26/include -I/opt/homebrew/Caskroom/miniforge/base/envs/bh26/include -c -o obj/build_gbwt.o src/build_gbwt.cpp
-- Using included libwfa
-- 

/usr/bin/c++  -fPIC -std=c++20 -O3 -Werror=return-type -ggdb -g   -Xpreprocessor -fopenmp -fPIC -std=c++20 -O3 -Werror=return-type -ggdb -g   -Xpreprocessor -fopenmp -std=c++17 -DNDEBUG -stdlib=libc++  -Xpreprocessor -fopenmp -pthread -O3 -ffast-math -funroll-loops -D__extern_always_inline="extern __always_inline"  -Iinclude -I/Users/kazumichi/Downloads/BioHack26/PGGB_short_reads_mapping/software/vg/include -I/opt/homebrew/Caskroom/miniforge/base/envs/bh26/include -I/opt/homebrew/Caskroom/miniforge/base/envs/bh26/include -c -o obj/build_ri.o src/build_ri.cpp
2 warnings and 16 errors generated.
make[1]: *** [bdsg/obj/snarl_distance_index.o] Error 1
make: *** [lib/libbdsg.a] Error 2
/usr/bin/c++  -fPIC -std=c++20 -O3 -Werror=return-type -ggdb -g   -Xpreprocessor -fopenmp -fPIC -std=c++20 -O3 -Werror=return-type -ggdb -g   -Xpreprocessor -fopenmp -std=c++17 -DNDEBUG -stdlib=libc++  -Xpreprocessor -fopenmp -pthread -O3 -ffast-math -funroll-loops -D__extern_always_inline="extern __always_inline"  -Iinclude -I/Users/kazumichi/Downloads/BioHack26/PGGB_short_reads_mapping/software/vg/include -I/opt/homebrew/Caskroom/miniforge/base/envs/bh26/include -I/opt/homebrew/Caskroom/miniforge/base/envs/bh26/include -c -o obj/merge_gbwt.o src/merge_gbwt.cpp
/usr/bin/c++  -fPIC -std=c++20 -O3 -Werror=return-type -ggdb -g   -Xpreprocessor -fopenmp -fPIC -std=c++20 -O3 -Werror=return-type -ggdb -g   -Xpreprocessor -fopenmp -std=c++17 -DNDEBUG -stdlib=libc++  -Xpreprocessor -fopenmp -pthread -O3 -ffast-math -funroll-loops -D__extern_always_inline="extern __always_inline"  -Iinclude -I/Users/kazumichi/Downloads/BioHack26/PGGB_short_reads_mapping/software/vg/include -I/opt/homebrew/Caskroom/miniforge/base/envs/bh26/include -I/opt/homebrew/Caskroom/miniforge/base/envs/bh26/include -c -o obj/benchmark.o src/benchmark.cpp
-- Could NOT find OpenMP_C (missing: OpenMP_C_FLAGS OpenMP_C_LIB_NAMES) 
-- Could NOT find OpenMP_CXX (missing: OpenMP_CXX_FLAGS OpenMP_CXX_LIB_NAMES) 
-- Could NOT find OpenMP (missing: OpenMP_C_FOUND OpenMP_CXX_FOUND) 
-- WFA using include contrib/WFA2-lib
Pandoc needs to be installed to generate the man pages
-- Configuring done (9.3s)
/usr/bin/c++  -fPIC -std=c++20 -O3 -Werror=return-type -ggdb -g   -Xpreprocessor -fopenmp -fPIC -std=c++20 -O3 -Werror=return-type -ggdb -g   -Xpreprocessor -fopenmp -std=c++17 -DNDEBUG -stdlib=libc++  -Xpreprocessor -fopenmp -pthread -O3 -ffast-math -funroll-loops -D__extern_always_inline="extern __always_inline"  -Iinclude -I/Users/kazumichi/Downloads/BioHack26/PGGB_short_reads_mapping/software/vg/include -I/opt/homebrew/Caskroom/miniforge/base/envs/bh26/include -I/opt/homebrew/Caskroom/miniforge/base/envs/bh26/include -c -o obj/metadata_tool.o src/metadata_tool.cpp
CMake Error at CMakeLists.txt:443 (target_link_libraries):
  Target "vcflib" links to:

    OpenMP::OpenMP_CXX

  but the target was not found.  Possible reasons include:

    * There is a typo in the target name.
    * A find_package call is missing for an IMPORTED target.
    * An ALIAS target is missing.



CMake Error at contrib/WFA2-lib/CMakeLists.txt:159 (target_link_libraries):
  Target "wfa2_static" links to:

    OpenMP::OpenMP_C

  but the target was not found.  Possible reasons include:

    * There is a typo in the target name.
    * A find_package call is missing for an IMPORTED target.
    * An ALIAS target is missing.



CMake Error at contrib/WFA2-lib/CMakeLists.txt:160 (target_link_libraries):
  Target "wfa2" links to:

    OpenMP::OpenMP_C

  but the target was not found.  Possible reasons include:

    * There is a typo in the target name.
    * A find_package call is missing for an IMPORTED target.
    * An ALIAS target is missing.



CMake Error at contrib/WFA2-lib/CMakeLists.txt:181 (target_link_libraries):
  Target "wfa2cpp_static" links to:

    OpenMP::OpenMP_CXX

  but the target was not found.  Possible reasons include:

    * There is a typo in the target name.
    * A find_package call is missing for an IMPORTED target.
    * An ALIAS target is missing.



CMake Error at contrib/WFA2-lib/CMakeLists.txt:182 (target_link_libraries):
  Target "wfa2cpp" links to:

    OpenMP::OpenMP_CXX

  but the target was not found.  Possible reasons include:

    * There is a typo in the target name.
    * A find_package call is missing for an IMPORTED target.
    * An ALIAS target is missing.



CMake Error at contrib/WFA2-lib/CMakeLists.txt:238 (target_link_libraries):
  Target "align_benchmark" links to:

    OpenMP::OpenMP_C

  but the target was not found.  Possible reasons include:

    * There is a typo in the target name.
    * A find_package call is missing for an IMPORTED target.
    * An ALIAS target is missing.



-- Generating done (0.5s)
CMake Generate step failed.  Build files cannot be regenerated correctly.
make: *** [lib/libvcflib.a] Error 1
/usr/bin/c++  -fPIC -std=c++20 -O3 -Werror=return-type -ggdb -g   -Xpreprocessor -fopenmp -fPIC -std=c++20 -O3 -Werror=return-type -ggdb -g   -Xpreprocessor -fopenmp -std=c++17 -DNDEBUG -stdlib=libc++  -Xpreprocessor -fopenmp -pthread -O3 -ffast-math -funroll-loops -D__extern_always_inline="extern __always_inline"  -Iinclude -I/Users/kazumichi/Downloads/BioHack26/PGGB_short_reads_mapping/software/vg/include -I/opt/homebrew/Caskroom/miniforge/base/envs/bh26/include -I/opt/homebrew/Caskroom/miniforge/base/envs/bh26/include -c -o obj/remove_seq.o src/remove_seq.cpp
1 warning generated.
ar rs lib/libxg.a deps/xg/xg.o
ar: creating archive lib/libxg.a
ar rcs lib/libgbwt.a obj/algorithms.o obj/bwtmerge.o obj/cached_gbwt.o obj/dynamic_gbwt.o obj/fast_locate.o obj/files.o obj/gbwt.o obj/internal.o obj/metadata.o obj/support.o obj/test.o obj/utils.o obj/variants.o
ar rcs lib/libgcsa2.a obj/algorithms.o obj/dbg.o obj/files.o obj/gcsa.o obj/internal.o obj/lcp.o obj/path_graph.o obj/support.o obj/utils.o
/usr/bin/c++ -Wl,-rpath,/opt/homebrew/Caskroom/miniforge/base/envs/bh26/lib  -L/usr/local/lib -L/opt/homebrew/Caskroom/miniforge/base/envs/bh26/lib  -fPIC -std=c++20 -O3 -Werror=return-type -ggdb -g   -Xpreprocessor -fopenmp -fPIC -std=c++20 -O3 -Werror=return-type -ggdb -g   -Xpreprocessor -fopenmp -std=c++17 -DNDEBUG -stdlib=libc++  -Xpreprocessor -fopenmp -pthread -O3 -ffast-math -funroll-loops -D__extern_always_inline="extern __always_inline"  -Iinclude -I/Users/kazumichi/Downloads/BioHack26/PGGB_short_reads_mapping/software/vg/include -I/opt/homebrew/Caskroom/miniforge/base/envs/bh26/include -I/opt/homebrew/Caskroom/miniforge/base/envs/bh26/include -o bin/build_gbwt obj/build_gbwt.o lib/libgbwt.a -L/Users/kazumichi/Downloads/BioHack26/PGGB_short_reads_mapping/software/vg/lib -lsdsl -L/opt/homebrew/Caskroom/miniforge/base/envs/bh26/lib -lzstd -L/opt/homebrew/Caskroom/miniforge/base/envs/bh26/lib -lomp
/usr/bin/c++ -Wl,-rpath,/opt/homebrew/Caskroom/miniforge/base/envs/bh26/lib  -L/usr/local/lib -L/opt/homebrew/Caskroom/miniforge/base/envs/bh26/lib  -fPIC -std=c++20 -O3 -Werror=return-type -ggdb -g   -Xpreprocessor -fopenmp -fPIC -std=c++20 -O3 -Werror=return-type -ggdb -g   -Xpreprocessor -fopenmp -std=c++17 -DNDEBUG -stdlib=libc++  -Xpreprocessor -fopenmp -pthread -O3 -ffast-math -funroll-loops -D__extern_always_inline="extern __always_inline"  -Iinclude -I/Users/kazumichi/Downloads/BioHack26/PGGB_short_reads_mapping/software/vg/include -I/opt/homebrew/Caskroom/miniforge/base/envs/bh26/include -I/opt/homebrew/Caskroom/miniforge/base/envs/bh26/include -o bin/build_ri obj/build_ri.o lib/libgbwt.a -L/Users/kazumichi/Downloads/BioHack26/PGGB_short_reads_mapping/software/vg/lib -lsdsl -L/opt/homebrew/Caskroom/miniforge/base/envs/bh26/lib -lzstd -L/opt/homebrew/Caskroom/miniforge/base/envs/bh26/lib -lomp
/usr/bin/c++ -Wl,-rpath,/opt/homebrew/Caskroom/miniforge/base/envs/bh26/lib  -L/usr/local/lib -L/opt/homebrew/Caskroom/miniforge/base/envs/bh26/lib  -fPIC -std=c++20 -O3 -Werror=return-type -ggdb -g   -Xpreprocessor -fopenmp -fPIC -std=c++20 -O3 -Werror=return-type -ggdb -g   -Xpreprocessor -fopenmp -std=c++17 -DNDEBUG -stdlib=libc++  -Xpreprocessor -fopenmp -pthread -O3 -ffast-math -funroll-loops -D__extern_always_inline="extern __always_inline"  -Iinclude -I/Users/kazumichi/Downloads/BioHack26/PGGB_short_reads_mapping/software/vg/include -I/opt/homebrew/Caskroom/miniforge/base/envs/bh26/include -I/opt/homebrew/Caskroom/miniforge/base/envs/bh26/include -o bin/merge_gbwt obj/merge_gbwt.o lib/libgbwt.a -L/Users/kazumichi/Downloads/BioHack26/PGGB_short_reads_mapping/software/vg/lib -lsdsl -L/opt/homebrew/Caskroom/miniforge/base/envs/bh26/lib -lzstd -L/opt/homebrew/Caskroom/miniforge/base/envs/bh26/lib -lomp
/usr/bin/c++ -Wl,-rpath,/opt/homebrew/Caskroom/miniforge/base/envs/bh26/lib  -L/usr/local/lib -L/opt/homebrew/Caskroom/miniforge/base/envs/bh26/lib  -fPIC -std=c++20 -O3 -Werror=return-type -ggdb -g   -Xpreprocessor -fopenmp -fPIC -std=c++20 -O3 -Werror=return-type -ggdb -g   -Xpreprocessor -fopenmp -std=c++17 -DNDEBUG -stdlib=libc++  -Xpreprocessor -fopenmp -pthread -O3 -ffast-math -funroll-loops -D__extern_always_inline="extern __always_inline"  -Iinclude -I/Users/kazumichi/Downloads/BioHack26/PGGB_short_reads_mapping/software/vg/include -I/opt/homebrew/Caskroom/miniforge/base/envs/bh26/include -I/opt/homebrew/Caskroom/miniforge/base/envs/bh26/include -o bin/benchmark obj/benchmark.o lib/libgbwt.a -L/Users/kazumichi/Downloads/BioHack26/PGGB_short_reads_mapping/software/vg/lib -lsdsl -L/opt/homebrew/Caskroom/miniforge/base/envs/bh26/lib -lzstd -L/opt/homebrew/Caskroom/miniforge/base/envs/bh26/lib -lomp
/usr/bin/c++ -Wl,-rpath,/opt/homebrew/Caskroom/miniforge/base/envs/bh26/lib  -L/usr/local/lib -L/opt/homebrew/Caskroom/miniforge/base/envs/bh26/lib  -fPIC -std=c++20 -O3 -Werror=return-type -ggdb -g   -Xpreprocessor -fopenmp -fPIC -std=c++20 -O3 -Werror=return-type -ggdb -g   -Xpreprocessor -fopenmp -std=c++17 -DNDEBUG -stdlib=libc++  -Xpreprocessor -fopenmp -pthread -O3 -ffast-math -funroll-loops -D__extern_always_inline="extern __always_inline"  -Iinclude -I/Users/kazumichi/Downloads/BioHack26/PGGB_short_reads_mapping/software/vg/include -I/opt/homebrew/Caskroom/miniforge/base/envs/bh26/include -I/opt/homebrew/Caskroom/miniforge/base/envs/bh26/include -o bin/metadata_tool obj/metadata_tool.o lib/libgbwt.a -L/Users/kazumichi/Downloads/BioHack26/PGGB_short_reads_mapping/software/vg/lib -lsdsl -L/opt/homebrew/Caskroom/miniforge/base/envs/bh26/lib -lzstd -L/opt/homebrew/Caskroom/miniforge/base/envs/bh26/lib -lomp
/usr/bin/c++ -Wl,-rpath,/opt/homebrew/Caskroom/miniforge/base/envs/bh26/lib  -L/usr/local/lib -L/opt/homebrew/Caskroom/miniforge/base/envs/bh26/lib  -fPIC -std=c++20 -O3 -Werror=return-type -ggdb -g   -Xpreprocessor -fopenmp -fPIC -std=c++20 -O3 -Werror=return-type -ggdb -g   -Xpreprocessor -fopenmp -std=c++17 -DNDEBUG -stdlib=libc++  -Xpreprocessor -fopenmp -pthread -O3 -ffast-math -funroll-loops -D__extern_always_inline="extern __always_inline"  -Iinclude -I/Users/kazumichi/Downloads/BioHack26/PGGB_short_reads_mapping/software/vg/include -I/opt/homebrew/Caskroom/miniforge/base/envs/bh26/include -I/opt/homebrew/Caskroom/miniforge/base/envs/bh26/include -o bin/remove_seq obj/remove_seq.o lib/libgbwt.a -L/Users/kazumichi/Downloads/BioHack26/PGGB_short_reads_mapping/software/vg/lib -lsdsl -L/opt/homebrew/Caskroom/miniforge/base/envs/bh26/lib -lzstd -L/opt/homebrew/Caskroom/miniforge/base/envs/bh26/lib -lomp
rm obj/merge_gbwt.o obj/build_ri.o obj/build_gbwt.o obj/remove_seq.o obj/metadata_tool.o obj/benchmark.o

Executing subproject fontconfig for machine: host 

fontconfig| DEPRECATION: WrapDB v1 is deprecated, updated using `meson wrap update libpng`
fontconfig| DEPRECATION: WrapDB v1 is deprecated, updated using `meson wrap update zlib`
fontconfig| DEPRECATION: WrapDB v1 is deprecated, updated using `meson wrap update expat`
fontconfig| Project name: fontconfig
fontconfig| Project version: 2.16.0
fontconfig| C compiler for the host machine: cc (clang 21.0.0 "Apple clang version 21.0.0 (clang-2100.3.34.2)")
fontconfig| C linker for the host machine: cc ld64 27037.1
fontconfig| Library m found: YES
fontconfig| Run-time dependency freetype2 found: YES 26.6.20
fontconfig| Run-time dependency json-c found: YES
fontconfig| Run-time dependency expat found: YES 2.7.4
fontconfig| Program python3 found: YES (/opt/homebrew/Caskroom/miniforge/base/envs/bh26/bin/python3.11)
fontconfig| Program pytest found: NO
fontconfig| Run-time dependency intl found: NO  (tried builtin and system)
fontconfig| Looking for a fallback subproject for the dependency intl

Executing subproject fontconfig:libintl for machine: host

libintl| Project name: libintl
libintl| Project version: undefined
libintl| C compiler for the host machine: cc (clang 21.0.0 "Apple clang version 21.0.0 (clang-2100.3.34.2)")
libintl| C linker for the host machine: cc ld64 27037.1
libintl| Has header "libintl.h" : NO
libintl| Build targets in project: 3
libintl| Subproject libintl finished.

fontconfig| Dependency intl for host machine from subproject subprojects/fontconfig-2.16.0/subprojects/libintl found: NO
fontconfig| Has header "dirent.h" : YES
fontconfig| Has header "dlfcn.h" : YES
fontconfig| Has header "fcntl.h" : YES
fontconfig| Has header "inttypes.h" : YES
fontconfig| Has header "stdint.h" : YES
fontconfig| Has header "stdio.h" : YES
fontconfig| Has header "stdlib.h" : YES
fontconfig| Has header "strings.h" : YES
fontconfig| Has header "string.h" : YES
fontconfig| Has header "unistd.h" : YES
fontconfig| Has header "sys/statvfs.h" : YES
fontconfig| Has header "sys/vfs.h" : NO
fontconfig| Has header "sys/statfs.h" : NO
fontconfig| Has header "sys/stat.h" : YES
fontconfig| Has header "sys/types.h" : YES
fontconfig| Has header "sys/param.h" : YES
fontconfig| Has header "sys/mount.h" : YES
fontconfig| Has header "time.h" : YES
fontconfig| Has header "wchar.h" : YES
fontconfig| Checking for function "link" : YES
fontconfig| Checking for function "mkstemp" : YES
fontconfig| Checking for function "mkostemp" : YES
fontconfig| Checking for function "_mktemp_s" : NO
fontconfig| Checking for function "mkdtemp" : YES
fontconfig| Checking for function "getopt" : YES
fontconfig| Checking for function "getopt_long" : YES
fontconfig| Checking for function "getprogname" : YES
fontconfig| Checking for function "getexecname" : NO
fontconfig| Checking for function "rand" : YES
fontconfig| Checking for function "random" : YES
fontconfig| Checking for function "lrand48" : YES
fontconfig| Checking for function "random_r" : NO
fontconfig| Checking for function "rand_r" : YES
fontconfig| Checking for function "readlink" : YES
fontconfig| Checking for function "fstatvfs" : YES
fontconfig| Checking for function "fstatfs" : YES
fontconfig| Checking for function "lstat" : YES
fontconfig| Checking for function "strerror" : YES
fontconfig| Checking for function "strerror_r" : YES
fontconfig| Checking for function "mmap" : YES
fontconfig| Checking for function "vprintf" : YES
fontconfig| Checking for function "vsnprintf" : YES
fontconfig| Checking for function "vsprintf" : YES
fontconfig| Checking for function "getpagesize" : YES
fontconfig| Checking for function "getpid" : YES
fontconfig| Checking for function "dcgettext" : NO
fontconfig| Checking for function "gettext" : NO
fontconfig| Checking for function "localtime_r" : YES
fontconfig| Checking for function "FT_Get_BDF_Property" with dependency freetype2: YES
fontconfig| Checking for function "FT_Get_PS_Font_Info" with dependency freetype2: YES
fontconfig| Checking for function "FT_Has_PS_Glyph_Names" with dependency freetype2: YES
fontconfig| Checking for function "FT_Get_X11_Font_Format" with dependency freetype2: YES
fontconfig| Checking for function "FT_Done_MM_Var" with dependency freetype2: YES
fontconfig| Header "fcntl.h" has symbol "posix_fadvise" : NO
fontconfig| Checking whether type "struct statvfs" has member "f_basetype" : NO
fontconfig| Checking whether type "struct statvfs" has member "f_fstypename" : NO
fontconfig| Checking whether type "struct statfs" has member "f_flags" : NO
fontconfig| Checking whether type "struct statfs" has member "f_fstypename" : NO
fontconfig| Checking whether type "struct stat" has member "st_mtim" : NO
fontconfig| Checking whether type "struct dirent" has member "d_type" : YES
fontconfig| Checking for size of "void *" : 8
fontconfig| Checking for alignment of "void *" : 8
fontconfig| Checking for alignment of "double" : 8
fontconfig| Checking if "stdatomic.h atomics" links: YES
fontconfig| Checking if "Intel atomics" links: YES
fontconfig| Checking if "Solaris atomic ops" links: NO
fontconfig| Run-time dependency threads found: YES
fontconfig| Program gperf found: YES (/usr/bin/gperf)
fontconfig| Message: gperf len type is unsigned
fontconfig| Checking for type "uint64_t" : YES
fontconfig| Checking for type "int32_t" : YES
fontconfig| Checking for type "uintptr_t" : YES
fontconfig| Checking for type "intptr_t" : YES
fontconfig| Program fc-case.py found: YES (/Users/kazumichi/Downloads/BioHack26/PGGB_short_reads_mapping/software/vg/deps/cairo/subprojects/fontconfig-2.16.0/fc-case/fc-case.py)
fontconfig| Program fc-lang.py found: YES (/Users/kazumichi/Downloads/BioHack26/PGGB_short_reads_mapping/software/vg/deps/cairo/subprojects/fontconfig-2.16.0/fc-lang/fc-lang.py)
fontconfig| WARNING: Build target preprocessor_0 has no sources. This was never supposed to be allowed but did because of a bug, support will be removed in a future release of Meson
fontconfig| Found pkg-config: YES (/opt/homebrew/Caskroom/miniforge/base/envs/bh26/bin/pkg-config) 0.29.2
fontconfig| Program write-35-lang-normalize-conf.py found: YES (/Users/kazumichi/Downloads/BioHack26/PGGB_short_reads_mapping/software/vg/deps/cairo/subprojects/fontconfig-2.16.0/conf.d/write-35-lang-normalize-conf.py)
fontconfig| Configuring README using configuration
fontconfig| Program xgettext skipped: feature nls disabled
fontconfig| Configuring config.h using configuration
fontconfig| Configuring fonts.conf using configuration
fontconfig| Build targets in project: 14
fontconfig| Subproject fontconfig finished.

Dependency fontconfig for host machine from subproject subprojects/fontconfig-2.16.0 found: YES 2.16.0
Program ttx found: YES (/opt/homebrew/Caskroom/miniforge/base/envs/bh26/bin/ttx)
Run-time dependency freetype2 found: YES 26.6.20
Checking for type "FT_SVG_Document" with dependency freetype2: YES 
Checking if define "FT_LOAD_NO_SVG" with dependency freetype2 exists: YES 
Checking for function "FT_Get_Color_Glyph_Paint" with dependency freetype2: YES 
Dependency x11 for host machine skipped: feature xlib disabled
Dependency xext for host machine skipped: feature xlib disabled
Dependency xcb for host machine skipped: feature xcb disabled
Dependency xcb-render for host machine skipped: feature xcb disabled
Dependency gobject-2.0 for host machine skipped: feature glib disabled
Dependency glib-2.0 for host machine skipped: feature glib disabled
Library bfd skipped: feature symbol-lookup disabled
Dependency librsvg-2.0 for host machine skipped: feature tests disabled
Run-time dependency pixman-1 found: YES 0.46.5
Checking for size of "void *" : 8 (cached)
Checking for size of "int" : 4 
Checking for size of "long" : 8 
Checking for size of "long long" : 8 
Checking for size of "size_t" : 8 
Has header "stdint.h" : YES (cached)
Has header "inttypes.h" : YES (cached)
Has header "sys/int_types.h" : NO 
Has header "fcntl.h" : YES (cached)
Has header "unistd.h" : YES (cached)
Has header "signal.h" : YES 
Has header "sys/stat.h" : YES (cached)
Has header "sys/socket.h" : YES 
Has header "poll.h" : YES 
Has header "sys/poll.h" : YES 
Has header "sys/un.h" : YES 
Has header "sched.h" : YES 
Has header "sys/mman.h" : YES 
Has header "time.h" : YES (cached)
Has header "libgen.h" : YES 
Has header "byteswap.h" : NO 
Has header "signal.h" : YES (cached)
Has header "setjmp.h" : YES 
Has header "fenv.h" : YES 
Has header "sys/wait.h" : YES 
Has header "sys/stat.h" : YES (cached)
Has header "io.h" : NO 
Has header "fenv.h" : YES (cached)
Has header "xlocale.h" : YES 
Has header "sys/ioctl.h" : YES 
Has header "intsafe.h" : NO 
Has header "alloca.h" : YES 
Has header "termios.h" : YES 
Checking for type "uint64_t" : YES 
Checking for type "uint128_t" : NO 
Checking for type "__uint128_t" : YES 
Checking for function "alarm" with dependencies -lm, -ldl, freetype2, pixman-1: YES 
Checking for function "ctime_r" with dependencies -lm, -ldl, freetype2, pixman-1: YES 
Checking for function "localtime_r" with dependencies -lm, -ldl, freetype2, pixman-1: YES 
Checking for function "gmtime_r" with dependencies -lm, -ldl, freetype2, pixman-1: YES 
Checking for function "drand48" with dependencies -lm, -ldl, freetype2, pixman-1: YES 
Checking for function "flockfile" with dependencies -lm, -ldl, freetype2, pixman-1: YES 
Checking for function "funlockfile" with dependencies -lm, -ldl, freetype2, pixman-1: YES 
Checking for function "getline" with dependencies -lm, -ldl, freetype2, pixman-1: YES 
Checking for function "link" with dependencies -lm, -ldl, freetype2, pixman-1: YES 
Checking for function "fork" with dependencies -lm, -ldl, freetype2, pixman-1: YES 
Checking for function "waitpid" with dependencies -lm, -ldl, freetype2, pixman-1: YES 
Checking for function "raise" with dependencies -lm, -ldl, freetype2, pixman-1: YES 
Checking for function "newlocale" with dependencies -lm, -ldl, freetype2, pixman-1: YES 
Checking for function "strtod_l" with dependencies -lm, -ldl, freetype2, pixman-1: YES 
Checking for function "sched_getaffinity" with dependencies -lm, -ldl, freetype2, pixman-1: NO 
Checking for function "mmap" with dependencies -lm, -ldl, freetype2, pixman-1: YES 
Checking for function "clock_gettime" with dependencies -lm, -ldl, freetype2, pixman-1: YES 
Checking for function "feenableexcept" with dependencies -lm, -ldl, freetype2, pixman-1: NO 
Checking for function "fedisableexcept" with dependencies -lm, -ldl, freetype2, pixman-1: NO 
Checking for function "feclearexcept" with dependencies -lm, -ldl, freetype2, pixman-1: YES 
Checking for function "strndup" : YES 
Checking if "pthreads" links: YES 
Checking if "Atomic ops: c11" links: YES 
Library rt found: NO
Compiler for C supports arguments -Wno-attributes: YES (cached)
Compiler for C supports arguments -Wno-unused-but-set-variable: YES (cached)
Compiler for C supports arguments -Wno-missing-field-initializers: YES (cached)
Compiler for C supports arguments -Wno-unused-parameter: YES (cached)
Compiler for C supports arguments -Wno-long-long: YES (cached)
Configuring cairo-features.h using configuration
Program sh found: YES (/bin/sh)
Configuring config.h using configuration
Build targets in project: 19

fontconfig 2.16.0

  General
    Documentation              : NO
    NLS                        : NO
    Tests                      : NO
    Tools                      : NO
    iconv                      : NO
    XML backend                : expat
    Fontations support         : disabled

  Defaults
    Hinting                    : slight
    Font directories           : /System/Library/Fonts, /Library/Fonts,
                                 ~/Library/Fonts,
                                 /System/Library/Assets/com_apple_MobileAsset_Font3,
                                 /System/Library/Assets/com_apple_MobileAsset_Font4
    Additional font directories:

  Paths
    Cache directory            : /Users/kazumichi/Downloads/BioHack26/PGGB_short_reads_mapping/software/vg/var/cache/fontconfig
    Template directory         : /Users/kazumichi/Downloads/BioHack26/PGGB_short_reads_mapping/software/vg/share/fontconfig/conf.avail
    Base config directory      : /Users/kazumichi/Downloads/BioHack26/PGGB_short_reads_mapping/software/vg/etc/fonts
    Config directory           : /Users/kazumichi/Downloads/BioHack26/PGGB_short_reads_mapping/software/vg/etc/fonts/conf.d
    XML directory              : /Users/kazumichi/Downloads/BioHack26/PGGB_short_reads_mapping/software/vg/share/xml/fontconfig

cairo 1.18.5

  Surface Backends
    Image                   : YES
    Recording               : YES
    Observer                : YES
    Mime                    : YES
    Tee                     : NO
    Xlib                    : NO
    Xlib Xrender            : NO
    Quartz                  : NO
    Quartz-image            : NO
    XCB                     : NO
    Win32                   : NO
    CairoScript             : NO
    PostScript              : NO
    PDF                     : NO
    SVG                     : YES

  Font Backends
    User                    : YES
    FreeType                : YES
    Fontconfig              : YES
    Win32                   : NO
    Win32 DWrite            : NO
    Quartz                  : NO

  Functions
    PNG functions           : YES
    X11-xcb                 : NO
    XCB-shm                 : NO

  Features and Utilities
    cairo-trace:            : NO
    cairo-script-interpreter: NO
    API reference           : NO

  Subprojects (for host machine)
    fontconfig              : YES 1 warnings
    libintl                 : YES (from fontconfig)
    libpng                  : YES

  User defined options
    auto_features           : disabled
    default_library         : both
    fontconfig              : enabled
    freetype                : enabled
    libdir                  : lib
    png                     : enabled
    prefix                  : /Users/kazumichi/Downloads/BioHack26/PGGB_short_reads_mapping/software/vg

Found ninja-1.13.2 at /opt/homebrew/Caskroom/miniforge/base/envs/bh26/bin/ninja
ninja: Entering directory `build'
ninja: warning: Ignoring jobserver: Pipe-based protocol is not supported! [ --jobserver-fds=3,4 -j]
[1/187] Compiling C object subprojects/fontconfig-2.16.0/src/preprocessor_0.p/fcobjshash.gperf.h.i
clang: warning: argument unused during compilation: '-c' [-Wunused-command-line-argument]
[2/187] Generating subprojects/fontconfig-2.16.0/ft_alias_headers with a custom command
[3/187] Generating subprojects/fontconfig-2.16.0/alias_headers with a custom command
[4/187] Copying file subprojects/fontconfig-2.16.0/fcstdint.h
[5/187] Compiling C object subprojects/libpng-1.6.47/libpng16.16.dylib.p/pngrio.c.o
[6/187] Compiling C object subprojects/libpng-1.6.47/libpng16.16.dylib.p/pngerror.c.o
[7/187] Compiling C object subprojects/libpng-1.6.47/libpng16.16.dylib.p/pngmem.c.o
[8/187] Compiling C object subprojects/libpng-1.6.47/libpng16.16.dylib.p/pngwio.c.o
[9/187] Compiling C object subprojects/libpng-1.6.47/libpng16.16.dylib.p/pngget.c.o
[10/187] Compiling C object subprojects/libpng-1.6.47/libpng16.16.dylib.p/pngwtran.c.o
[11/187] Compiling C object subprojects/libpng-1.6.47/libpng16.16.dylib.p/pngpread.c.o
[12/187] Compiling C object subprojects/libpng-1.6.47/libpng16.16.dylib.p/pngtrans.c.o
[13/187] Compiling C object subprojects/libpng-1.6.47/libpng16.16.dylib.p/png.c.o
[14/187] Compiling C object subprojects/libpng-1.6.47/libpng16.16.dylib.p/pngset.c.o
[15/187] Compiling C object subprojects/libpng-1.6.47/libpng16.16.dylib.p/pngwrite.c.o
[16/187] Compiling C object subprojects/libpng-1.6.47/libpng16.16.dylib.p/pngread.c.o
[17/187] Compiling C object subprojects/libpng-1.6.47/libpng16.16.dylib.p/pngrutil.c.o
[18/187] Compiling C object subprojects/libpng-1.6.47/libpng16.16.dylib.p/arm_arm_init.c.o
[19/187] Compiling C object subprojects/libpng-1.6.47/libpng16.16.dylib.p/pngwutil.c.o
[20/187] Compiling C object subprojects/libpng-1.6.47/libpng16.16.dylib.p/pngrtran.c.o
[21/187] Compiling C object subprojects/libpng-1.6.47/libpng16.16.dylib.p/arm_filter_neon_intrinsics.c.o
[22/187] Compiling C object subprojects/libpng-1.6.47/pngtest.p/pngtest.c.o
[23/187] Compiling C object src/libcairo.2.dylib.p/cairo-atomic.c.o
[24/187] Compiling C object src/libcairo.2.dylib.p/cairo-arc.c.o
[25/187] Compiling C object src/libcairo.2.dylib.p/cairo-base64-stream.c.o
../src/cairo-base64-stream.c:52:1: warning: initializer-string for character array is too long, array size is 64 but initializer has size 65 (including the null terminating character); did you mean to use the 'nonstring' attribute? [-Wunterminated-string-initialization]
   52 | "ABCDEFGHIJKLMNOPQRSTUVWXYZabcdefghijklmnopqrstuvwxyz0123456789+/";
      | ^~~~~~~~~~~~~~~~~~~~~~~~~~~~~~~~~~~~~~~~~~~~~~~~~~~~~~~~~~~~~~~~~~
1 warning generated.
[26/187] Compiling C object src/libcairo.2.dylib.p/cairo-array.c.o
[27/187] Compiling C object src/libcairo.2.dylib.p/cairo-base85-stream.c.o
[28/187] Compiling C object src/libcairo.2.dylib.p/cairo-analysis-surface.c.o
[29/187] Compiling C object src/libcairo.2.dylib.p/cairo-bentley-ottmann-rectilinear.c.o
[30/187] Compiling C object src/libcairo.2.dylib.p/cairo-bentley-ottmann-rectangular.c.o
[31/187] Compiling C object subprojects/libpng-1.6.47/libpng16.16.dylib.p/arm_palette_neon_intrinsics.c.o
[32/187] Compiling C object src/libcairo.2.dylib.p/cairo-bentley-ottmann.c.o
[33/187] Compiling C object src/libcairo.2.dylib.p/cairo-boxes-intersect.c.o
[34/187] Compiling C object src/libcairo.2.dylib.p/cairo-botor-scan-converter.c.o
[35/187] Compiling C object src/libcairo.2.dylib.p/cairo-boxes.c.o
[36/187] Generating subprojects/fontconfig-2.16.0/fc-case/fccase.h with a custom command
[37/187] Compiling C object src/libcairo.2.dylib.p/cairo-cache.c.o
[38/187] Compiling C object src/libcairo.2.dylib.p/cairo-clip-boxes.c.o
[39/187] Compiling C object src/libcairo.2.dylib.p/cairo-clip-polygon.c.o
[40/187] Compiling C object src/libcairo.2.dylib.p/cairo-clip-region.c.o
[41/187] Linking target subprojects/libpng-1.6.47/libpng16.16.dylib
[42/187] Compiling C object src/libcairo.2.dylib.p/cairo-clip-surface.c.o
[43/187] Compiling C object src/libcairo.2.dylib.p/cairo-color.c.o
[44/187] Compiling C object src/libcairo.2.dylib.p/cairo-compositor.c.o
[45/187] Compiling C object src/libcairo.2.dylib.p/cairo-clip-tor-scan-converter.c.o
[46/187] Compiling C object src/libcairo.2.dylib.p/cairo-clip.c.o
[47/187] Compiling C object src/libcairo.2.dylib.p/cairo-composite-rectangles.c.o
[48/187] Compiling C object src/libcairo.2.dylib.p/cairo-damage.c.o
[49/187] Compiling C object src/libcairo.2.dylib.p/cairo-contour.c.o
[50/187] Compiling C object src/libcairo.2.dylib.p/cairo-debug.c.o
[51/187] Compiling C object src/libcairo.2.dylib.p/cairo-device.c.o
[52/187] Compiling C object src/libcairo.2.dylib.p/cairo-error.c.o
[53/187] Compiling C object src/libcairo.2.dylib.p/cairo-default-context.c.o
[54/187] Compiling C object src/libcairo.2.dylib.p/cairo-fallback-compositor.c.o
[55/187] Compiling C object src/libcairo.2.dylib.p/cairo-fixed.c.o
[56/187] Compiling C object src/libcairo.2.dylib.p/cairo-font-face-twin-data.c.o
[57/187] Compiling C object src/libcairo.2.dylib.p/cairo-font-face.c.o
[58/187] Compiling C object src/libcairo.2.dylib.p/cairo-font-face-twin.c.o
[59/187] Compiling C object src/libcairo.2.dylib.p/cairo-font-options.c.o
[60/187] Compiling C object src/libcairo.2.dylib.p/cairo-freed-pool.c.o
[61/187] Compiling C object src/libcairo.2.dylib.p/cairo-freelist.c.o
[62/187] Compiling C object src/libcairo.2.dylib.p/cairo-hull.c.o
[63/187] Compiling C object src/libcairo.2.dylib.p/cairo-hash.c.o
[64/187] Compiling C object src/libcairo.2.dylib.p/cairo-image-info.c.o
[65/187] Compiling C object src/libcairo.2.dylib.p/cairo-line.c.o
[66/187] Compiling C object src/libcairo.2.dylib.p/cairo-lzw.c.o
[67/187] Compiling C object src/libcairo.2.dylib.p/cairo-gstate.c.o
[68/187] Compiling C object src/libcairo.2.dylib.p/cairo-image-surface.c.o
../src/cairo-image-surface.c:95:13: warning: enumeration value 'PIXMAN_a16b16g16r16' not explicitly handled in switch [-Wswitch-enum]
   95 |     switch (pixman_format) {
      |             ^~~~~~~~~~~~~
../src/cairo-image-surface.c:95:13: note: add missing switch cases
   95 |     switch (pixman_format) {
      |             ^
1 warning generated.
[69/187] Compiling C object src/libcairo.2.dylib.p/cairo-image-source.c.o
[70/187] Generating symbol file subprojects/libpng-1.6.47/libpng16.16.dylib.p/libpng16.16.dylib.symbols
[71/187] Compiling C object src/libcairo.2.dylib.p/cairo-matrix.c.o
[72/187] Compiling C object src/libcairo.2.dylib.p/cairo-image-compositor.c.o
[73/187] Compiling C object src/libcairo.2.dylib.p/cairo-mask-compositor.c.o
[74/187] Compiling C object src/libcairo.2.dylib.p/cairo-mempool.c.o
[75/187] Compiling C object src/libcairo.2.dylib.p/cairo-misc.c.o
[76/187] Compiling C object src/libcairo.2.dylib.p/cairo-mesh-pattern-rasterizer.c.o
[77/187] Compiling C object src/libcairo.2.dylib.p/cairo-mutex.c.o
[78/187] Compiling C object src/libcairo.2.dylib.p/cairo-mono-scan-converter.c.o
[79/187] Compiling C object src/libcairo.2.dylib.p/cairo-no-compositor.c.o
[80/187] Compiling C object src/libcairo.2.dylib.p/cairo-output-stream.c.o
[81/187] Compiling C object src/libcairo.2.dylib.p/cairo-observer.c.o
[82/187] Compiling C object src/libcairo.2.dylib.p/cairo-paginated-surface.c.o
[83/187] Compiling C object src/libcairo.2.dylib.p/cairo-path-fill.c.o
[84/187] Compiling C object src/libcairo.2.dylib.p/cairo-path-bounds.c.o
[85/187] Compiling C object src/libcairo.2.dylib.p/cairo-path-in-fill.c.o
[86/187] Compiling C object src/libcairo.2.dylib.p/cairo-path-stroke-boxes.c.o
[87/187] Compiling C object src/libcairo.2.dylib.p/cairo-path-stroke-polygon.c.o
[88/187] Compiling C object src/libcairo.2.dylib.p/cairo-path-fixed.c.o
[89/187] Compiling C object src/libcairo.2.dylib.p/cairo-path.c.o
[90/187] Compiling C object src/libcairo.2.dylib.p/cairo-path-stroke-tristrip.c.o
[91/187] Compiling C object src/libcairo.2.dylib.p/cairo-path-stroke-traps.c.o
[92/187] Compiling C object src/libcairo.2.dylib.p/cairo-path-stroke.c.o
[93/187] Compiling C object src/libcairo.2.dylib.p/cairo-pen.c.o
[94/187] Generating subprojects/fontconfig-2.16.0/src/fcobjshash.gperf with a custom command
[95/187] Compiling C object src/libcairo.2.dylib.p/cairo-polygon-intersect.c.o
[96/187] Compiling C object src/libcairo.2.dylib.p/cairo-polygon-reduce.c.o
[97/187] Compiling C object src/libcairo.2.dylib.p/cairo-raster-source-pattern.c.o
[98/187] Compiling C object src/libcairo.2.dylib.p/cairo-polygon.c.o
[99/187] Compiling C object src/libcairo.2.dylib.p/cairo-rectangle.c.o
[100/187] Compiling C object src/libcairo.2.dylib.p/cairo-rectangular-scan-converter.c.o
[101/187] Compiling C object src/libcairo.2.dylib.p/cairo-region.c.o
[102/187] Compiling C object src/libcairo.2.dylib.p/cairo-slope.c.o
[103/187] Compiling C object src/libcairo.2.dylib.p/cairo-pattern.c.o
[104/187] Generating subprojects/fontconfig-2.16.0/src/fcobjshash.h with a custom command
[105/187] Compiling C object src/libcairo.2.dylib.p/cairo-stroke-dash.c.o
[106/187] Compiling C object src/libcairo.2.dylib.p/cairo-spans.c.o
[107/187] Compiling C object src/libcairo.2.dylib.p/cairo-recording-surface.c.o
[108/187] Compiling C object src/libcairo.2.dylib.p/cairo-rtree.c.o
[109/187] Compiling C object src/libcairo.2.dylib.p/cairo-spline.c.o
[110/187] Compiling C object src/libcairo.2.dylib.p/cairo-shape-mask-compositor.c.o
[111/187] Compiling C object src/libcairo.2.dylib.p/cairo-scaled-font.c.o
[112/187] Compiling C object src/libcairo.2.dylib.p/cairo-spans-compositor.c.o
[113/187] Compiling C object src/libcairo.2.dylib.p/cairo-stroke-style.c.o
[114/187] Compiling C object src/libcairo.2.dylib.p/cairo-surface-clipper.c.o
[115/187] Compiling C object src/libcairo.2.dylib.p/cairo-surface-offset.c.o
[116/187] Compiling C object src/libcairo.2.dylib.p/cairo-surface-fallback.c.o
[117/187] Compiling C object src/libcairo.2.dylib.p/cairo-surface-observer.c.o
[118/187] Compiling C object src/libcairo.2.dylib.p/cairo-surface-wrapper.c.o
[119/187] Compiling C object src/libcairo.2.dylib.p/cairo-surface-subsurface.c.o
[120/187] Compiling C object src/libcairo.2.dylib.p/cairo-tristrip.c.o
[121/187] Compiling C object src/libcairo.2.dylib.p/cairo-surface-snapshot.c.o
[122/187] Compiling C object src/libcairo.2.dylib.p/cairo-toy-font-face.c.o
[123/187] Compiling C object src/libcairo.2.dylib.p/cairo-unicode.c.o
[124/187] Compiling C object src/libcairo.2.dylib.p/cairo-version.c.o
[125/187] Compiling C object src/libcairo.2.dylib.p/cairo-tor-scan-converter.c.o
[126/187] Compiling C object src/libcairo.2.dylib.p/cairo-surface.c.o
[127/187] Compiling C object src/libcairo.2.dylib.p/cairo-time.c.o
[128/187] Compiling C object src/libcairo.2.dylib.p/cairo-tor22-scan-converter.c.o
[129/187] Compiling C object src/libcairo.2.dylib.p/cairo-user-font.c.o
[130/187] Compiling C object src/libcairo.2.dylib.p/cairo-traps.c.o
[131/187] Compiling C object src/libcairo.2.dylib.p/cairo-wideint.c.o
[132/187] Compiling C object src/libcairo.2.dylib.p/cairo-traps-compositor.c.o
[133/187] Compiling C object src/libcairo.2.dylib.p/cairo.c.o
[134/187] Compiling C object src/libcairo.2.dylib.p/cairo-scaled-font-subsets.c.o
[135/187] Generating subprojects/fontconfig-2.16.0/fc-lang/fclang.h with a custom command
[136/187] Compiling C object src/libcairo.2.dylib.p/cairo-truetype-subset.c.o
[137/187] Compiling C object src/libcairo.2.dylib.p/cairo-type1-fallback.c.o
../src/cairo-type1-fallback.c:495:29: warning: initializer-string for character array is too long, array size is 50 but initializer has size 51 (including the null terminating character); did you mean to use the 'nonstring' attribute? [-Wunterminated-string-initialization]
  495 |     const char spaces[50] = "                                                  ";
      |                             ^~~~~~~~~~~~~~~~~~~~~~~~~~~~~~~~~~~~~~~~~~~~~~~~~~~~
../src/cairo-type1-fallback.c:558:40: warning: initializer-string for character array is too long, array size is 16 but initializer has size 17 (including the null terminating character); did you mean to use the 'nonstring' attribute? [-Wunterminated-string-initialization]
  558 |     static const char hex_digits[16] = "0123456789abcdef";
      |                                        ^~~~~~~~~~~~~~~~~~
../src/cairo-type1-fallback.c:646:2: warning: initializer-string for character array is too long, array size is 65 but initializer has size 66 (including the null terminating character); did you mean to use the 'nonstring' attribute? [-Wunterminated-string-initialization]
  646 |         "0000000000000000000000000000000000000000000000000000000000000000\n";
      |         ^~~~~~~~~~~~~~~~~~~~~~~~~~~~~~~~~~~~~~~~~~~~~~~~~~~~~~~~~~~~~~~~~~~~
3 warnings generated.
[138/187] Compiling C object src/libcairo.2.dylib.p/cairo-type1-glyph-names.c.o
[139/187] Linking static target subprojects/libpng-1.6.47/libpng16.a
[140/187] Compiling C object src/libcairo.2.dylib.p/cairo-cff-subset.c.o
[141/187] Compiling C object src/libcairo.2.dylib.p/cairo-type3-glyph-surface.c.o
[142/187] Compiling C object src/libcairo.2.dylib.p/cairo-deflate-stream.c.o
[143/187] Compiling C object src/libcairo.2.dylib.p/cairo-pdf-shading.c.o
[144/187] Compiling C object src/libcairo.2.dylib.p/cairo-tag-attributes.c.o
[145/187] Compiling C object src/libcairo.2.dylib.p/cairo-type1-subset.c.o
../src/cairo-type1-subset.c:609:40: warning: initializer-string for character array is too long, array size is 16 but initializer has size 17 (including the null terminating character); did you mean to use the 'nonstring' attribute? [-Wunterminated-string-initialization]
  609 |     static const char hex_digits[16] = "0123456789abcdef";
      |                                        ^~~~~~~~~~~~~~~~~~
../src/cairo-type1-subset.c:1547:2: warning: initializer-string for character array is too long, array size is 65 but initializer has size 66 (including the null terminating character); did you mean to use the 'nonstring' attribute? [-Wunterminated-string-initialization]
 1547 |         "0000000000000000000000000000000000000000000000000000000000000000\n";
      |         ^~~~~~~~~~~~~~~~~~~~~~~~~~~~~~~~~~~~~~~~~~~~~~~~~~~~~~~~~~~~~~~~~~~~
2 warnings generated.
[146/187] Compiling C object src/libcairo.2.dylib.p/cairo-tag-stack.c.o
[147/187] Compiling C object src/libcairo.2.dylib.p/cairo-pdf-operators.c.o
[148/187] Linking target subprojects/libpng-1.6.47/pngtest
[149/187] Compiling C object src/libcairo.2.dylib.p/cairo-png.c.o
[150/187] Compiling C object src/libcairo.2.dylib.p/cairo-colr-glyph-render.c.o
[151/187] Compiling C object src/libcairo.2.dylib.p/cairo-svg-surface.c.o
../src/cairo-svg-surface.c:1889:1: warning: initializer-string for character array is too long, array size is 64 but initializer has size 65 (including the null terminating character); did you mean to use the 'nonstring' attribute? [-Wunterminated-string-initialization]
 1889 | "ABCDEFGHIJKLMNOPQRSTUVWXYZabcdefghijklmnopqrstuvwxyz0123456789+/";
      | ^~~~~~~~~~~~~~~~~~~~~~~~~~~~~~~~~~~~~~~~~~~~~~~~~~~~~~~~~~~~~~~~~~
1 warning generated.
[152/187] Compiling C object src/libcairo.2.dylib.p/cairo-svg-glyph-render.c.o
[153/187] Compiling C object subprojects/fontconfig-2.16.0/src/libfontconfig.1.dylib.p/fcatomic.c.o
[154/187] Compiling C object src/libcairo.2.dylib.p/cairo-ft-font.c.o
[155/187] Compiling C object subprojects/fontconfig-2.16.0/src/libfontconfig.1.dylib.p/fccompat.c.o
[156/187] Compiling C object subprojects/fontconfig-2.16.0/src/libfontconfig.1.dylib.p/fcdbg.c.o
[157/187] Compiling C object subprojects/fontconfig-2.16.0/src/libfontconfig.1.dylib.p/fcdefault.c.o
[158/187] Compiling C object subprojects/fontconfig-2.16.0/src/libfontconfig.1.dylib.p/fcptrlist.c.o
[159/187] Compiling C object subprojects/fontconfig-2.16.0/src/libfontconfig.1.dylib.p/fcdir.c.o
[160/187] Compiling C object subprojects/fontconfig-2.16.0/src/libfontconfig.1.dylib.p/fcfs.c.o
[161/187] Compiling C object subprojects/fontconfig-2.16.0/src/libfontconfig.1.dylib.p/fchash.c.o
[162/187] Compiling C object subprojects/fontconfig-2.16.0/src/libfontconfig.1.dylib.p/fcinit.c.o
[163/187] Compiling C object subprojects/fontconfig-2.16.0/src/libfontconfig.1.dylib.p/fcmatrix.c.o
[164/187] Compiling C object subprojects/fontconfig-2.16.0/src/libfontconfig.1.dylib.p/fccache.c.o
../subprojects/fontconfig-2.16.0/src/fccache.c:57:33: warning: unused parameter 'dir' [-Wunused-parameter]
   57 | FcDirCacheCreateUUID (FcChar8  *dir,
      |                                 ^
../subprojects/fontconfig-2.16.0/src/fccache.c:58:19: warning: unused parameter 'force' [-Wunused-parameter]
   58 |                       FcBool    force,
      |                                 ^
../subprojects/fontconfig-2.16.0/src/fccache.c:59:19: warning: unused parameter 'config' [-Wunused-parameter]
   59 |                       FcConfig *config)
      |                                 ^
../subprojects/fontconfig-2.16.0/src/fccache.c:860:38: warning: comparison of integers of different signs: 'intptr_t' (aka 'long') and 'unsigned long' [-Wsign-compare]
  860 |     if (cache->dir < 0 || cache->dir > cache->size - sizeof (intptr_t) ||
      |                           ~~~~~~~~~~ ^ ~~~~~~~~~~~~~~~~~~~~~~~~~~~~~~~
../subprojects/fontconfig-2.16.0/src/fccache.c:866:27: warning: comparison of integers of different signs: 'int' and 'unsigned long' [-Wsign-compare]
  866 |         cache->dirs_count > (cache->size - cache->dirs) / sizeof (intptr_t))
      |         ~~~~~~~~~~~~~~~~~ ^ ~~~~~~~~~~~~~~~~~~~~~~~~~~~~~~~~~~~~~~~~~~~~~~~
../subprojects/fontconfig-2.16.0/src/fccache.c:877:25: warning: comparison of integers of different signs: 'intptr_t' (aka 'long') and 'unsigned long' [-Wsign-compare]
  877 |                 dirs[i] > end - (char *) dirs - sizeof (intptr_t))
      |                 ~~~~~~~ ^ ~~~~~~~~~~~~~~~~~~~~~~~~~~~~~~~~~~~~~~~
../subprojects/fontconfig-2.16.0/src/fccache.c:886:38: warning: comparison of integers of different signs: 'intptr_t' (aka 'long') and 'unsigned long' [-Wsign-compare]
  886 |     if (cache->set < 0 || cache->set > cache->size - sizeof (FcFontSet))
      |                           ~~~~~~~~~~ ^ ~~~~~~~~~~~~~~~~~~~~~~~~~~~~~~~~
../subprojects/fontconfig-2.16.0/src/fccache.c:892:23: warning: comparison of integers of different signs: 'int' and 'unsigned long' [-Wsign-compare]
  892 |         if (fs->nfont > (end - (char *) fs) / sizeof (FcPattern))
      |             ~~~~~~~~~ ^ ~~~~~~~~~~~~~~~~~~~~~~~~~~~~~~~~~~~~~~~~
../subprojects/fontconfig-2.16.0/src/fccache.c:909:27: warning: comparison of integers of different signs: 'int' and 'unsigned long' [-Wsign-compare]
  909 |                 font->num > (end - (char *) font - font->elts_offset) / sizeof (FcPatternElt) ||
      |                 ~~~~~~~~~ ^ ~~~~~~~~~~~~~~~~~~~~~~~~~~~~~~~~~~~~~~~~~~~~~~~~~~~~~~~~~~~~~~~~~
../subprojects/fontconfig-2.16.0/src/fccache.c:1163:17: warning: comparison of integers of different signs: 'unsigned long long' and 'int' [-Wsign-compare]
 1163 |         else if (epoch < ret)
      |                  ~~~~~ ^ ~~~
../subprojects/fontconfig-2.16.0/src/fccache.c:1172:33: warning: unused parameter 'statb' [-Wunused-parameter]
 1172 | FcDirChecksumNano (struct stat *statb)
      |                                 ^
../subprojects/fontconfig-2.16.0/src/fccache.c:1189:37: warning: unused parameter 'config' [-Wunused-parameter]
 1189 | FcDirCacheValidateHelper (FcConfig *config, int fd, struct stat *fd_stat, struct stat *dir_stat, struct timeval *latest_cache_mtime, void *closure FC_UNUSED)
      |                                     ^
../subprojects/fontconfig-2.16.0/src/fccache.c:1189:114: warning: unused parameter 'latest_cache_mtime' [-Wunused-parameter]
 1189 | FcDirCacheValidateHelper (FcConfig *config, int fd, struct stat *fd_stat, struct stat *dir_stat, struct timeval *latest_cache_mtime, void *closure FC_UNUSED)
      |                                                                                                                  ^
13 warnings generated.
[165/187] Compiling C object subprojects/fontconfig-2.16.0/src/libfontconfig.1.dylib.p/fclist.c.o
[166/187] Generating subprojects/fontconfig-2.16.0/conf.d/35-lang-normalize.conf with a custom command
[167/187] Compiling C object subprojects/fontconfig-2.16.0/src/libfontconfig.1.dylib.p/fcformat.c.o
[168/187] Compiling C object subprojects/fontconfig-2.16.0/src/libfontconfig.1.dylib.p/fccharset.c.o
[169/187] Compiling C object subprojects/fontconfig-2.16.0/src/libfontconfig.1.dylib.p/fcobjs.c.o
In file included from ../subprojects/fontconfig-2.16.0/src/fcobjs.c:33:
subprojects/fontconfig-2.16.0/src/fcobjshash.gperf:206:10: warning: missing field 'id' initializer [-Wmissing-field-initializers]
  206 |       {-1}, {-1}, {-1}, {-1}, {-1}, {-1},
      |          ^
subprojects/fontconfig-2.16.0/src/fcobjshash.gperf:206:16: warning: missing field 'id' initializer [-Wmissing-field-initializers]
  206 |       {-1}, {-1}, {-1}, {-1}, {-1}, {-1},
      |                ^
subprojects/fontconfig-2.16.0/src/fcobjshash.gperf:206:22: warning: missing field 'id' initializer [-Wmissing-field-initializers]
  206 |       {-1}, {-1}, {-1}, {-1}, {-1}, {-1},
      |                      ^
subprojects/fontconfig-2.16.0/src/fcobjshash.gperf:206:28: warning: missing field 'id' initializer [-Wmissing-field-initializers]
  206 |       {-1}, {-1}, {-1}, {-1}, {-1}, {-1},
      |                            ^
subprojects/fontconfig-2.16.0/src/fcobjshash.gperf:206:34: warning: missing field 'id' initializer [-Wmissing-field-initializers]
  206 |       {-1}, {-1}, {-1}, {-1}, {-1}, {-1},
      |                                  ^
subprojects/fontconfig-2.16.0/src/fcobjshash.gperf:206:40: warning: missing field 'id' initializer [-Wmissing-field-initializers]
  206 |       {-1}, {-1}, {-1}, {-1}, {-1}, {-1},
      |                                        ^
subprojects/fontconfig-2.16.0/src/fcobjshash.gperf:28:10: warning: missing field 'id' initializer [-Wmissing-field-initializers]
   28 |       {-1}, {-1},
      |          ^
subprojects/fontconfig-2.16.0/src/fcobjshash.gperf:28:16: warning: missing field 'id' initializer [-Wmissing-field-initializers]
   28 |       {-1}, {-1},
      |                ^
8 warnings generated.
[170/187] Compiling C object subprojects/fontconfig-2.16.0/src/libfontconfig.1.dylib.p/fccfg.c.o
../subprojects/fontconfig-2.16.0/src/fccfg.c:973:28: warning: unused parameter 'config' [-Wunused-parameter]
  973 | FcConfigAddRule (FcConfig       *config,
      |                                  ^
../subprojects/fontconfig-2.16.0/src/fccfg.c:974:13: warning: unused parameter 'rule' [-Wunused-parameter]
  974 |                  FcRule         *rule,
      |                                  ^
../subprojects/fontconfig-2.16.0/src/fccfg.c:975:16: warning: unused parameter 'kind' [-Wunused-parameter]
  975 |                  FcMatchKind    kind)
      |                                 ^
3 warnings generated.
[171/187] Compiling C object subprojects/fontconfig-2.16.0/src/libfontconfig.1.dylib.p/fcrange.c.o
[172/187] Compiling C object subprojects/fontconfig-2.16.0/src/libfontconfig.1.dylib.p/fcstat.c.o
../subprojects/fontconfig-2.16.0/src/fcstat.c:357:16: warning: unused parameter 'fd' [-Wunused-parameter]
  357 | FcFStatFs (int fd, FcStatFS *statb)
      |                ^
1 warning generated.
[173/187] Compiling C object subprojects/fontconfig-2.16.0/src/libfontconfig.1.dylib.p/fcweight.c.o
[174/187] Compiling C object subprojects/fontconfig-2.16.0/src/libfontconfig.1.dylib.p/fcname.c.o
../subprojects/fontconfig-2.16.0/src/fcname.c:48:48: warning: unused parameter 'types' [-Wunused-parameter]
   48 | FcNameRegisterObjectTypes (const FcObjectType *types, int ntypes)
      |                                                ^
../subprojects/fontconfig-2.16.0/src/fcname.c:48:59: warning: unused parameter 'ntypes' [-Wunused-parameter]
   48 | FcNameRegisterObjectTypes (const FcObjectType *types, int ntypes)
      |                                                           ^
../subprojects/fontconfig-2.16.0/src/fcname.c:55:50: warning: unused parameter 'types' [-Wunused-parameter]
   55 | FcNameUnregisterObjectTypes (const FcObjectType *types, int ntypes)
      |                                                  ^
../subprojects/fontconfig-2.16.0/src/fcname.c:55:61: warning: unused parameter 'ntypes' [-Wunused-parameter]
   55 | FcNameUnregisterObjectTypes (const FcObjectType *types, int ntypes)
      |                                                             ^
../subprojects/fontconfig-2.16.0/src/fcname.c:209:44: warning: unused parameter 'consts' [-Wunused-parameter]
  209 | FcNameRegisterConstants (const FcConstant *consts, int nconsts)
      |                                            ^
../subprojects/fontconfig-2.16.0/src/fcname.c:209:56: warning: unused parameter 'nconsts' [-Wunused-parameter]
  209 | FcNameRegisterConstants (const FcConstant *consts, int nconsts)
      |                                                        ^
../subprojects/fontconfig-2.16.0/src/fcname.c:216:46: warning: unused parameter 'consts' [-Wunused-parameter]
  216 | FcNameUnregisterConstants (const FcConstant *consts, int nconsts)
      |                                              ^
../subprojects/fontconfig-2.16.0/src/fcname.c:216:58: warning: unused parameter 'nconsts' [-Wunused-parameter]
  216 | FcNameUnregisterConstants (const FcConstant *consts, int nconsts)
      |                                                          ^
8 warnings generated.
[175/187] Compiling C object subprojects/fontconfig-2.16.0/src/libfontconfig.1.dylib.p/fcserialize.c.o
[176/187] Compiling C object subprojects/fontconfig-2.16.0/src/libfontconfig.1.dylib.p/ftglue.c.o
[177/187] Compiling C object subprojects/fontconfig-2.16.0/src/libfontconfig.1.dylib.p/fclang.c.o
[178/187] Compiling C object subprojects/fontconfig-2.16.0/src/libfontconfig.1.dylib.p/fcmatch.c.o
../subprojects/fontconfig-2.16.0/src/fcmatch.c:560:37: warning: unused parameter 'pat' [-Wunused-parameter]
  560 | FcCompareFamilies (FcPattern       *pat,
      |                                     ^
../subprojects/fontconfig-2.16.0/src/fcmatch.c:562:37: warning: unused parameter 'fnt' [-Wunused-parameter]
  562 |                    FcPattern       *fnt,
      |                                     ^
../subprojects/fontconfig-2.16.0/src/fcmatch.c:565:37: warning: unused parameter 'result' [-Wunused-parameter]
  565 |                    FcResult        *result,
      |                                     ^
3 warnings generated.
[179/187] Compiling C object subprojects/fontconfig-2.16.0/src/libfontconfig.1.dylib.p/fcfreetype.c.o
../subprojects/fontconfig-2.16.0/src/fcfreetype.c:2272:17: warning: unused parameter 'blanks' [-Wunused-parameter]
 2272 |                    FcBlanks             *blanks,
      |                                          ^
1 warning generated.
[180/187] Compiling C object subprojects/fontconfig-2.16.0/src/libfontconfig.1.dylib.p/fcpat.c.o
../subprojects/fontconfig-2.16.0/src/fcpat.c:400:26: warning: comparison of integers of different signs: 'size_t' (aka 'unsigned long') and 'const int' [-Wsign-compare]
  400 |     for (i = 0, j = 0; i < p->num; i++)
      |                        ~ ^ ~~~~~~
../subprojects/fontconfig-2.16.0/src/fcpat.c:1379:40: warning: unused parameter 'pat' [-Wunused-parameter]
 1379 | FcPatternIterIsValid (const FcPattern *pat, FcPatternIter *iter)
      |                                        ^
../subprojects/fontconfig-2.16.0/src/fcpat.c:1390:44: warning: unused parameter 'pat' [-Wunused-parameter]
 1390 | FcPatternIterGetObjectId (const FcPattern *pat, FcPatternIter *iter)
      |                                            ^
../subprojects/fontconfig-2.16.0/src/fcpat.c:1407:42: warning: unused parameter 'pat' [-Wunused-parameter]
 1407 | FcPatternIterGetValues (const FcPattern *pat, FcPatternIter *iter)
      |                                          ^
4 warnings generated.
[181/187] Compiling C object subprojects/fontconfig-2.16.0/src/libfontconfig.1.dylib.p/fcstr.c.o
[182/187] Linking static target src/libcairo.a
[183/187] Compiling C object subprojects/fontconfig-2.16.0/src/libfontconfig.1.dylib.p/fcxml.c.o
[184/187] Linking static target subprojects/fontconfig-2.16.0/src/libfontconfig.a
[185/187] Linking target subprojects/fontconfig-2.16.0/src/libfontconfig.1.dylib
[186/187] Generating symbol file subprojects/fontconfig-2.16.0/src/libfontconfig.1.dylib.p/libfontconfig.1.dylib.symbols
[187/187] Linking target src/libcairo.2.dylib
ninja: Entering directory `build'
ninja: warning: Ignoring jobserver: Pipe-based protocol is not supported! [ --jobserver-fds=3,4 -j]
[0/1] Installing files
Installing subprojects/libpng-1.6.47/libpng16.16.dylib to /Users/kazumichi/Downloads/BioHack26/PGGB_short_reads_mapping/software/vg/lib
Skipping RPATH fixing
Installing subprojects/libpng-1.6.47/libpng16.a to /Users/kazumichi/Downloads/BioHack26/PGGB_short_reads_mapping/software/vg/lib
Skipping RPATH fixing
Installing subprojects/fontconfig-2.16.0/src/libfontconfig.1.dylib to /Users/kazumichi/Downloads/BioHack26/PGGB_short_reads_mapping/software/vg/lib
Skipping RPATH fixing
Installing subprojects/fontconfig-2.16.0/src/libfontconfig.a to /Users/kazumichi/Downloads/BioHack26/PGGB_short_reads_mapping/software/vg/lib
Skipping RPATH fixing
Installing subprojects/fontconfig-2.16.0/conf.d/35-lang-normalize.conf to /Users/kazumichi/Downloads/BioHack26/PGGB_short_reads_mapping/software/vg/share/fontconfig/conf.avail
Skipping RPATH fixing
Installing src/libcairo.2.dylib to /Users/kazumichi/Downloads/BioHack26/PGGB_short_reads_mapping/software/vg/lib
Skipping RPATH fixing
Installing src/libcairo.a to /Users/kazumichi/Downloads/BioHack26/PGGB_short_reads_mapping/software/vg/lib
Skipping RPATH fixing
Installing /Users/kazumichi/Downloads/BioHack26/PGGB_short_reads_mapping/software/vg/deps/cairo/subprojects/libpng-1.6.47/png.h to /Users/kazumichi/Downloads/BioHack26/PGGB_short_reads_mapping/software/vg/include/libpng16
Installing /Users/kazumichi/Downloads/BioHack26/PGGB_short_reads_mapping/software/vg/deps/cairo/subprojects/libpng-1.6.47/pngconf.h to /Users/kazumichi/Downloads/BioHack26/PGGB_short_reads_mapping/software/vg/include/libpng16
Installing /Users/kazumichi/Downloads/BioHack26/PGGB_short_reads_mapping/software/vg/deps/cairo/build/subprojects/libpng-1.6.47/pnglibconf.h to /Users/kazumichi/Downloads/BioHack26/PGGB_short_reads_mapping/software/vg/include/libpng16
Installing /Users/kazumichi/Downloads/BioHack26/PGGB_short_reads_mapping/software/vg/deps/cairo/subprojects/fontconfig-2.16.0/fontconfig/fontconfig.h to /Users/kazumichi/Downloads/BioHack26/PGGB_short_reads_mapping/software/vg/include/fontconfig
Installing /Users/kazumichi/Downloads/BioHack26/PGGB_short_reads_mapping/software/vg/deps/cairo/subprojects/fontconfig-2.16.0/fontconfig/fcfreetype.h to /Users/kazumichi/Downloads/BioHack26/PGGB_short_reads_mapping/software/vg/include/fontconfig
Installing /Users/kazumichi/Downloads/BioHack26/PGGB_short_reads_mapping/software/vg/deps/cairo/subprojects/fontconfig-2.16.0/fontconfig/fcprivate.h to /Users/kazumichi/Downloads/BioHack26/PGGB_short_reads_mapping/software/vg/include/fontconfig
Installing /Users/kazumichi/Downloads/BioHack26/PGGB_short_reads_mapping/software/vg/deps/cairo/src/cairo.h to /Users/kazumichi/Downloads/BioHack26/PGGB_short_reads_mapping/software/vg/include/cairo
Installing /Users/kazumichi/Downloads/BioHack26/PGGB_short_reads_mapping/software/vg/deps/cairo/src/cairo-version.h to /Users/kazumichi/Downloads/BioHack26/PGGB_short_reads_mapping/software/vg/include/cairo
Installing /Users/kazumichi/Downloads/BioHack26/PGGB_short_reads_mapping/software/vg/deps/cairo/src/cairo-deprecated.h to /Users/kazumichi/Downloads/BioHack26/PGGB_short_reads_mapping/software/vg/include/cairo
Installing /Users/kazumichi/Downloads/BioHack26/PGGB_short_reads_mapping/software/vg/deps/cairo/src/cairo-svg.h to /Users/kazumichi/Downloads/BioHack26/PGGB_short_reads_mapping/software/vg/include/cairo
Installing /Users/kazumichi/Downloads/BioHack26/PGGB_short_reads_mapping/software/vg/deps/cairo/src/cairo-ft.h to /Users/kazumichi/Downloads/BioHack26/PGGB_short_reads_mapping/software/vg/include/cairo
Installing /Users/kazumichi/Downloads/BioHack26/PGGB_short_reads_mapping/software/vg/deps/cairo/build/src/cairo-features.h to /Users/kazumichi/Downloads/BioHack26/PGGB_short_reads_mapping/software/vg/include/cairo
Installing /Users/kazumichi/Downloads/BioHack26/PGGB_short_reads_mapping/software/vg/deps/cairo/build/subprojects/libpng-1.6.47/libpng16.pc to /Users/kazumichi/Downloads/BioHack26/PGGB_short_reads_mapping/software/vg/lib/pkgconfig
Installing /Users/kazumichi/Downloads/BioHack26/PGGB_short_reads_mapping/software/vg/deps/cairo/build/subprojects/libpng-1.6.47/libpng.pc to /Users/kazumichi/Downloads/BioHack26/PGGB_short_reads_mapping/software/vg/lib/pkgconfig
Installing /Users/kazumichi/Downloads/BioHack26/PGGB_short_reads_mapping/software/vg/deps/cairo/build/meson-private/fontconfig.pc to /Users/kazumichi/Downloads/BioHack26/PGGB_short_reads_mapping/software/vg/lib/pkgconfig
Installing /Users/kazumichi/Downloads/BioHack26/PGGB_short_reads_mapping/software/vg/deps/cairo/subprojects/fontconfig-2.16.0/conf.d/05-reset-dirs-sample.conf to /Users/kazumichi/Downloads/BioHack26/PGGB_short_reads_mapping/software/vg/share/fontconfig/conf.avail
Installing /Users/kazumichi/Downloads/BioHack26/PGGB_short_reads_mapping/software/vg/deps/cairo/subprojects/fontconfig-2.16.0/conf.d/09-autohint-if-no-hinting.conf to /Users/kazumichi/Downloads/BioHack26/PGGB_short_reads_mapping/software/vg/share/fontconfig/conf.avail
Installing /Users/kazumichi/Downloads/BioHack26/PGGB_short_reads_mapping/software/vg/deps/cairo/subprojects/fontconfig-2.16.0/conf.d/10-autohint.conf to /Users/kazumichi/Downloads/BioHack26/PGGB_short_reads_mapping/software/vg/share/fontconfig/conf.avail
Installing /Users/kazumichi/Downloads/BioHack26/PGGB_short_reads_mapping/software/vg/deps/cairo/subprojects/fontconfig-2.16.0/conf.d/10-hinting-full.conf to /Users/kazumichi/Downloads/BioHack26/PGGB_short_reads_mapping/software/vg/share/fontconfig/conf.avail
Installing /Users/kazumichi/Downloads/BioHack26/PGGB_short_reads_mapping/software/vg/deps/cairo/subprojects/fontconfig-2.16.0/conf.d/10-hinting-medium.conf to /Users/kazumichi/Downloads/BioHack26/PGGB_short_reads_mapping/software/vg/share/fontconfig/conf.avail
Installing /Users/kazumichi/Downloads/BioHack26/PGGB_short_reads_mapping/software/vg/deps/cairo/subprojects/fontconfig-2.16.0/conf.d/10-hinting-none.conf to /Users/kazumichi/Downloads/BioHack26/PGGB_short_reads_mapping/software/vg/share/fontconfig/conf.avail
Installing /Users/kazumichi/Downloads/BioHack26/PGGB_short_reads_mapping/software/vg/deps/cairo/subprojects/fontconfig-2.16.0/conf.d/10-hinting-slight.conf to /Users/kazumichi/Downloads/BioHack26/PGGB_short_reads_mapping/software/vg/share/fontconfig/conf.avail
Installing /Users/kazumichi/Downloads/BioHack26/PGGB_short_reads_mapping/software/vg/deps/cairo/subprojects/fontconfig-2.16.0/conf.d/10-no-antialias.conf to /Users/kazumichi/Downloads/BioHack26/PGGB_short_reads_mapping/software/vg/share/fontconfig/conf.avail
Installing /Users/kazumichi/Downloads/BioHack26/PGGB_short_reads_mapping/software/vg/deps/cairo/subprojects/fontconfig-2.16.0/conf.d/10-scale-bitmap-fonts.conf to /Users/kazumichi/Downloads/BioHack26/PGGB_short_reads_mapping/software/vg/share/fontconfig/conf.avail
Installing /Users/kazumichi/Downloads/BioHack26/PGGB_short_reads_mapping/software/vg/deps/cairo/subprojects/fontconfig-2.16.0/conf.d/10-sub-pixel-bgr.conf to /Users/kazumichi/Downloads/BioHack26/PGGB_short_reads_mapping/software/vg/share/fontconfig/conf.avail
Installing /Users/kazumichi/Downloads/BioHack26/PGGB_short_reads_mapping/software/vg/deps/cairo/subprojects/fontconfig-2.16.0/conf.d/10-sub-pixel-none.conf to /Users/kazumichi/Downloads/BioHack26/PGGB_short_reads_mapping/software/vg/share/fontconfig/conf.avail
Installing /Users/kazumichi/Downloads/BioHack26/PGGB_short_reads_mapping/software/vg/deps/cairo/subprojects/fontconfig-2.16.0/conf.d/10-sub-pixel-rgb.conf to /Users/kazumichi/Downloads/BioHack26/PGGB_short_reads_mapping/software/vg/share/fontconfig/conf.avail
Installing /Users/kazumichi/Downloads/BioHack26/PGGB_short_reads_mapping/software/vg/deps/cairo/subprojects/fontconfig-2.16.0/conf.d/10-sub-pixel-vbgr.conf to /Users/kazumichi/Downloads/BioHack26/PGGB_short_reads_mapping/software/vg/share/fontconfig/conf.avail
Installing /Users/kazumichi/Downloads/BioHack26/PGGB_short_reads_mapping/software/vg/deps/cairo/subprojects/fontconfig-2.16.0/conf.d/10-sub-pixel-vrgb.conf to /Users/kazumichi/Downloads/BioHack26/PGGB_short_reads_mapping/software/vg/share/fontconfig/conf.avail
Installing /Users/kazumichi/Downloads/BioHack26/PGGB_short_reads_mapping/software/vg/deps/cairo/subprojects/fontconfig-2.16.0/conf.d/10-unhinted.conf to /Users/kazumichi/Downloads/BioHack26/PGGB_short_reads_mapping/software/vg/share/fontconfig/conf.avail
Installing /Users/kazumichi/Downloads/BioHack26/PGGB_short_reads_mapping/software/vg/deps/cairo/subprojects/fontconfig-2.16.0/conf.d/10-yes-antialias.conf to /Users/kazumichi/Downloads/BioHack26/PGGB_short_reads_mapping/software/vg/share/fontconfig/conf.avail
Installing /Users/kazumichi/Downloads/BioHack26/PGGB_short_reads_mapping/software/vg/deps/cairo/subprojects/fontconfig-2.16.0/conf.d/11-lcdfilter-default.conf to /Users/kazumichi/Downloads/BioHack26/PGGB_short_reads_mapping/software/vg/share/fontconfig/conf.avail
Installing /Users/kazumichi/Downloads/BioHack26/PGGB_short_reads_mapping/software/vg/deps/cairo/subprojects/fontconfig-2.16.0/conf.d/11-lcdfilter-legacy.conf to /Users/kazumichi/Downloads/BioHack26/PGGB_short_reads_mapping/software/vg/share/fontconfig/conf.avail
Installing /Users/kazumichi/Downloads/BioHack26/PGGB_short_reads_mapping/software/vg/deps/cairo/subprojects/fontconfig-2.16.0/conf.d/11-lcdfilter-light.conf to /Users/kazumichi/Downloads/BioHack26/PGGB_short_reads_mapping/software/vg/share/fontconfig/conf.avail
Installing /Users/kazumichi/Downloads/BioHack26/PGGB_short_reads_mapping/software/vg/deps/cairo/subprojects/fontconfig-2.16.0/conf.d/11-lcdfilter-none.conf to /Users/kazumichi/Downloads/BioHack26/PGGB_short_reads_mapping/software/vg/share/fontconfig/conf.avail
Installing /Users/kazumichi/Downloads/BioHack26/PGGB_short_reads_mapping/software/vg/deps/cairo/subprojects/fontconfig-2.16.0/conf.d/20-unhint-small-vera.conf to /Users/kazumichi/Downloads/BioHack26/PGGB_short_reads_mapping/software/vg/share/fontconfig/conf.avail
Installing /Users/kazumichi/Downloads/BioHack26/PGGB_short_reads_mapping/software/vg/deps/cairo/subprojects/fontconfig-2.16.0/conf.d/25-unhint-nonlatin.conf to /Users/kazumichi/Downloads/BioHack26/PGGB_short_reads_mapping/software/vg/share/fontconfig/conf.avail
Installing /Users/kazumichi/Downloads/BioHack26/PGGB_short_reads_mapping/software/vg/deps/cairo/subprojects/fontconfig-2.16.0/conf.d/30-metric-aliases.conf to /Users/kazumichi/Downloads/BioHack26/PGGB_short_reads_mapping/software/vg/share/fontconfig/conf.avail
Installing /Users/kazumichi/Downloads/BioHack26/PGGB_short_reads_mapping/software/vg/deps/cairo/subprojects/fontconfig-2.16.0/conf.d/40-nonlatin.conf to /Users/kazumichi/Downloads/BioHack26/PGGB_short_reads_mapping/software/vg/share/fontconfig/conf.avail
Installing /Users/kazumichi/Downloads/BioHack26/PGGB_short_reads_mapping/software/vg/deps/cairo/subprojects/fontconfig-2.16.0/conf.d/45-generic.conf to /Users/kazumichi/Downloads/BioHack26/PGGB_short_reads_mapping/software/vg/share/fontconfig/conf.avail
Installing /Users/kazumichi/Downloads/BioHack26/PGGB_short_reads_mapping/software/vg/deps/cairo/subprojects/fontconfig-2.16.0/conf.d/45-latin.conf to /Users/kazumichi/Downloads/BioHack26/PGGB_short_reads_mapping/software/vg/share/fontconfig/conf.avail
Installing /Users/kazumichi/Downloads/BioHack26/PGGB_short_reads_mapping/software/vg/deps/cairo/subprojects/fontconfig-2.16.0/conf.d/48-spacing.conf to /Users/kazumichi/Downloads/BioHack26/PGGB_short_reads_mapping/software/vg/share/fontconfig/conf.avail
Installing /Users/kazumichi/Downloads/BioHack26/PGGB_short_reads_mapping/software/vg/deps/cairo/subprojects/fontconfig-2.16.0/conf.d/49-sansserif.conf to /Users/kazumichi/Downloads/BioHack26/PGGB_short_reads_mapping/software/vg/share/fontconfig/conf.avail
Installing /Users/kazumichi/Downloads/BioHack26/PGGB_short_reads_mapping/software/vg/deps/cairo/subprojects/fontconfig-2.16.0/conf.d/50-user.conf to /Users/kazumichi/Downloads/BioHack26/PGGB_short_reads_mapping/software/vg/share/fontconfig/conf.avail
Installing /Users/kazumichi/Downloads/BioHack26/PGGB_short_reads_mapping/software/vg/deps/cairo/subprojects/fontconfig-2.16.0/conf.d/51-local.conf to /Users/kazumichi/Downloads/BioHack26/PGGB_short_reads_mapping/software/vg/share/fontconfig/conf.avail
Installing /Users/kazumichi/Downloads/BioHack26/PGGB_short_reads_mapping/software/vg/deps/cairo/subprojects/fontconfig-2.16.0/conf.d/60-generic.conf to /Users/kazumichi/Downloads/BioHack26/PGGB_short_reads_mapping/software/vg/share/fontconfig/conf.avail
Installing /Users/kazumichi/Downloads/BioHack26/PGGB_short_reads_mapping/software/vg/deps/cairo/subprojects/fontconfig-2.16.0/conf.d/60-latin.conf to /Users/kazumichi/Downloads/BioHack26/PGGB_short_reads_mapping/software/vg/share/fontconfig/conf.avail
Installing /Users/kazumichi/Downloads/BioHack26/PGGB_short_reads_mapping/software/vg/deps/cairo/subprojects/fontconfig-2.16.0/conf.d/65-fonts-persian.conf to /Users/kazumichi/Downloads/BioHack26/PGGB_short_reads_mapping/software/vg/share/fontconfig/conf.avail
Installing /Users/kazumichi/Downloads/BioHack26/PGGB_short_reads_mapping/software/vg/deps/cairo/subprojects/fontconfig-2.16.0/conf.d/65-khmer.conf to /Users/kazumichi/Downloads/BioHack26/PGGB_short_reads_mapping/software/vg/share/fontconfig/conf.avail
Installing /Users/kazumichi/Downloads/BioHack26/PGGB_short_reads_mapping/software/vg/deps/cairo/subprojects/fontconfig-2.16.0/conf.d/65-nonlatin.conf to /Users/kazumichi/Downloads/BioHack26/PGGB_short_reads_mapping/software/vg/share/fontconfig/conf.avail
Installing /Users/kazumichi/Downloads/BioHack26/PGGB_short_reads_mapping/software/vg/deps/cairo/subprojects/fontconfig-2.16.0/conf.d/69-unifont.conf to /Users/kazumichi/Downloads/BioHack26/PGGB_short_reads_mapping/software/vg/share/fontconfig/conf.avail
Installing /Users/kazumichi/Downloads/BioHack26/PGGB_short_reads_mapping/software/vg/deps/cairo/subprojects/fontconfig-2.16.0/conf.d/70-no-bitmaps.conf to /Users/kazumichi/Downloads/BioHack26/PGGB_short_reads_mapping/software/vg/share/fontconfig/conf.avail
Installing /Users/kazumichi/Downloads/BioHack26/PGGB_short_reads_mapping/software/vg/deps/cairo/subprojects/fontconfig-2.16.0/conf.d/70-no-bitmaps-and-emoji.conf to /Users/kazumichi/Downloads/BioHack26/PGGB_short_reads_mapping/software/vg/share/fontconfig/conf.avail
Installing /Users/kazumichi/Downloads/BioHack26/PGGB_short_reads_mapping/software/vg/deps/cairo/subprojects/fontconfig-2.16.0/conf.d/70-no-bitmaps-except-emoji.conf to /Users/kazumichi/Downloads/BioHack26/PGGB_short_reads_mapping/software/vg/share/fontconfig/conf.avail
Installing /Users/kazumichi/Downloads/BioHack26/PGGB_short_reads_mapping/software/vg/deps/cairo/subprojects/fontconfig-2.16.0/conf.d/70-yes-bitmaps.conf to /Users/kazumichi/Downloads/BioHack26/PGGB_short_reads_mapping/software/vg/share/fontconfig/conf.avail
Installing /Users/kazumichi/Downloads/BioHack26/PGGB_short_reads_mapping/software/vg/deps/cairo/subprojects/fontconfig-2.16.0/conf.d/80-delicious.conf to /Users/kazumichi/Downloads/BioHack26/PGGB_short_reads_mapping/software/vg/share/fontconfig/conf.avail
Installing /Users/kazumichi/Downloads/BioHack26/PGGB_short_reads_mapping/software/vg/deps/cairo/subprojects/fontconfig-2.16.0/conf.d/90-synthetic.conf to /Users/kazumichi/Downloads/BioHack26/PGGB_short_reads_mapping/software/vg/share/fontconfig/conf.avail
Installing /Users/kazumichi/Downloads/BioHack26/PGGB_short_reads_mapping/software/vg/deps/cairo/build/subprojects/fontconfig-2.16.0/conf.d/README to /Users/kazumichi/Downloads/BioHack26/PGGB_short_reads_mapping/software/vg/etc/fonts/conf.d
Installing /Users/kazumichi/Downloads/BioHack26/PGGB_short_reads_mapping/software/vg/deps/cairo/subprojects/fontconfig-2.16.0/its/fontconfig.its to /Users/kazumichi/Downloads/BioHack26/PGGB_short_reads_mapping/software/vg/share/gettext/its
Installing /Users/kazumichi/Downloads/BioHack26/PGGB_short_reads_mapping/software/vg/deps/cairo/subprojects/fontconfig-2.16.0/its/fontconfig.loc to /Users/kazumichi/Downloads/BioHack26/PGGB_short_reads_mapping/software/vg/share/gettext/its
Installing /Users/kazumichi/Downloads/BioHack26/PGGB_short_reads_mapping/software/vg/deps/cairo/build/subprojects/fontconfig-2.16.0/fonts.conf to /Users/kazumichi/Downloads/BioHack26/PGGB_short_reads_mapping/software/vg/etc/fonts
Installing /Users/kazumichi/Downloads/BioHack26/PGGB_short_reads_mapping/software/vg/deps/cairo/subprojects/fontconfig-2.16.0/fonts.dtd to /Users/kazumichi/Downloads/BioHack26/PGGB_short_reads_mapping/software/vg/share/xml/fontconfig
Installing /Users/kazumichi/Downloads/BioHack26/PGGB_short_reads_mapping/software/vg/deps/cairo/build/meson-private/cairo.pc to /Users/kazumichi/Downloads/BioHack26/PGGB_short_reads_mapping/software/vg/lib/pkgconfig
Installing /Users/kazumichi/Downloads/BioHack26/PGGB_short_reads_mapping/software/vg/deps/cairo/build/meson-private/cairo-png.pc to /Users/kazumichi/Downloads/BioHack26/PGGB_short_reads_mapping/software/vg/lib/pkgconfig
Installing /Users/kazumichi/Downloads/BioHack26/PGGB_short_reads_mapping/software/vg/deps/cairo/build/meson-private/cairo-svg.pc to /Users/kazumichi/Downloads/BioHack26/PGGB_short_reads_mapping/software/vg/lib/pkgconfig
Installing /Users/kazumichi/Downloads/BioHack26/PGGB_short_reads_mapping/software/vg/deps/cairo/build/meson-private/cairo-fc.pc to /Users/kazumichi/Downloads/BioHack26/PGGB_short_reads_mapping/software/vg/lib/pkgconfig
Installing /Users/kazumichi/Downloads/BioHack26/PGGB_short_reads_mapping/software/vg/deps/cairo/build/meson-private/cairo-ft.pc to /Users/kazumichi/Downloads/BioHack26/PGGB_short_reads_mapping/software/vg/lib/pkgconfig
Installing symlink pointing to libpng16.16.dylib to /Users/kazumichi/Downloads/BioHack26/PGGB_short_reads_mapping/software/vg/lib/libpng16.dylib
Installing symlink pointing to libfontconfig.1.dylib to /Users/kazumichi/Downloads/BioHack26/PGGB_short_reads_mapping/software/vg/lib/libfontconfig.dylib
Installing symlink pointing to libcairo.2.dylib to /Users/kazumichi/Downloads/BioHack26/PGGB_short_reads_mapping/software/vg/lib/libcairo.dylib
Running custom install script '/opt/homebrew/Caskroom/miniforge/base/envs/bh26/bin/python3.11 /Users/kazumichi/Downloads/BioHack26/PGGB_short_reads_mapping/software/vg/deps/cairo/subprojects/fontconfig-2.16.0/conf.d/link_confs.py /Users/kazumichi/Downloads/BioHack26/PGGB_short_reads_mapping/software/vg/share/fontconfig/conf.avail /Users/kazumichi/Downloads/BioHack26/PGGB_short_reads_mapping/software/vg/etc/fonts/conf.d 10-hinting-slight.conf 10-scale-bitmap-fonts.conf 10-sub-pixel-none.conf 10-yes-antialias.conf 11-lcdfilter-default.conf 20-unhint-small-vera.conf 30-metric-aliases.conf 40-nonlatin.conf 45-generic.conf 45-latin.conf 48-spacing.conf 49-sansserif.conf 50-user.conf 51-local.conf 60-generic.conf 60-latin.conf 65-fonts-persian.conf 65-nonlatin.conf 69-unifont.conf 80-delicious.conf 90-synthetic.conf'
       26.96 real       112.31 user        37.21 sys
           675446784  maximum resident set size
                   0  average shared memory size
                   0  average unshared data size
                   0  average unshared stack size
             4290063  page reclaims
               92232  page faults
                   0  swaps
                   0  block input operations
                   0  block output operations
                  70  messages sent
                3075  messages received
                 848  signals received
                6444  voluntary context switches
             1552936  involuntary context switches
           781491688  instructions retired
           280029630  cycles elapsed
             7225560  peak memory footprint
EXIT_CODE=2
BUILD_END=2026-09-16T02:31:35Z
