BUILD_START=2026-09-16T02:28:31Z
OS is Mac
Compiler c++ is Clang
OMP source is Homebrew libomp global install
CXXFLAGS are -std=c++20 -O3 -Werror=return-type -ggdb -g   -Xpreprocessor -fopenmp
LDFLAGS are -L/usr/local/lib -L/opt/homebrew/Caskroom/miniforge/base/envs/bh26/lib
Check Git
cd deps/sdsl-lite && AS_INTEGRATED_ASSEMBLER=1 BUILD_PORTABLE=1 CXXFLAGS="-fPIC -std=c++20 -O3 -Werror=return-type -ggdb -g   -Xpreprocessor -fopenmp" ./install.sh /Users/kazumichi/Downloads/BioHack26/PGGB_short_reads_mapping/software/vg 2>&1 | python3 /Users/kazumichi/Downloads/BioHack26/PGGB_short_reads_mapping/software/vg/scripts/filter-noisy-assembler-warnings.py
cd deps/ssw/src && /Library/Developer/CommandLineTools/usr/bin/make clean && CFLAGS="-fPIC " CXXFLAGS="-fPIC -std=c++20 -O3 -Werror=return-type -ggdb -g   -Xpreprocessor -fopenmp" /Library/Developer/CommandLineTools/usr/bin/make 2>&1 | python3 /Users/kazumichi/Downloads/BioHack26/PGGB_short_reads_mapping/software/vg/scripts/filter-noisy-assembler-warnings.py && ar rs /Users/kazumichi/Downloads/BioHack26/PGGB_short_reads_mapping/software/vg/lib/libssw.a ssw.o ssw_cpp.o && cp ssw_cpp.h ssw.h /Users/kazumichi/Downloads/BioHack26/PGGB_short_reads_mapping/software/vg/include
rm -f lib/libhandlegraph.a lib/libhandlegraph.dylib
cd deps/kff-cpp-api && rm -Rf build && mkdir build && cd build && cmake -DCMAKE_C_COMPILER="cc" -DCMAKE_CXX_COMPILER="c++" -DCMAKE_CXX_FLAGS="-fPIC -Wall -Ofast -g -std=c++20 -O3 -Werror=return-type -ggdb -g   -Xpreprocessor -fopenmp" .. && AS_INTEGRATED_ASSEMBLER=1 /Library/Developer/CommandLineTools/usr/bin/make 2>&1 | python3 /Users/kazumichi/Downloads/BioHack26/PGGB_short_reads_mapping/software/vg/scripts/filter-noisy-assembler-warnings.py && cp kff_io.hpp /Users/kazumichi/Downloads/BioHack26/PGGB_short_reads_mapping/software/vg/include && mv libkff.a /Users/kazumichi/Downloads/BioHack26/PGGB_short_reads_mapping/software/vg/lib
cd deps/libdeflate && V=1 LDFLAGS="-L/usr/local/lib -L/opt/homebrew/Caskroom/miniforge/base/envs/bh26/lib -Wl,-headerpad_max_install_names" /Library/Developer/CommandLineTools/usr/bin/make 2>&1 | python3 /Users/kazumichi/Downloads/BioHack26/PGGB_short_reads_mapping/software/vg/scripts/filter-noisy-assembler-warnings.py && cp libdeflate.a /Users/kazumichi/Downloads/BioHack26/PGGB_short_reads_mapping/software/vg/lib && cp libdeflate.h /Users/kazumichi/Downloads/BioHack26/PGGB_short_reads_mapping/software/vg/include
rm -f include/catch.hpp
cd deps/gssw && /Library/Developer/CommandLineTools/usr/bin/make clean && CFLAGS="-fPIC " CXXFLAGS="-fPIC -std=c++20 -O3 -Werror=return-type -ggdb -g   -Xpreprocessor -fopenmp" /Library/Developer/CommandLineTools/usr/bin/make 2>&1 | python3 /Users/kazumichi/Downloads/BioHack26/PGGB_short_reads_mapping/software/vg/scripts/filter-noisy-assembler-warnings.py && cp lib/libgssw.a /Users/kazumichi/Downloads/BioHack26/PGGB_short_reads_mapping/software/vg/lib/ && cp src/gssw.h /Users/kazumichi/Downloads/BioHack26/PGGB_short_reads_mapping/software/vg/include/
cd ./deps/sonLib && /Library/Developer/CommandLineTools/usr/bin/make clean && kyotoTycoonLib="" CFLAGS="-fPIC " CXXFLAGS="-fPIC -std=c++20 -O3 -Werror=return-type -ggdb -g   -Xpreprocessor -fopenmp" /Library/Developer/CommandLineTools/usr/bin/make 2>&1 | python3 /Users/kazumichi/Downloads/BioHack26/PGGB_short_reads_mapping/software/vg/scripts/filter-noisy-assembler-warnings.py && cp lib/sonLib.a /Users/kazumichi/Downloads/BioHack26/PGGB_short_reads_mapping/software/vg/lib/libsonlib.a && mkdir -p /Users/kazumichi/Downloads/BioHack26/PGGB_short_reads_mapping/software/vg/include/sonLib && cp lib/*.h /Users/kazumichi/Downloads/BioHack26/PGGB_short_reads_mapping/software/vg/include/sonLib
which bison
cd deps/structures && /Library/Developer/CommandLineTools/usr/bin/make clean && /Library/Developer/CommandLineTools/usr/bin/make lib/libstructures.a 2>&1 | python3 /Users/kazumichi/Downloads/BioHack26/PGGB_short_reads_mapping/software/vg/scripts/filter-noisy-assembler-warnings.py && cp lib/libstructures.a /Users/kazumichi/Downloads/BioHack26/PGGB_short_reads_mapping/software/vg/lib/ && cp -r src/include/structures /Users/kazumichi/Downloads/BioHack26/PGGB_short_reads_mapping/software/vg/include/
rm -f lib/cleaned_old_protobuf*
cp deps/BBHash/BooPHF.h /Users/kazumichi/Downloads/BioHack26/PGGB_short_reads_mapping/software/vg/include
rm -Rf include/handlegraph lib/cmake/libhandlegraph
rm -f ssw.o ssw_cpp.o ssw_test libssw.so example_c example_cpp libsswjni.so ssw.jar ssw/Aligner.class ssw/Alignment.class ssw/Example.class *~ 
touch lib/cleaned_old_catch
/opt/homebrew/Caskroom/miniforge/base/envs/bh26/bin/bison
cd deps/raptor/build && rm -Rf CMakeCache.txt CMakeFiles CTestTestfile.cmake Makefile cmake_install.cmake src tests utils && CFLAGS="-fPIC " CXXFLAGS="-fPIC -std=c++20 -O3 -Werror=return-type -ggdb -g   -Xpreprocessor -fopenmp" cmake -DCMAKE_POLICY_VERSION_MINIMUM=3.5 -DCMAKE_C_COMPILER="cc" -DCMAKE_CXX_COMPILER="c++" .. && rm -f src/turtle_parser.c && rm -f src/turtle_lexer.c && make turtle_lexer_tgt && make -f src/CMakeFiles/raptor2.dir/build.make src/turtle_lexer.c && sed -i.bak '/yycleanup/d' src/turtle_lexer.c && /Library/Developer/CommandLineTools/usr/bin/make 2>&1 | python3 /Users/kazumichi/Downloads/BioHack26/PGGB_short_reads_mapping/software/vg/scripts/filter-noisy-assembler-warnings.py && cp src/libraptor2.a /Users/kazumichi/Downloads/BioHack26/PGGB_short_reads_mapping/software/vg/lib
cp -r deps/sparsepp/sparsepp include/
rm -f lib/libproto* lib/pkgconfig/protobuf* bin/protoc
rm -f -r lib/
cd deps/libhandlegraph && rm -Rf build CMakeCache.txt CMakeFiles && mkdir build && cd build && CXXFLAGS="-std=c++20 -O3 -Werror=return-type -ggdb -g   -Xpreprocessor -fopenmp" cmake -DCMAKE_C_COMPILER="cc" -DCMAKE_CXX_COMPILER="c++" -DCMAKE_VERBOSE_MAKEFILE=ON -DCMAKE_INSTALL_PREFIX=/Users/kazumichi/Downloads/BioHack26/PGGB_short_reads_mapping/software/vg -DCMAKE_INSTALL_LIBDIR=lib .. && /Library/Developer/CommandLineTools/usr/bin/make 2>&1 | python3 /Users/kazumichi/Downloads/BioHack26/PGGB_short_reads_mapping/software/vg/scripts/filter-noisy-assembler-warnings.py && /Library/Developer/CommandLineTools/usr/bin/make install
rm -f -r bin/
rm -Rf include/dynamic.hpp include/dynamic
cd C && /Library/Developer/CommandLineTools/usr/bin/make clean
rm -Rf include/google/protobuf deps/protobuf
rm -f -r obj/
cd externalTools && /Library/Developer/CommandLineTools/usr/bin/make clean
# annoyingly doesn't have an install option on the cmake, so we manually move their external dependency headers
touch lib/cleaned_old_protobuf_v003
cc -c -o ssw.o ssw.c -fPIC  -Wall -pipe -O3 -I.
cd /Users/kazumichi/Downloads/BioHack26/PGGB_short_reads_mapping/software/vg/deps/DYNAMIC && rm -Rf build && mkdir -p build && cd build && export CXXFLAGS="-std=c++20 -O3 -Werror=return-type -ggdb -g   -Xpreprocessor -fopenmp" && cmake -DCMAKE_C_COMPILER="cc" -DCMAKE_CXX_COMPILER="c++" -DCMAKE_VERBOSE_MAKEFILE=ON .. && make && cp -r /Users/kazumichi/Downloads/BioHack26/PGGB_short_reads_mapping/software/vg/deps/DYNAMIC/deps/hopscotch_map/include/* /Users/kazumichi/Downloads/BioHack26/PGGB_short_reads_mapping/software/vg/include/
c++ -c -o ssw_cpp.o ssw_cpp.cpp -fPIC  -Wall -pipe -O3 -I.
gcc -L/usr/local/lib -L/opt/homebrew/Caskroom/miniforge/base/envs/bh26/lib  -fPIC  -Wall -O3 -g -c -o obj/gssw.o src/gssw.c
rm -rf  ../bin ../lib
cd cutest && make clean
cp -r deps/mio/include/mio /Users/kazumichi/Downloads/BioHack26/PGGB_short_reads_mapping/software/vg/include/
find bin obj lib -type f -delete
cc -fPIC  -Wall -pipe -O3 -I. -fPIC -shared -o libssw.so ssw.c
rm -f ../../lib/cuTest.a ../../lib/CuTest.h
cd quicktree_1.1 && make clean
g++ -std=c++11 -g -O3 -Isrc/include -std=c++20 -O3 -Werror=return-type -ggdb -g   -Xpreprocessor -fopenmp -c src/union_find.cpp -o obj/union_find.o 
rm -rf ./obj/*.o
rm -f ./bin/sonLib_daemonize.py
cd externalTools && /Library/Developer/CommandLineTools/usr/bin/make all
cd cutest && make all
clang -std=c99   -fPIC  -O3 -g -Wall --pedantic -funroll-loops -DNDEBUG  -c CuTest.c
cc -o lib/aligned_malloc.o -c  -O2 -fomit-frame-pointer -std=c99 -I. -Icommon -Wall -Wundef -Wpedantic -Wdeclaration-after-statement -Wmissing-prototypes -Wstrict-prototypes -Wvla -fvisibility=hidden -D_ANSI_SOURCE lib/aligned_malloc.c
Library will be installed in '/Users/kazumichi/Downloads/BioHack26/PGGB_short_reads_mapping/software/vg'
WARNING: .git/hooks directory does not exists.
         The pre-commit hook is not installed.
ar rc cuTest.a *.o
cc -o lib/deflate_decompress.o -c  -O2 -fomit-frame-pointer -std=c99 -I. -Icommon -Wall -Wundef -Wpedantic -Wdeclaration-after-statement -Wmissing-prototypes -Wstrict-prototypes -Wvla -fvisibility=hidden -D_ANSI_SOURCE lib/deflate_decompress.c
cp -r deps/atomic_queue/include/atomic_queue/* /Users/kazumichi/Downloads/BioHack26/PGGB_short_reads_mapping/software/vg/include/
g++ -std=c++11 -g -O3 -Isrc/include -std=c++20 -O3 -Werror=return-type -ggdb -g   -Xpreprocessor -fopenmp -c src/suffix_tree.cpp -o obj/suffix_tree.o 
cc -o lib/arm/cpu_features.o -c  -O2 -fomit-frame-pointer -std=c99 -I. -Icommon -Wall -Wundef -Wpedantic -Wdeclaration-after-statement -Wmissing-prototypes -Wstrict-prototypes -Wvla -fvisibility=hidden -D_ANSI_SOURCE lib/arm/cpu_features.c
cc -o lib/x86/cpu_features.o -c  -O2 -fomit-frame-pointer -std=c99 -I. -Icommon -Wall -Wundef -Wpedantic -Wdeclaration-after-statement -Wmissing-prototypes -Wstrict-prototypes -Wvla -fvisibility=hidden -D_ANSI_SOURCE lib/x86/cpu_features.c
cc -o lib/deflate_compress.o -c  -O2 -fomit-frame-pointer -std=c99 -I. -Icommon -Wall -Wundef -Wpedantic -Wdeclaration-after-statement -Wmissing-prototypes -Wstrict-prototypes -Wvla -fvisibility=hidden -D_ANSI_SOURCE lib/deflate_compress.c
clang: warning: argument unused during compilation: '-L/usr/local/lib' [-Wunused-command-line-argument]
clang: warning: argument unused during compilation: '-L/opt/homebrew/Caskroom/miniforge/base/envs/bh26/lib' [-Wunused-command-line-argument]
cc -o lib/adler32.o -c  -O2 -fomit-frame-pointer -std=c99 -I. -Icommon -Wall -Wundef -Wpedantic -Wdeclaration-after-statement -Wmissing-prototypes -Wstrict-prototypes -Wvla -fvisibility=hidden -D_ANSI_SOURCE lib/adler32.c
cc -o lib/zlib_decompress.o -c  -O2 -fomit-frame-pointer -std=c99 -I. -Icommon -Wall -Wundef -Wpedantic -Wdeclaration-after-statement -Wmissing-prototypes -Wstrict-prototypes -Wvla -fvisibility=hidden -D_ANSI_SOURCE lib/zlib_decompress.c
cp -r deps/ips4o/ips4o* /Users/kazumichi/Downloads/BioHack26/PGGB_short_reads_mapping/software/vg/include/
cc -o lib/zlib_compress.o -c  -O2 -fomit-frame-pointer -std=c99 -I. -Icommon -Wall -Wundef -Wpedantic -Wdeclaration-after-statement -Wmissing-prototypes -Wstrict-prototypes -Wvla -fvisibility=hidden -D_ANSI_SOURCE lib/zlib_compress.c
rm -f /Users/kazumichi/Downloads/BioHack26/PGGB_short_reads_mapping/software/vg/lib/libgfaz_core.a /Users/kazumichi/Downloads/BioHack26/PGGB_short_reads_mapping/software/vg/lib/libgfaz_compress.a
rm -Rf /Users/kazumichi/Downloads/BioHack26/PGGB_short_reads_mapping/software/vg/include/GFAz
cd deps/GFAz && rm -Rf build && mkdir build && cd build && cmake -DCMAKE_C_COMPILER="cc" -DCMAKE_CXX_COMPILER="c++" -DCMAKE_CXX_FLAGS="-fPIC -std=c++20 -O3 -Werror=return-type -ggdb -g   -Xpreprocessor -fopenmp -I/Users/kazumichi/Downloads/BioHack26/PGGB_short_reads_mapping/software/vg/include -I/Users/kazumichi/Downloads/BioHack26/PGGB_short_reads_mapping/software/vg/include/GFAz -I. -I/Users/kazumichi/Downloads/BioHack26/PGGB_short_reads_mapping/software/vg/src -I/Users/kazumichi/Downloads/BioHack26/PGGB_short_reads_mapping/software/vg/src/unittest -I/Users/kazumichi/Downloads/BioHack26/PGGB_short_reads_mapping/software/vg/src/unittest/support -I/Users/kazumichi/Downloads/BioHack26/PGGB_short_reads_mapping/software/vg/src/subcommand -I/Users/kazumichi/Downloads/BioHack26/PGGB_short_reads_mapping/software/vg/include/dynamic -I/Users/kazumichi/Downloads/BioHack26/PGGB_short_reads_mapping/software/vg/include/cairo -DPROTOBUF_USE_DLLS -Wno-float-conversion -Wno-implicit-float-conversion -Wno-implicit-int-float-conversion -Wno-unknown-warning-option -Wno-unused-command-line-argument -DNOMINMAX -I/opt/homebrew/Caskroom/miniforge/base/envs/bh26/include  -isystem /usr/local/include -I/opt/homebrew/Caskroom/miniforge/base/envs/bh26/include" -DBUILD_PYTHON_BINDINGS=OFF -DBUILD_CLI=OFF -DBUILD_BENCHMARKS=OFF -DBUILD_TESTS=OFF -DGFAZ_USE_SYSTEM_ZSTD=ON .. && /Library/Developer/CommandLineTools/usr/bin/make 2>&1 | python3 /Users/kazumichi/Downloads/BioHack26/PGGB_short_reads_mapping/software/vg/scripts/filter-noisy-assembler-warnings.py gfaz_core gfaz_compress && cp libgfaz_core.a libgfaz_compress.a /Users/kazumichi/Downloads/BioHack26/PGGB_short_reads_mapping/software/vg/lib/
cc -o lib/crc32.o -c  -O2 -fomit-frame-pointer -std=c99 -I. -Icommon -Wall -Wundef -Wpedantic -Wdeclaration-after-statement -Wmissing-prototypes -Wstrict-prototypes -Wvla -fvisibility=hidden -D_ANSI_SOURCE lib/crc32.c
cc -o lib/gzip_decompress.o -c  -O2 -fomit-frame-pointer -std=c99 -I. -Icommon -Wall -Wundef -Wpedantic -Wdeclaration-after-statement -Wmissing-prototypes -Wstrict-prototypes -Wvla -fvisibility=hidden -D_ANSI_SOURCE lib/gzip_decompress.c
cc -o lib/gzip_compress.o -c  -O2 -fomit-frame-pointer -std=c99 -I. -Icommon -Wall -Wundef -Wpedantic -Wdeclaration-after-statement -Wmissing-prototypes -Wstrict-prototypes -Wvla -fvisibility=hidden -D_ANSI_SOURCE lib/gzip_compress.c
cc -o lib/aligned_malloc.shlib.o -c  -O2 -fomit-frame-pointer -std=c99 -I. -Icommon -Wall -Wundef -Wpedantic -Wdeclaration-after-statement -Wmissing-prototypes -Wstrict-prototypes -Wvla -fvisibility=hidden -D_ANSI_SOURCE -fPIC -DLIBDEFLATE_DLL lib/aligned_malloc.c
cc -o lib/deflate_decompress.shlib.o -c  -O2 -fomit-frame-pointer -std=c99 -I. -Icommon -Wall -Wundef -Wpedantic -Wdeclaration-after-statement -Wmissing-prototypes -Wstrict-prototypes -Wvla -fvisibility=hidden -D_ANSI_SOURCE -fPIC -DLIBDEFLATE_DLL lib/deflate_decompress.c
cc -o lib/arm/cpu_features.shlib.o -c  -O2 -fomit-frame-pointer -std=c99 -I. -Icommon -Wall -Wundef -Wpedantic -Wdeclaration-after-statement -Wmissing-prototypes -Wstrict-prototypes -Wvla -fvisibility=hidden -D_ANSI_SOURCE -fPIC -DLIBDEFLATE_DLL lib/arm/cpu_features.c
cc -o lib/x86/cpu_features.shlib.o -c  -O2 -fomit-frame-pointer -std=c99 -I. -Icommon -Wall -Wundef -Wpedantic -Wdeclaration-after-statement -Wmissing-prototypes -Wstrict-prototypes -Wvla -fvisibility=hidden -D_ANSI_SOURCE -fPIC -DLIBDEFLATE_DLL lib/x86/cpu_features.c
cd quicktree_1.1 && make all CC="clang -std=c99 "
cc -o lib/deflate_compress.shlib.o -c  -O2 -fomit-frame-pointer -std=c99 -I. -Icommon -Wall -Wundef -Wpedantic -Wdeclaration-after-statement -Wmissing-prototypes -Wstrict-prototypes -Wvla -fvisibility=hidden -D_ANSI_SOURCE -fPIC -DLIBDEFLATE_DLL lib/deflate_compress.c
clang -std=c99  -fPIC  -c -I./include -O3 -Wall  -o ./obj/align.o ./src/align.c
g++ -std=c++11 -g -O3 -Isrc/include -std=c++20 -O3 -Werror=return-type -ggdb -g   -Xpreprocessor -fopenmp -c src/stable_double.cpp -o obj/stable_double.o 
clang -std=c99  -fPIC  -c -I./include -O3 -Wall  -o ./obj/cluster.o ./src/cluster.c
# Make dest directory
clang -std=c99  -fPIC  -c -I./include -O3 -Wall  -o ./obj/distancemat.o ./src/distancemat.c
gcc -L/usr/local/lib -L/opt/homebrew/Caskroom/miniforge/base/envs/bh26/lib  -fPIC  -Wall -O3 -g src/example.c -o bin/gssw_example obj/gssw.o -lm -lz
clang -std=c99  -fPIC  -c -I./include -O3 -Wall  -o ./obj/options.o ./src/options.c
CMake Warning (author) at CMakeLists.txt:18 (PROJECT):
  cmake_minimum_required() should be called prior to this top-level project()
  call.  Please see the cmake-commands(7) manual for usage documentation of
  both commands.
This warning is for project developers.  Use -Wno-author to suppress it.

-- Setting build type to 'Release' as none was specified.
clang -std=c99  -fPIC  -c -I./include -O3 -Wall  -o ./obj/util.o ./src/util.c
cc -o lib/adler32.shlib.o -c  -O2 -fomit-frame-pointer -std=c99 -I. -Icommon -Wall -Wundef -Wpedantic -Wdeclaration-after-statement -Wmissing-prototypes -Wstrict-prototypes -Wvla -fvisibility=hidden -D_ANSI_SOURCE -fPIC -DLIBDEFLATE_DLL lib/adler32.c
clang -std=c99  -fPIC  -c -I./include -O3 -Wall  -o ./obj/sequence.o ./src/sequence.c
ranlib cuTest.a
rm -f *.o
mv cuTest.a ../../lib/
cp CuTest.h ../../lib/
cc -o ssw_test ssw.o main.c -fPIC  -Wall -pipe -O3 -I. -lm -lz
gcc -L/usr/local/lib -L/opt/homebrew/Caskroom/miniforge/base/envs/bh26/lib  -fPIC  -Wall -O3 -g src/example_adj.c -o bin/gssw_example_adj obj/gssw.o -lm -lz
clang -std=c99  -fPIC  -c -I./include -O3 -Wall  -o ./obj/quicktree.o ./src/quicktree.c
cc -o lib/zlib_decompress.shlib.o -c  -O2 -fomit-frame-pointer -std=c99 -I. -Icommon -Wall -Wundef -Wpedantic -Wdeclaration-after-statement -Wmissing-prototypes -Wstrict-prototypes -Wvla -fvisibility=hidden -D_ANSI_SOURCE -fPIC -DLIBDEFLATE_DLL lib/zlib_decompress.c
-- The C compiler identification is AppleClang 21.0.0.21000334
-- The C compiler identification is AppleClang 21.0.0.21000334
-- The C compiler identification is AppleClang 21.0.0.21000334
-- The C compiler identification is AppleClang 21.0.0.21000334
-- The C compiler identification is AppleClang 21.0.0.21000334
cc -o lib/zlib_compress.shlib.o -c  -O2 -fomit-frame-pointer -std=c99 -I. -Icommon -Wall -Wundef -Wpedantic -Wdeclaration-after-statement -Wmissing-prototypes -Wstrict-prototypes -Wvla -fvisibility=hidden -D_ANSI_SOURCE -fPIC -DLIBDEFLATE_DLL lib/zlib_compress.c
clang -std=c99  -fPIC  -c -I./include -O3 -Wall  -o ./obj/buildtree.o ./src/buildtree.c
-- Detecting C compiler ABI info
cc -o lib/crc32.shlib.o -c  -O2 -fomit-frame-pointer -std=c99 -I. -Icommon -Wall -Wundef -Wpedantic -Wdeclaration-after-statement -Wmissing-prototypes -Wstrict-prototypes -Wvla -fvisibility=hidden -D_ANSI_SOURCE -fPIC -DLIBDEFLATE_DLL lib/crc32.c
clang -std=c99  -fPIC  -c -I./include -O3 -Wall  -o ./obj/tree.o ./src/tree.c
cc -o lib/gzip_decompress.shlib.o -c  -O2 -fomit-frame-pointer -std=c99 -I. -Icommon -Wall -Wundef -Wpedantic -Wdeclaration-after-statement -Wmissing-prototypes -Wstrict-prototypes -Wvla -fvisibility=hidden -D_ANSI_SOURCE -fPIC -DLIBDEFLATE_DLL lib/gzip_decompress.c
./src/tree.c:393:26: warning: 'fscanf' may overflow; destination buffer in argument 3 has size 1, but the corresponding specifier may require size 2 [-Wfortify-source]
  393 |   fscanf( handle, "%1s", &c);
      |                          ^
./src/tree.c:406:28: warning: 'fscanf' may overflow; destination buffer in argument 3 has size 1, but the corresponding specifier may require size 2 [-Wfortify-source]
  406 |     fscanf( handle, "%1s", &c); /* should be , */
      |                            ^
./src/tree.c:417:28: warning: 'fscanf' may overflow; destination buffer in argument 3 has size 1, but the corresponding specifier may require size 2 [-Wfortify-source]
  417 |     fscanf( handle, "%1s", &c);  /* should be ) */
      |                            ^
./src/tree.c:420:28: warning: 'fscanf' may overflow; destination buffer in argument 3 has size 1, but the corresponding specifier may require size 2 [-Wfortify-source]
  420 |     fscanf( handle, "%1s", &c);  /* should be : */
      |                            ^
./src/tree.c:475:26: warning: 'fscanf' may overflow; destination buffer in argument 3 has size 1, but the corresponding specifier may require size 2 [-Wfortify-source]
  475 |   fscanf( handle, "%1s", &c ); /* should be , */
      |                          ^
./src/tree.c:484:26: warning: 'fscanf' may overflow; destination buffer in argument 3 has size 1, but the corresponding specifier may require size 2 [-Wfortify-source]
  484 |   fscanf( handle, "%1s", &c ); /* should be , */
      |                          ^
./src/tree.c:493:26: warning: 'fscanf' may overflow; destination buffer in argument 3 has size 1, but the corresponding specifier may require size 2 [-Wfortify-source]
  493 |   fscanf( handle, "%1s", &c);
      |                          ^
./src/tree.c:496:26: warning: 'fscanf' may overflow; destination buffer in argument 3 has size 1, but the corresponding specifier may require size 2 [-Wfortify-source]
  496 |   fscanf( handle, "%1s", &c);
      |                          ^
cc -o lib/gzip_compress.shlib.o -c  -O2 -fomit-frame-pointer -std=c99 -I. -Icommon -Wall -Wundef -Wpedantic -Wdeclaration-after-statement -Wmissing-prototypes -Wstrict-prototypes -Wvla -fvisibility=hidden -D_ANSI_SOURCE -fPIC -DLIBDEFLATE_DLL lib/gzip_compress.c
rm -f lib/libstructures.a
ar rs lib/libstructures.a obj/union_find.o obj/suffix_tree.o obj/stable_double.o 
cc -o example_c ssw.o example.c -fPIC  -Wall -pipe -O3 -I. -lm -lz
8 warnings generated.
clang -std=c99   -o bin/quicktree ./obj/align.o ./obj/cluster.o ./obj/distancemat.o ./obj/options.o ./obj/util.o ./obj/sequence.o ./obj/quicktree.o ./obj/buildtree.o ./obj/tree.o -lm
ar: creating archive lib/libstructures.a
gcc -L/usr/local/lib -L/opt/homebrew/Caskroom/miniforge/base/envs/bh26/lib  -fPIC  -Wall -O3 -g src/gssw_test.c -o bin/gssw_test obj/gssw.o -lm -lz
ar rvs lib/libgssw.a obj/gssw.o
CC="cc" CFLAGS="  -O2 -fomit-frame-pointer -std=c99 -I. -Icommon -Wall -Wundef -Wpedantic -Wdeclaration-after-statement -Wmissing-prototypes -Wstrict-prototypes -Wvla -D_POSIX_C_SOURCE=200809L -D_FILE_OFFSET_BITS=64 -DHAVE_CONFIG_H" programs/detect.sh > programs/config.h
ar: creating archive lib/libgssw.a
-- The CXX compiler identification is AppleClang 21.0.0.21000334
-- The CXX compiler identification is AppleClang 21.0.0.21000334
-- The CXX compiler identification is AppleClang 21.0.0.21000334
c++ -o example_cpp example.cpp ssw.o ssw_cpp.o -fPIC  -Wall -pipe -O3 -I. -lm -lz
-- The CXX compiler identification is AppleClang 21.0.0.21000334
-- The CXX compiler identification is AppleClang 21.0.0.21000334
a - obj/gssw.o
export PATH="${HOME}/.local/bin:${PATH}" && cd deps/pixman && rm -Rf build && meson setup --prefix /Users/kazumichi/Downloads/BioHack26/PGGB_short_reads_mapping/software/vg -Ddefault_library=both -Dlibdir=lib build/ && ninja -C build && ninja -C build install
cd C && /Library/Developer/CommandLineTools/usr/bin/make all
-- Detecting C compiler ABI info
-- Detecting C compiler ABI info
-- Detecting C compiler ABI info
-- Detecting C compiler ABI info
cp inc/avl.h ../lib/avl.h.tmp
mv ../lib/avl.h.tmp ../lib/avl.h
cp inc/bioioC.h ../lib/bioioC.h.tmp
mv ../lib/bioioC.h.tmp ../lib/bioioC.h
cp inc/commonC.h ../lib/commonC.h.tmp
mv ../lib/commonC.h.tmp ../lib/commonC.h
cp inc/fastCMaths.h ../lib/fastCMaths.h.tmp
mv ../lib/fastCMaths.h.tmp ../lib/fastCMaths.h
cp inc/hashTableC_itr.h ../lib/hashTableC_itr.h.tmp
mv ../lib/hashTableC_itr.h.tmp ../lib/hashTableC_itr.h
cp inc/hashTableC.h ../lib/hashTableC.h.tmp
mv ../lib/hashTableC.h.tmp ../lib/hashTableC.h
cp inc/hashTablePrivateC.h ../lib/hashTablePrivateC.h.tmp
mv ../lib/hashTablePrivateC.h.tmp ../lib/hashTablePrivateC.h
cp inc/jsmn.h ../lib/jsmn.h.tmp
mv ../lib/jsmn.h.tmp ../lib/jsmn.h
cp inc/pairwiseAlignment.h ../lib/pairwiseAlignment.h.tmp
mv ../lib/pairwiseAlignment.h.tmp ../lib/pairwiseAlignment.h
cp inc/sonLib.h ../lib/sonLib.h.tmp
-- Detecting C compiler ABI info - done
mv ../lib/sonLib.h.tmp ../lib/sonLib.h
cp inc/sonLibAlign.h ../lib/sonLibAlign.h.tmp
mv ../lib/sonLibAlign.h.tmp ../lib/sonLibAlign.h
-- The C compiler identification is AppleClang 21.0.0.21000334
cp inc/sonLibCache.h ../lib/sonLibCache.h.tmp
-- Check for working C compiler: /usr/bin/cc - skipped
-- Detecting C compile features
-- Detecting C compile features - done
cd ./deps/lru_cache && cp *.h* /Users/kazumichi/Downloads/BioHack26/PGGB_short_reads_mapping/software/vg/include/
mv ../lib/sonLibCache.h.tmp ../lib/sonLibCache.h
CMake Warning (deprecated) at CMakeLists.txt:20 (CMAKE_MINIMUM_REQUIRED):
  Compatibility with CMake < 3.10 will be removed from a future version of
  CMake.

  Update the VERSION argument <min> value.  Or, use the <min>...<max> syntax
  to tell CMake that the project requires at least <min> but has been updated
  to work with policies introduced by <max> or earlier.
This warning is for project developers.  Use -Wno-author or -Wno-deprecated
to suppress it.

cp inc/sonLibCommon.h ../lib/sonLibCommon.h.tmp
cp inc/sonLibCompression.h ../lib/sonLibCompression.h.tmp
mv ../lib/sonLibCommon.h.tmp ../lib/sonLibCommon.h
mv ../lib/sonLibCompression.h.tmp ../lib/sonLibCompression.h
cd deps/sparsehash && ./autogen.sh && LDFLAGS="-L/Users/kazumichi/Downloads/BioHack26/PGGB_short_reads_mapping/software/vg/lib -L/usr/local/lib -L/opt/homebrew/Caskroom/miniforge/base/envs/bh26/lib" ./configure --prefix=/Users/kazumichi/Downloads/BioHack26/PGGB_short_reads_mapping/software/vg 2>&1 | python3 /Users/kazumichi/Downloads/BioHack26/PGGB_short_reads_mapping/software/vg/scripts/filter-noisy-assembler-warnings.py && /Library/Developer/CommandLineTools/usr/bin/make src/sparsehash/internal/sparseconfig.h 2>&1 | python3 /Users/kazumichi/Downloads/BioHack26/PGGB_short_reads_mapping/software/vg/scripts/filter-noisy-assembler-warnings.py && /Library/Developer/CommandLineTools/usr/bin/make install-data 2>&1 | python3 /Users/kazumichi/Downloads/BioHack26/PGGB_short_reads_mapping/software/vg/scripts/filter-noisy-assembler-warnings.py
cp inc/sonLibConnectivity.h ../lib/sonLibConnectivity.h.tmp
mv ../lib/sonLibConnectivity.h.tmp ../lib/sonLibConnectivity.h
-- Detecting CXX compiler ABI info
cp inc/sonLibEulerTour.h ../lib/sonLibEulerTour.h.tmp
mv ../lib/sonLibEulerTour.h.tmp ../lib/sonLibEulerTour.h
cp inc/sonLibExcept.h ../lib/sonLibExcept.h.tmp
mv ../lib/sonLibExcept.h.tmp ../lib/sonLibExcept.h
cp inc/sonLibFile.h ../lib/sonLibFile.h.tmp
mv ../lib/sonLibFile.h.tmp ../lib/sonLibFile.h
cp inc/sonLibHash.h ../lib/sonLibHash.h.tmp
mv ../lib/sonLibHash.h.tmp ../lib/sonLibHash.h
cp deps/sha1/*.h* /Users/kazumichi/Downloads/BioHack26/PGGB_short_reads_mapping/software/vg/include/
cp inc/sonLibKVDatabase.h ../lib/sonLibKVDatabase.h.tmp
mv ../lib/sonLibKVDatabase.h.tmp ../lib/sonLibKVDatabase.h
cp deps/progress_bar/progress_bar.hpp /Users/kazumichi/Downloads/BioHack26/PGGB_short_reads_mapping/software/vg/include
cp inc/sonLibKVDatabaseConf.h ../lib/sonLibKVDatabaseConf.h.tmp
mv ../lib/sonLibKVDatabaseConf.h.tmp ../lib/sonLibKVDatabaseConf.h
cp deps/backward-cpp/backward.hpp /Users/kazumichi/Downloads/BioHack26/PGGB_short_reads_mapping/software/vg/include/
cp inc/sonLibList.h ../lib/sonLibList.h.tmp
mv ../lib/sonLibList.h.tmp ../lib/sonLibList.h
cp inc/sonLibMath.h ../lib/sonLibMath.h.tmp
mv ../lib/sonLibMath.h.tmp ../lib/sonLibMath.h
cp inc/sonLibNaiveConnectivity.h ../lib/sonLibNaiveConnectivity.h.tmp
mv ../lib/sonLibNaiveConnectivity.h.tmp ../lib/sonLibNaiveConnectivity.h
cp inc/sonLibRandom.h ../lib/sonLibRandom.h.tmp
cp -r deps/dozeu/simde include
mv ../lib/sonLibRandom.h.tmp ../lib/sonLibRandom.h
cp inc/sonLibSet.h ../lib/sonLibSet.h.tmp
mv ../lib/sonLibSet.h.tmp ../lib/sonLibSet.h
cp inc/sonLibSortedSet.h ../lib/sonLibSortedSet.h.tmp
mv ../lib/sonLibSortedSet.h.tmp ../lib/sonLibSortedSet.h
cp inc/sonLibString.h ../lib/sonLibString.h.tmp
mv ../lib/sonLibString.h.tmp ../lib/sonLibString.h
cp inc/sonLibTreap.h ../lib/sonLibTreap.h.tmp
mv ../lib/sonLibTreap.h.tmp ../lib/sonLibTreap.h
rm -f lib/libelf.a lib/libebl.a lib/libdwfl.a  lib/libdwelf.a lib/libdw.a lib/libeu.a lib/libdwfl_stacktrace.a
cp inc/sonLibTree.h ../lib/sonLibTree.h.tmp
touch lib/cleaned_old_elfutils_v004
mv ../lib/sonLibTree.h.tmp ../lib/sonLibTree.h
cp inc/sonLibTuples.h ../lib/sonLibTuples.h.tmp
cp inc/sonLibTypes.h ../lib/sonLibTypes.h.tmp
mv ../lib/sonLibTuples.h.tmp ../lib/sonLibTuples.h
mv ../lib/sonLibTypes.h.tmp ../lib/sonLibTypes.h
cp inc/stGraph.h ../lib/stGraph.h.tmp
cp inc/stJson.h ../lib/stJson.h.tmp
mv ../lib/stGraph.h.tmp ../lib/stGraph.h
mv ../lib/stJson.h.tmp ../lib/stJson.h
cp inc/stMatrix.h ../lib/stMatrix.h.tmp
cp inc/stPhylogeny.h ../lib/stPhylogeny.h.tmp
mv ../lib/stMatrix.h.tmp ../lib/stMatrix.h
mv ../lib/stPhylogeny.h.tmp ../lib/stPhylogeny.h
cp inc/stPosetAlignment.h ../lib/stPosetAlignment.h.tmp
cp inc/stSafeC.h ../lib/stSafeC.h.tmp
mv ../lib/stPosetAlignment.h.tmp ../lib/stPosetAlignment.h
mv ../lib/stSafeC.h.tmp ../lib/stSafeC.h
cp inc/stSpimapLayer.h ../lib/stSpimapLayer.h.tmp
cp inc/stThreadPool.h ../lib/stThreadPool.h.tmp
mv ../lib/stSpimapLayer.h.tmp ../lib/stSpimapLayer.h
mv ../lib/stThreadPool.h.tmp ../lib/stThreadPool.h
c++ -I/Users/kazumichi/Downloads/BioHack26/PGGB_short_reads_mapping/software/vg/include -I/Users/kazumichi/Downloads/BioHack26/PGGB_short_reads_mapping/software/vg/include/GFAz -I. -I/Users/kazumichi/Downloads/BioHack26/PGGB_short_reads_mapping/software/vg/src -I/Users/kazumichi/Downloads/BioHack26/PGGB_short_reads_mapping/software/vg/src/unittest -I/Users/kazumichi/Downloads/BioHack26/PGGB_short_reads_mapping/software/vg/src/unittest/support -I/Users/kazumichi/Downloads/BioHack26/PGGB_short_reads_mapping/software/vg/src/subcommand -I/Users/kazumichi/Downloads/BioHack26/PGGB_short_reads_mapping/software/vg/include/dynamic -I/Users/kazumichi/Downloads/BioHack26/PGGB_short_reads_mapping/software/vg/include/cairo -DPROTOBUF_USE_DLLS -Wno-float-conversion -Wno-implicit-float-conversion -Wno-implicit-int-float-conversion -Wno-unknown-warning-option -Wno-unused-command-line-argument -DNOMINMAX -I/opt/homebrew/Caskroom/miniforge/base/envs/bh26/include  -isystem /usr/local/include -I/opt/homebrew/Caskroom/miniforge/base/envs/bh26/include -std=c++20 -O3 -Werror=return-type -ggdb -g   -Xpreprocessor -fopenmp -c -o obj/progress_bar.o deps/progress_bar/progress_bar.cpp
cp inc/stUnionFind.h ../lib/stUnionFind.h.tmp
mv ../lib/stUnionFind.h.tmp ../lib/stUnionFind.h
clang -std=c99   -O3 -g -Wall --pedantic -funroll-loops -DNDEBUG       -I../externalTools/quicktree_1.1/include/ -fPIC  -I inc -I ../lib/  -c impl/*.c
-- Detecting C compiler ABI info - done
-- Detecting C compiler ABI info - done
-- Detecting C compiler ABI info - done
-- Detecting C compiler ABI info - done
-- Check for working C compiler: /usr/bin/cc - skipped
-- Detecting C compile features
-- Check for working C compiler: /usr/bin/cc - skipped
-- Detecting C compile features - done
-- Detecting C compile features
-- Detecting C compile features - done
-- Check for working C compiler: /usr/bin/cc - skipped
-- Detecting C compile features
-- Check for working C compiler: /usr/bin/cc - skipped
-- Detecting C compile features - done
-- Detecting C compile features
-- Detecting C compile features - done
-- Detecting CXX compiler ABI info
-- Detecting CXX compiler ABI info
-- Detecting CXX compiler ABI info
-- Detecting CXX compiler ABI info
ar cr libdeflate.a lib/aligned_malloc.o lib/deflate_decompress.o lib/arm/cpu_features.o lib/x86/cpu_features.o lib/deflate_compress.o lib/adler32.o lib/zlib_decompress.o lib/zlib_compress.o lib/crc32.o lib/gzip_decompress.o lib/gzip_compress.o
cc -o libdeflate.so -L/usr/local/lib -L/opt/homebrew/Caskroom/miniforge/base/envs/bh26/lib -Wl,-headerpad_max_install_names  -O2 -fomit-frame-pointer -std=c99 -I. -Icommon -Wall -Wundef -Wpedantic -Wdeclaration-after-statement -Wmissing-prototypes -Wstrict-prototypes -Wvla -fvisibility=hidden -D_ANSI_SOURCE -shared lib/aligned_malloc.shlib.o lib/deflate_decompress.shlib.o lib/arm/cpu_features.shlib.o lib/x86/cpu_features.shlib.o lib/deflate_compress.shlib.o lib/adler32.shlib.o lib/zlib_decompress.shlib.o lib/zlib_compress.shlib.o lib/crc32.shlib.o lib/gzip_decompress.shlib.o lib/gzip_compress.shlib.o
-- Detecting CXX compiler ABI info - done
-- Check for working CXX compiler: /usr/bin/c++ - skipped
-- Detecting CXX compile features
cc -o programs/gzip.o -c   -O2 -fomit-frame-pointer -std=c99 -I. -Icommon -Wall -Wundef -Wpedantic -Wdeclaration-after-statement -Wmissing-prototypes -Wstrict-prototypes -Wvla -D_POSIX_C_SOURCE=200809L -D_FILE_OFFSET_BITS=64 -DHAVE_CONFIG_H programs/gzip.c
-- Detecting CXX compile features - done
+ rm -rf autom4te.cache
ar: creating archive /Users/kazumichi/Downloads/BioHack26/PGGB_short_reads_mapping/software/vg/lib/libssw.a
+ aclocal --force -I m4
-- Detecting C compiler ABI info
c++ -I/Users/kazumichi/Downloads/BioHack26/PGGB_short_reads_mapping/software/vg/include -I/Users/kazumichi/Downloads/BioHack26/PGGB_short_reads_mapping/software/vg/include/GFAz -I. -I/Users/kazumichi/Downloads/BioHack26/PGGB_short_reads_mapping/software/vg/src -I/Users/kazumichi/Downloads/BioHack26/PGGB_short_reads_mapping/software/vg/src/unittest -I/Users/kazumichi/Downloads/BioHack26/PGGB_short_reads_mapping/software/vg/src/unittest/support -I/Users/kazumichi/Downloads/BioHack26/PGGB_short_reads_mapping/software/vg/src/subcommand -I/Users/kazumichi/Downloads/BioHack26/PGGB_short_reads_mapping/software/vg/include/dynamic -I/Users/kazumichi/Downloads/BioHack26/PGGB_short_reads_mapping/software/vg/include/cairo -DPROTOBUF_USE_DLLS -Wno-float-conversion -Wno-implicit-float-conversion -Wno-implicit-int-float-conversion -Wno-unknown-warning-option -Wno-unused-command-line-argument -DNOMINMAX -I/opt/homebrew/Caskroom/miniforge/base/envs/bh26/include  -isystem /usr/local/include -I/opt/homebrew/Caskroom/miniforge/base/envs/bh26/include -std=c++20 -O3 -Werror=return-type -ggdb -g   -Xpreprocessor -fopenmp -c -o obj/sha1.o deps/sha1/sha1.cpp 2>&1 | python3 /Users/kazumichi/Downloads/BioHack26/PGGB_short_reads_mapping/software/vg/scripts/filter-noisy-assembler-warnings.py
impl/bioioC.c:265:26: warning: comparing a pointer to a null character constant; did you mean to compare to NULL? [-Wpointer-compare]
  265 |         while(*string != '\0' && !isspace(**string)) {
      |                          ^~~~
      |                          (void *)0
impl/bioioC.c:286:26: warning: comparing a pointer to a null character constant; did you mean to compare to NULL? [-Wpointer-compare]
  286 |         while(*string != '\0' && !isspace(**string)) {
      |                          ^~~~
      |                          (void *)0
impl/bioioC.c:307:26: warning: comparing a pointer to a null character constant; did you mean to compare to NULL? [-Wpointer-compare]
  307 |         while(*string != '\0' && !isspace(**string)) {
      |                          ^~~~
      |                          (void *)0
cc -o programs/prog_util.o -c   -O2 -fomit-frame-pointer -std=c99 -I. -Icommon -Wall -Wundef -Wpedantic -Wdeclaration-after-statement -Wmissing-prototypes -Wstrict-prototypes -Wvla -D_POSIX_C_SOURCE=200809L -D_FILE_OFFSET_BITS=64 -DHAVE_CONFIG_H programs/prog_util.c
3 warnings generated.
-- Found CURL: /Library/Developer/CommandLineTools/SDKs/MacOSX.sdk/usr/lib/libcurl.tbd (found version "8.7.1")
cc -o programs/tgetopt.o -c   -O2 -fomit-frame-pointer -std=c99 -I. -Icommon -Wall -Wundef -Wpedantic -Wdeclaration-after-statement -Wmissing-prototypes -Wstrict-prototypes -Wvla -D_POSIX_C_SOURCE=200809L -D_FILE_OFFSET_BITS=64 -DHAVE_CONFIG_H programs/tgetopt.c
cc -o gzip -L/usr/local/lib -L/opt/homebrew/Caskroom/miniforge/base/envs/bh26/lib -Wl,-headerpad_max_install_names   -O2 -fomit-frame-pointer -std=c99 -I. -Icommon -Wall -Wundef -Wpedantic -Wdeclaration-after-statement -Wmissing-prototypes -Wstrict-prototypes -Wvla -D_POSIX_C_SOURCE=200809L -D_FILE_OFFSET_BITS=64 -DHAVE_CONFIG_H programs/gzip.o programs/prog_util.o programs/tgetopt.o libdeflate.a
-- Detecting CXX compiler ABI info - done
-- Detecting CXX compiler ABI info - done
-- Detecting CXX compiler ABI info - done
-- Detecting CXX compiler ABI info - done
-- Check for working CXX compiler: /usr/bin/c++ - skipped
-- Detecting CXX compile features
-- Check for working CXX compiler: /usr/bin/c++ - skipped
-- Detecting CXX compile features - done
-- Detecting CXX compile features
-- Detecting CXX compile features - done
-- Check for working CXX compiler: /usr/bin/c++ - skipped
-- Check for working CXX compiler: /usr/bin/c++ - skipped
-- Detecting CXX compile features
-- Detecting CXX compile features
-- Detecting CXX compile features - done
-- Detecting CXX compile features - done
libhandlegraph is root project or external_project
Building in Release mode
-- Configuring done (1.9s)
-- CUDA disabled - building CPU-only version
-- To enable GPU support, use: cmake -DENABLE_CUDA=ON ..
-- Configuring done (1.9s)
-- Configuring done (1.9s)
ln -f gzip gunzip
cd deps/libdeflate && cp libdeflate.so /Users/kazumichi/Downloads/BioHack26/PGGB_short_reads_mapping/software/vg/lib
-- Generating done (0.0s)
touch /Users/kazumichi/Downloads/BioHack26/PGGB_short_reads_mapping/software/vg/lib/libdeflate.so
-- Build files have been written to: /Users/kazumichi/Downloads/BioHack26/PGGB_short_reads_mapping/software/vg/deps/kff-cpp-api/build
mv lib/libdeflate.so lib/libdeflate.dylib
-- Generating done (0.1s)
-- Build files have been written to: /Users/kazumichi/Downloads/BioHack26/PGGB_short_reads_mapping/software/vg/deps/libhandlegraph/build
-- Generating done (0.1s)
install_name_tool -id /Users/kazumichi/Downloads/BioHack26/PGGB_short_reads_mapping/software/vg/lib/libdeflate.dylib lib/libdeflate.dylib
-- Build files have been written to: /Users/kazumichi/Downloads/BioHack26/PGGB_short_reads_mapping/software/vg/deps/DYNAMIC/build
/opt/homebrew/Caskroom/miniforge/base/envs/bh26/bin/cmake -S/Users/kazumichi/Downloads/BioHack26/PGGB_short_reads_mapping/software/vg/deps/libhandlegraph -B/Users/kazumichi/Downloads/BioHack26/PGGB_short_reads_mapping/software/vg/deps/libhandlegraph/build --check-build-system CMakeFiles/Makefile.cmake 0
/opt/homebrew/Caskroom/miniforge/base/envs/bh26/bin/cmake -S/Users/kazumichi/Downloads/BioHack26/PGGB_short_reads_mapping/software/vg/deps/DYNAMIC -B/Users/kazumichi/Downloads/BioHack26/PGGB_short_reads_mapping/software/vg/deps/DYNAMIC/build --check-build-system CMakeFiles/Makefile.cmake 0
-- Found LibXml2: /Library/Developer/CommandLineTools/SDKs/MacOSX.sdk/usr/lib/libxml2.tbd (found version "2.9.13")
-- Detecting C compiler ABI info - done
/opt/homebrew/Caskroom/miniforge/base/envs/bh26/bin/cmake -E cmake_progress_start /Users/kazumichi/Downloads/BioHack26/PGGB_short_reads_mapping/software/vg/deps/libhandlegraph/build/CMakeFiles /Users/kazumichi/Downloads/BioHack26/PGGB_short_reads_mapping/software/vg/deps/libhandlegraph/build//CMakeFiles/progress.marks
-- Check for working C compiler: /usr/bin/cc - skipped
-- Detecting C compile features
-- Detecting C compile features - done
/opt/homebrew/Caskroom/miniforge/base/envs/bh26/bin/cmake -E cmake_progress_start /Users/kazumichi/Downloads/BioHack26/PGGB_short_reads_mapping/software/vg/deps/DYNAMIC/build/CMakeFiles /Users/kazumichi/Downloads/BioHack26/PGGB_short_reads_mapping/software/vg/deps/DYNAMIC/build//CMakeFiles/progress.marks
-- Compiler is recent enough to support C++17.
-- Performing Test HAVE_CLANG_STD=C__17__DNDEBUG
/Library/Developer/CommandLineTools/usr/bin/make  -f CMakeFiles/Makefile2 all
/Library/Developer/CommandLineTools/usr/bin/make  -f CMakeFiles/Makefile2 all
/Library/Developer/CommandLineTools/usr/bin/make  -f CMakeFiles/handlegraph_objs.dir/build.make CMakeFiles/handlegraph_objs.dir/depend
/Library/Developer/CommandLineTools/usr/bin/make  -f CMakeFiles/debug.dir/build.make CMakeFiles/debug.dir/depend
cd /Users/kazumichi/Downloads/BioHack26/PGGB_short_reads_mapping/software/vg/deps/libhandlegraph/build && /opt/homebrew/Caskroom/miniforge/base/envs/bh26/bin/cmake -E cmake_depends "Unix Makefiles" /Users/kazumichi/Downloads/BioHack26/PGGB_short_reads_mapping/software/vg/deps/libhandlegraph /Users/kazumichi/Downloads/BioHack26/PGGB_short_reads_mapping/software/vg/deps/libhandlegraph /Users/kazumichi/Downloads/BioHack26/PGGB_short_reads_mapping/software/vg/deps/libhandlegraph/build /Users/kazumichi/Downloads/BioHack26/PGGB_short_reads_mapping/software/vg/deps/libhandlegraph/build /Users/kazumichi/Downloads/BioHack26/PGGB_short_reads_mapping/software/vg/deps/libhandlegraph/build/CMakeFiles/handlegraph_objs.dir/DependInfo.cmake "--color=" handlegraph_objs
cd /Users/kazumichi/Downloads/BioHack26/PGGB_short_reads_mapping/software/vg/deps/DYNAMIC/build && /opt/homebrew/Caskroom/miniforge/base/envs/bh26/bin/cmake -E cmake_depends "Unix Makefiles" /Users/kazumichi/Downloads/BioHack26/PGGB_short_reads_mapping/software/vg/deps/DYNAMIC /Users/kazumichi/Downloads/BioHack26/PGGB_short_reads_mapping/software/vg/deps/DYNAMIC /Users/kazumichi/Downloads/BioHack26/PGGB_short_reads_mapping/software/vg/deps/DYNAMIC/build /Users/kazumichi/Downloads/BioHack26/PGGB_short_reads_mapping/software/vg/deps/DYNAMIC/build /Users/kazumichi/Downloads/BioHack26/PGGB_short_reads_mapping/software/vg/deps/DYNAMIC/build/CMakeFiles/debug.dir/DependInfo.cmake "--color=" debug
/Library/Developer/CommandLineTools/usr/bin/make  -f CMakeFiles/handlegraph_objs.dir/build.make CMakeFiles/handlegraph_objs.dir/build
/Library/Developer/CommandLineTools/usr/bin/make  -f CMakeFiles/debug.dir/build.make CMakeFiles/debug.dir/build
[ 16%] Building CXX object CMakeFiles/kff.dir/kff_io.cpp.o
[  2%] Building CXX object CMakeFiles/handlegraph_objs.dir/src/deletable_handle_graph.cpp.o
/usr/bin/c++  -I/Users/kazumichi/Downloads/BioHack26/PGGB_short_reads_mapping/software/vg/deps/libhandlegraph/src/include -std=c++20 -O3 -Werror=return-type -ggdb -g   -Xpreprocessor -fopenmp -O3 -g -std=gnu++14 -arch arm64 -fPIC -MD -MT CMakeFiles/handlegraph_objs.dir/src/deletable_handle_graph.cpp.o -MF CMakeFiles/handlegraph_objs.dir/src/deletable_handle_graph.cpp.o.d -o CMakeFiles/handlegraph_objs.dir/src/deletable_handle_graph.cpp.o -c /Users/kazumichi/Downloads/BioHack26/PGGB_short_reads_mapping/software/vg/deps/libhandlegraph/src/deletable_handle_graph.cpp
[  6%] Building CXX object CMakeFiles/debug.dir/debug.cpp.o
/usr/bin/c++  -I/Users/kazumichi/Downloads/BioHack26/PGGB_short_reads_mapping/software/vg/deps/DYNAMIC/include -I/Users/kazumichi/Downloads/BioHack26/PGGB_short_reads_mapping/software/vg/deps/DYNAMIC/deps/hopscotch_map/include -std=c++20 -O3 -Werror=return-type -ggdb -g   -Xpreprocessor -fopenmp --std=c++11 -O3 -DNDEBUG -ggdb -Ofast -fstrict-aliasing -DNDEBUG -arch arm64 -MD -MT CMakeFiles/debug.dir/debug.cpp.o -MF CMakeFiles/debug.dir/debug.cpp.o.d -o CMakeFiles/debug.dir/debug.cpp.o -c /Users/kazumichi/Downloads/BioHack26/PGGB_short_reads_mapping/software/vg/deps/DYNAMIC/debug.cpp
[  5%] Building CXX object CMakeFiles/handlegraph_objs.dir/src/mutable_path_deletable_handle_graph.cpp.o
/usr/bin/c++  -I/Users/kazumichi/Downloads/BioHack26/PGGB_short_reads_mapping/software/vg/deps/libhandlegraph/src/include -std=c++20 -O3 -Werror=return-type -ggdb -g   -Xpreprocessor -fopenmp -O3 -g -std=gnu++14 -arch arm64 -fPIC -MD -MT CMakeFiles/handlegraph_objs.dir/src/mutable_path_deletable_handle_graph.cpp.o -MF CMakeFiles/handlegraph_objs.dir/src/mutable_path_deletable_handle_graph.cpp.o.d -o CMakeFiles/handlegraph_objs.dir/src/mutable_path_deletable_handle_graph.cpp.o -c /Users/kazumichi/Downloads/BioHack26/PGGB_short_reads_mapping/software/vg/deps/libhandlegraph/src/mutable_path_deletable_handle_graph.cpp
/Library/Developer/CommandLineTools/usr/bin/make  -f CMakeFiles/rle_lz77_v1.dir/build.make CMakeFiles/rle_lz77_v1.dir/depend
clang++: warning: argument '-Ofast' is deprecated; use '-O3 -ffast-math' for the same behavior, or '-O3' to enable only conforming optimizations [-Wdeprecated-ofast]
cd /Users/kazumichi/Downloads/BioHack26/PGGB_short_reads_mapping/software/vg/deps/DYNAMIC/build && /opt/homebrew/Caskroom/miniforge/base/envs/bh26/bin/cmake -E cmake_depends "Unix Makefiles" /Users/kazumichi/Downloads/BioHack26/PGGB_short_reads_mapping/software/vg/deps/DYNAMIC /Users/kazumichi/Downloads/BioHack26/PGGB_short_reads_mapping/software/vg/deps/DYNAMIC /Users/kazumichi/Downloads/BioHack26/PGGB_short_reads_mapping/software/vg/deps/DYNAMIC/build /Users/kazumichi/Downloads/BioHack26/PGGB_short_reads_mapping/software/vg/deps/DYNAMIC/build /Users/kazumichi/Downloads/BioHack26/PGGB_short_reads_mapping/software/vg/deps/DYNAMIC/build/CMakeFiles/rle_lz77_v1.dir/DependInfo.cmake "--color=" rle_lz77_v1
/Library/Developer/CommandLineTools/usr/bin/make  -f CMakeFiles/rle_lz77_v1.dir/build.make CMakeFiles/rle_lz77_v1.dir/build
[ 12%] Building CXX object CMakeFiles/rle_lz77_v1.dir/rle_lz77_v1.cpp.o
/usr/bin/c++  -I/Users/kazumichi/Downloads/BioHack26/PGGB_short_reads_mapping/software/vg/deps/DYNAMIC/include -I/Users/kazumichi/Downloads/BioHack26/PGGB_short_reads_mapping/software/vg/deps/DYNAMIC/deps/hopscotch_map/include -std=c++20 -O3 -Werror=return-type -ggdb -g   -Xpreprocessor -fopenmp --std=c++11 -O3 -DNDEBUG -ggdb -Ofast -fstrict-aliasing -DNDEBUG -arch arm64 -MD -MT CMakeFiles/rle_lz77_v1.dir/rle_lz77_v1.cpp.o -MF CMakeFiles/rle_lz77_v1.dir/rle_lz77_v1.cpp.o.d -o CMakeFiles/rle_lz77_v1.dir/rle_lz77_v1.cpp.o -c /Users/kazumichi/Downloads/BioHack26/PGGB_short_reads_mapping/software/vg/deps/DYNAMIC/rle_lz77_v1.cpp
clang++: warning: argument '-Ofast' is deprecated; use '-O3 -ffast-math' for the same behavior, or '-O3' to enable only conforming optimizations [-Wdeprecated-ofast]
-- Found PkgConfig: /opt/homebrew/Caskroom/miniforge/base/envs/bh26/bin/pkg-config (found version "0.29.2")
-- Checking for module 'libzstd'
-- Found LibXslt: /Library/Developer/CommandLineTools/SDKs/MacOSX.sdk/usr/lib/libxslt.tbd (found version "1.1.35")
-- Performing Test HAVE_CLANG_STD=C__17__DNDEBUG - Success
-- Performing Test HAVE_CLANG_STDLIB=LIBC__
-- Found Perl: /opt/homebrew/Caskroom/miniforge/base/envs/bh26/bin/perl (found version "5.32.1")
impl/pairwiseAlignment.c:32:16: warning: variable 'j' set but not used [-Wunused-but-set-variable]
   32 |     int64_t i, j, k;
      |                ^
impl/pairwiseAlignment.c:32:19: warning: variable 'k' set but not used [-Wunused-but-set-variable]
   32 |     int64_t i, j, k;
      |                   ^
2 warnings generated.
[  8%] Building CXX object CMakeFiles/handlegraph_objs.dir/src/dfs.cpp.o
/usr/bin/c++  -I/Users/kazumichi/Downloads/BioHack26/PGGB_short_reads_mapping/software/vg/deps/libhandlegraph/src/include -std=c++20 -O3 -Werror=return-type -ggdb -g   -Xpreprocessor -fopenmp -O3 -g -std=gnu++14 -arch arm64 -fPIC -MD -MT CMakeFiles/handlegraph_objs.dir/src/dfs.cpp.o -MF CMakeFiles/handlegraph_objs.dir/src/dfs.cpp.o.d -o CMakeFiles/handlegraph_objs.dir/src/dfs.cpp.o -c /Users/kazumichi/Downloads/BioHack26/PGGB_short_reads_mapping/software/vg/deps/libhandlegraph/src/dfs.cpp
--   Found libzstd, version 1.5.7
impl/sonLibConnectivity.c:83:42: warning: a function declaration without a prototype is deprecated in all versions of C [-Wstrict-prototypes]
   83 | struct DynamicEdge *DynamicEdge_construct() {
      |                                          ^
      |                                           void
[ 10%] Building CXX object CMakeFiles/handlegraph_objs.dir/src/handle_graph.cpp.o
/usr/bin/c++  -I/Users/kazumichi/Downloads/BioHack26/PGGB_short_reads_mapping/software/vg/deps/libhandlegraph/src/include -std=c++20 -O3 -Werror=return-type -ggdb -g   -Xpreprocessor -fopenmp -O3 -g -std=gnu++14 -arch arm64 -fPIC -MD -MT CMakeFiles/handlegraph_objs.dir/src/handle_graph.cpp.o -MF CMakeFiles/handlegraph_objs.dir/src/handle_graph.cpp.o.d -o CMakeFiles/handlegraph_objs.dir/src/handle_graph.cpp.o -c /Users/kazumichi/Downloads/BioHack26/PGGB_short_reads_mapping/software/vg/deps/libhandlegraph/src/handle_graph.cpp
impl/sonLibConnectivity.c:626:40: warning: a function declaration without a prototype is deprecated in all versions of C [-Wstrict-prototypes]
  626 | struct linkedList *linkedList_construct() {
      |                                        ^
      |                                         void
-- Performing Test HAVE_CLANG_STDLIB=LIBC__ - Success
-- Performing Test HAVE_CLANG_O3__FFAST_MATH__FUNROLL_LOOPS__D__EXTERN_ALWAYS_INLINE="EXTERN___ALWAYS_INLINE"_
-- Found BISON: /opt/homebrew/Caskroom/miniforge/base/envs/bh26/bin/bison (found suitable version "3.8.2", minimum required is "3")
cp deps/mmmultimap/src/mmmultimap.hpp deps/mmmultimap/src/mmmultiset.hpp /Users/kazumichi/Downloads/BioHack26/PGGB_short_reads_mapping/software/vg/include/
mkdir -p /Users/kazumichi/Downloads/BioHack26/PGGB_short_reads_mapping/software/vg/include/dozeu && cp deps/dozeu/*.h /Users/kazumichi/Downloads/BioHack26/PGGB_short_reads_mapping/software/vg/include/dozeu/
2 warnings generated.
impl/sonLibEulerTour.c:134:43: warning: a function declaration without a prototype is deprecated in all versions of C [-Wstrict-prototypes]
  134 | stEulerHalfEdge *stEulerHalfEdge_construct() {
      |                                           ^
      |                                            void
impl/sonLibEulerTour.c:163:35: warning: a function declaration without a prototype is deprecated in all versions of C [-Wstrict-prototypes]
  163 | stEulerTour *stEulerTour_construct() {
      |                                   ^
      |                                    void
[ 13%] Building CXX object CMakeFiles/handlegraph_objs.dir/src/mutable_handle_graph.cpp.o
/usr/bin/c++  -I/Users/kazumichi/Downloads/BioHack26/PGGB_short_reads_mapping/software/vg/deps/libhandlegraph/src/include -std=c++20 -O3 -Werror=return-type -ggdb -g   -Xpreprocessor -fopenmp -O3 -g -std=gnu++14 -arch arm64 -fPIC -MD -MT CMakeFiles/handlegraph_objs.dir/src/mutable_handle_graph.cpp.o -MF CMakeFiles/handlegraph_objs.dir/src/mutable_handle_graph.cpp.o.d -o CMakeFiles/handlegraph_objs.dir/src/mutable_handle_graph.cpp.o -c /Users/kazumichi/Downloads/BioHack26/PGGB_short_reads_mapping/software/vg/deps/libhandlegraph/src/mutable_handle_graph.cpp
2 warnings generated.
-- Performing Test HAVE_CLANG_O3__FFAST_MATH__FUNROLL_LOOPS__D__EXTERN_ALWAYS_INLINE="EXTERN___ALWAYS_INLINE"_ - Success
/Library/Developer/CommandLineTools/usr/bin/make  -f CMakeFiles/rle_lz77_v2.dir/build.make CMakeFiles/rle_lz77_v2.dir/depend
-- Using system ZSTD via pkg-config
cd /Users/kazumichi/Downloads/BioHack26/PGGB_short_reads_mapping/software/vg/deps/DYNAMIC/build && /opt/homebrew/Caskroom/miniforge/base/envs/bh26/bin/cmake -E cmake_depends "Unix Makefiles" /Users/kazumichi/Downloads/BioHack26/PGGB_short_reads_mapping/software/vg/deps/DYNAMIC /Users/kazumichi/Downloads/BioHack26/PGGB_short_reads_mapping/software/vg/deps/DYNAMIC /Users/kazumichi/Downloads/BioHack26/PGGB_short_reads_mapping/software/vg/deps/DYNAMIC/build /Users/kazumichi/Downloads/BioHack26/PGGB_short_reads_mapping/software/vg/deps/DYNAMIC/build /Users/kazumichi/Downloads/BioHack26/PGGB_short_reads_mapping/software/vg/deps/DYNAMIC/build/CMakeFiles/rle_lz77_v2.dir/DependInfo.cmake "--color=" rle_lz77_v2
cd deps/htslib && rm -Rf /Users/kazumichi/Downloads/BioHack26/PGGB_short_reads_mapping/software/vg/include/htslib /Users/kazumichi/Downloads/BioHack26/PGGB_short_reads_mapping/software/vg/lib/libhts* && autoreconf -i && autoheader && autoconf || true
/Library/Developer/CommandLineTools/usr/bin/make  -f CMakeFiles/rle_lz77_v2.dir/build.make CMakeFiles/rle_lz77_v2.dir/build
[ 18%] Building CXX object CMakeFiles/rle_lz77_v2.dir/rle_lz77_v2.cpp.o
/usr/bin/c++  -I/Users/kazumichi/Downloads/BioHack26/PGGB_short_reads_mapping/software/vg/deps/DYNAMIC/include -I/Users/kazumichi/Downloads/BioHack26/PGGB_short_reads_mapping/software/vg/deps/DYNAMIC/deps/hopscotch_map/include -std=c++20 -O3 -Werror=return-type -ggdb -g   -Xpreprocessor -fopenmp --std=c++11 -O3 -DNDEBUG -ggdb -Ofast -fstrict-aliasing -DNDEBUG -arch arm64 -MD -MT CMakeFiles/rle_lz77_v2.dir/rle_lz77_v2.cpp.o -MF CMakeFiles/rle_lz77_v2.dir/rle_lz77_v2.cpp.o.d -o CMakeFiles/rle_lz77_v2.dir/rle_lz77_v2.cpp.o -c /Users/kazumichi/Downloads/BioHack26/PGGB_short_reads_mapping/software/vg/deps/DYNAMIC/rle_lz77_v2.cpp
clang++: warning: argument '-Ofast' is deprecated; use '-O3 -ffast-math' for the same behavior, or '-O3' to enable only conforming optimizations [-Wdeprecated-ofast]
-- Performing Test HAVE_CXA_DEMANGLE
[ 33%] Linking CXX static library libkff.a
-- Found FLEX: /opt/homebrew/Caskroom/miniforge/base/envs/bh26/bin/flex (found suitable version "2.6.4", minimum required is "2.5.19")
-- Looking for errno.h
[ 25%] Linking CXX executable debug
/opt/homebrew/Caskroom/miniforge/base/envs/bh26/bin/cmake -E cmake_link_script CMakeFiles/debug.dir/link.txt --verbose=1
/usr/bin/c++ -std=c++20 -O3 -Werror=return-type -ggdb -g   -Xpreprocessor -fopenmp --std=c++11 -O3 -DNDEBUG -ggdb -Ofast -fstrict-aliasing -DNDEBUG -arch arm64 -Wl,-search_paths_first -Wl,-headerpad_max_install_names -L/usr/local/lib -L/opt/homebrew/Caskroom/miniforge/base/envs/bh26/lib CMakeFiles/debug.dir/debug.cpp.o -o debug
[ 16%] Building CXX object CMakeFiles/handlegraph_objs.dir/src/path_metadata.cpp.o
/usr/bin/c++  -I/Users/kazumichi/Downloads/BioHack26/PGGB_short_reads_mapping/software/vg/deps/libhandlegraph/src/include -std=c++20 -O3 -Werror=return-type -ggdb -g   -Xpreprocessor -fopenmp -O3 -g -std=gnu++14 -arch arm64 -fPIC -MD -MT CMakeFiles/handlegraph_objs.dir/src/path_metadata.cpp.o -MF CMakeFiles/handlegraph_objs.dir/src/path_metadata.cpp.o.d -o CMakeFiles/handlegraph_objs.dir/src/path_metadata.cpp.o -c /Users/kazumichi/Downloads/BioHack26/PGGB_short_reads_mapping/software/vg/deps/libhandlegraph/src/path_metadata.cpp
[ 25%] Built target debug
[ 33%] Built target kff
[ 18%] Building CXX object CMakeFiles/handlegraph_objs.dir/src/mutable_path_metadata.cpp.o
/usr/bin/c++  -I/Users/kazumichi/Downloads/BioHack26/PGGB_short_reads_mapping/software/vg/deps/libhandlegraph/src/include -std=c++20 -O3 -Werror=return-type -ggdb -g   -Xpreprocessor -fopenmp -O3 -g -std=gnu++14 -arch arm64 -fPIC -MD -MT CMakeFiles/handlegraph_objs.dir/src/mutable_path_metadata.cpp.o -MF CMakeFiles/handlegraph_objs.dir/src/mutable_path_metadata.cpp.o.d -o CMakeFiles/handlegraph_objs.dir/src/mutable_path_metadata.cpp.o -c /Users/kazumichi/Downloads/BioHack26/PGGB_short_reads_mapping/software/vg/deps/libhandlegraph/src/mutable_path_metadata.cpp
-- Performing Test HAVE_CXA_DEMANGLE - Failed
-- Could NOT find CxaDemangle (missing: HAVE_CXA_DEMANGLE) 
-- Found Git: /opt/homebrew/bin/git (found version "2.55.0")
git found: /opt/homebrew/bin/git
CMake Warning (deprecated) at external/libdivsufsort/CMakeLists.txt:2 (cmake_minimum_required):
  Compatibility with CMake < 3.10 will be removed from a future version of
  CMake.

  Update the VERSION argument <min> value.  Or, use the <min>...<max> syntax
  to tell CMake that the project requires at least <min> but has been updated
  to work with policies introduced by <max> or earlier.
This warning is for project developers.  Use -Wno-author or -Wno-deprecated
to suppress it.

-- Performing Test HAVE_UNKNOWN_WALL
[ 50%] Building CXX object CMakeFiles/kff_example.dir/main.cpp.o
-- Looking for errno.h - found
-- Looking for fcntl.h
impl/sonLibTuples.c:16:34: warning: a function declaration without a prototype is deprecated in all versions of C [-Wstrict-prototypes]
   16 | stIntTuple *stIntTuple_construct0() {
      |                                  ^
      |                                   void
-- Performing Test HAVE_UNKNOWN_WALL - Success
-- Performing Test HAVE_UNKNOWN_FOMIT_FRAME_POINTER
1 warning generated.
impl/stGraph.c:83:49: warning: implicit conversion from 'long long' to 'double' changes value from 9223372036854775807 to 9223372036854775808 [-Wimplicit-const-int-float-conversion]
   83 |         vD->distance = (v == sourceVertex ? 0 : INT64_MAX);
      |                      ~                          ^~~~~~~~~
/Library/Developer/CommandLineTools/SDKs/MacOSX.sdk/usr/include/stdint.h:94:26: note: expanded from macro 'INT64_MAX'
   94 | #define INT64_MAX        9223372036854775807LL
      |                          ^~~~~~~~~~~~~~~~~~~~~
1 warning generated.
/Library/Developer/CommandLineTools/usr/bin/make  -f CMakeFiles/h0_lz77.dir/build.make CMakeFiles/h0_lz77.dir/depend
cd /Users/kazumichi/Downloads/BioHack26/PGGB_short_reads_mapping/software/vg/deps/DYNAMIC/build && /opt/homebrew/Caskroom/miniforge/base/envs/bh26/bin/cmake -E cmake_depends "Unix Makefiles" /Users/kazumichi/Downloads/BioHack26/PGGB_short_reads_mapping/software/vg/deps/DYNAMIC /Users/kazumichi/Downloads/BioHack26/PGGB_short_reads_mapping/software/vg/deps/DYNAMIC /Users/kazumichi/Downloads/BioHack26/PGGB_short_reads_mapping/software/vg/deps/DYNAMIC/build /Users/kazumichi/Downloads/BioHack26/PGGB_short_reads_mapping/software/vg/deps/DYNAMIC/build /Users/kazumichi/Downloads/BioHack26/PGGB_short_reads_mapping/software/vg/deps/DYNAMIC/build/CMakeFiles/h0_lz77.dir/DependInfo.cmake "--color=" h0_lz77
-- Looking for fcntl.h - found
-- Looking for getopt.h
/Library/Developer/CommandLineTools/usr/bin/make  -f CMakeFiles/h0_lz77.dir/build.make CMakeFiles/h0_lz77.dir/build
[ 31%] Building CXX object CMakeFiles/h0_lz77.dir/h0_lz77.cpp.o
/usr/bin/c++  -I/Users/kazumichi/Downloads/BioHack26/PGGB_short_reads_mapping/software/vg/deps/DYNAMIC/include -I/Users/kazumichi/Downloads/BioHack26/PGGB_short_reads_mapping/software/vg/deps/DYNAMIC/deps/hopscotch_map/include -std=c++20 -O3 -Werror=return-type -ggdb -g   -Xpreprocessor -fopenmp --std=c++11 -O3 -DNDEBUG -ggdb -Ofast -fstrict-aliasing -DNDEBUG -arch arm64 -MD -MT CMakeFiles/h0_lz77.dir/h0_lz77.cpp.o -MF CMakeFiles/h0_lz77.dir/h0_lz77.cpp.o.d -o CMakeFiles/h0_lz77.dir/h0_lz77.cpp.o -c /Users/kazumichi/Downloads/BioHack26/PGGB_short_reads_mapping/software/vg/deps/DYNAMIC/h0_lz77.cpp
clang++: warning: argument '-Ofast' is deprecated; use '-O3 -ffast-math' for the same behavior, or '-O3' to enable only conforming optimizations [-Wdeprecated-ofast]
-- Performing Test HAVE_UNKNOWN_FOMIT_FRAME_POINTER - Success
-- Looking for inttypes.h
-- Looking for getopt.h - found
-- Looking for limits.h
[ 66%] Linking CXX executable kff_example
impl/stSafeC.c:28:9: warning: variable 'nbytes' set but not used [-Wunused-but-set-variable]
   28 |     int nbytes = write(2, buf, strlen(buf));
      |         ^
1 warning generated.
[ 66%] Built target kff_example
c++ -std=gnu++98  -O3 -g -Wall -funroll-loops -DNDEBUG  -I inc -I ../lib/ -c impl/*.cpp
ar rc sonLib.a *.o ../externalTools/quicktree_1.1/obj/buildtree.o ../externalTools/quicktree_1.1/obj/cluster.o ../externalTools/quicktree_1.1/obj/distancemat.o ../externalTools/quicktree_1.1/obj/options.o ../externalTools/quicktree_1.1/obj/sequence.o ../externalTools/quicktree_1.1/obj/tree.o ../externalTools/quicktree_1.1/obj/util.o
-- Looking for inttypes.h - found
-- Looking for memory.h
[ 83%] Building CXX object benchmarks/CMakeFiles/reader_bench.dir/reader.cpp.o
ranlib sonLib.a 
rm *.o
mv sonLib.a ../lib/
clang -std=c99  -L/usr/local/lib -L/opt/homebrew/Caskroom/miniforge/base/envs/bh26/lib  -O3 -g -Wall --pedantic -funroll-loops -DNDEBUG       -I../externalTools/quicktree_1.1/include/ -fPIC  -I inc -I ../lib -o ../bin/sonLibTests.tmp tests/allTests.c tests/sonLib*.c tests/st* ../lib/sonLib.a ../lib/cuTest.a   -lz -lm  -lm -lstdc++ -lpthread
-- Looking for limits.h - found
-- Looking for math.h
tests/sonLibAlignTest.c:16:21: warning: a function declaration without a prototype is deprecated in all versions of C [-Wstrict-prototypes]
   16 | static void teardown() {
      |                     ^
      |                      void
tests/sonLibAlignTest.c:20:18: warning: a function declaration without a prototype is deprecated in all versions of C [-Wstrict-prototypes]
   20 | static void setup() {
      |                  ^
      |                   void
2 warnings generated.
tests/sonLibCacheTest.c:18:21: warning: a function declaration without a prototype is deprecated in all versions of C [-Wstrict-prototypes]
   18 | static void teardown() {
      |                     ^
      |                      void
tests/sonLibCacheTest.c:25:18: warning: a function declaration without a prototype is deprecated in all versions of C [-Wstrict-prototypes]
   25 | static void setup() {
      |                  ^
      |                   void
[ 37%] Linking CXX executable rle_lz77_v1
/opt/homebrew/Caskroom/miniforge/base/envs/bh26/bin/cmake -E cmake_link_script CMakeFiles/rle_lz77_v1.dir/link.txt --verbose=1
2 warnings generated.
/usr/bin/c++ -std=c++20 -O3 -Werror=return-type -ggdb -g   -Xpreprocessor -fopenmp --std=c++11 -O3 -DNDEBUG -ggdb -Ofast -fstrict-aliasing -DNDEBUG -arch arm64 -Wl,-search_paths_first -Wl,-headerpad_max_install_names -L/usr/local/lib -L/opt/homebrew/Caskroom/miniforge/base/envs/bh26/lib CMakeFiles/rle_lz77_v1.dir/rle_lz77_v1.cpp.o -o rle_lz77_v1
-- Looking for memory.h - found
-- Looking for stddef.h
[ 37%] Built target rle_lz77_v1
/Library/Developer/CommandLineTools/usr/bin/make  -f CMakeFiles/rle_bwt.dir/build.make CMakeFiles/rle_bwt.dir/depend
cd /Users/kazumichi/Downloads/BioHack26/PGGB_short_reads_mapping/software/vg/deps/DYNAMIC/build && /opt/homebrew/Caskroom/miniforge/base/envs/bh26/bin/cmake -E cmake_depends "Unix Makefiles" /Users/kazumichi/Downloads/BioHack26/PGGB_short_reads_mapping/software/vg/deps/DYNAMIC /Users/kazumichi/Downloads/BioHack26/PGGB_short_reads_mapping/software/vg/deps/DYNAMIC /Users/kazumichi/Downloads/BioHack26/PGGB_short_reads_mapping/software/vg/deps/DYNAMIC/build /Users/kazumichi/Downloads/BioHack26/PGGB_short_reads_mapping/software/vg/deps/DYNAMIC/build /Users/kazumichi/Downloads/BioHack26/PGGB_short_reads_mapping/software/vg/deps/DYNAMIC/build/CMakeFiles/rle_bwt.dir/DependInfo.cmake "--color=" rle_bwt
/Library/Developer/CommandLineTools/usr/bin/make  -f CMakeFiles/rle_bwt.dir/build.make CMakeFiles/rle_bwt.dir/build
-- Looking for math.h - found
-- Looking for setjmp.h
-- Found OpenMP_C: -Xclang -fopenmp (found version "5.1")
[ 43%] Building CXX object CMakeFiles/rle_bwt.dir/rle_bwt.cpp.o
/usr/bin/c++  -I/Users/kazumichi/Downloads/BioHack26/PGGB_short_reads_mapping/software/vg/deps/DYNAMIC/include -I/Users/kazumichi/Downloads/BioHack26/PGGB_short_reads_mapping/software/vg/deps/DYNAMIC/deps/hopscotch_map/include -std=c++20 -O3 -Werror=return-type -ggdb -g   -Xpreprocessor -fopenmp --std=c++11 -O3 -DNDEBUG -ggdb -Ofast -fstrict-aliasing -DNDEBUG -arch arm64 -MD -MT CMakeFiles/rle_bwt.dir/rle_bwt.cpp.o -MF CMakeFiles/rle_bwt.dir/rle_bwt.cpp.o.d -o CMakeFiles/rle_bwt.dir/rle_bwt.cpp.o -c /Users/kazumichi/Downloads/BioHack26/PGGB_short_reads_mapping/software/vg/deps/DYNAMIC/rle_bwt.cpp
tests/sonLibDoubleTuplesTest.c:19:21: warning: a function declaration without a prototype is deprecated in all versions of C [-Wstrict-prototypes]
   19 | static void teardown() {
      |                     ^
      |                      void
tests/sonLibDoubleTuplesTest.c:30:18: warning: a function declaration without a prototype is deprecated in all versions of C [-Wstrict-prototypes]
   30 | static void setup() {
      |                  ^
      |                   void
2 warnings generated.
clang++: warning: argument '-Ofast' is deprecated; use '-O3 -ffast-math' for the same behavior, or '-O3' to enable only conforming optimizations [-Wdeprecated-ofast]
[ 21%] Building CXX object CMakeFiles/handlegraph_objs.dir/src/path_handle_graph.cpp.o
/usr/bin/c++  -I/Users/kazumichi/Downloads/BioHack26/PGGB_short_reads_mapping/software/vg/deps/libhandlegraph/src/include -std=c++20 -O3 -Werror=return-type -ggdb -g   -Xpreprocessor -fopenmp -O3 -g -std=gnu++14 -arch arm64 -fPIC -MD -MT CMakeFiles/handlegraph_objs.dir/src/path_handle_graph.cpp.o -MF CMakeFiles/handlegraph_objs.dir/src/path_handle_graph.cpp.o.d -o CMakeFiles/handlegraph_objs.dir/src/path_handle_graph.cpp.o -c /Users/kazumichi/Downloads/BioHack26/PGGB_short_reads_mapping/software/vg/deps/libhandlegraph/src/path_handle_graph.cpp
[100%] Linking CXX executable reader_bench
tests/sonLibExceptTest.c:20:21: warning: a function declaration without a prototype is deprecated in all versions of C [-Wstrict-prototypes]
   20 | static void thrower2() {
      |                     ^
      |                      void
1 warning generated.
-- Looking for stddef.h - found
-- Looking for stdint.h
tests/sonLibFileTest.c:15:21: warning: a function declaration without a prototype is deprecated in all versions of C [-Wstrict-prototypes]
   15 | static void teardown() {
      |                     ^
      |                      void
tests/sonLibFileTest.c:21:18: warning: a function declaration without a prototype is deprecated in all versions of C [-Wstrict-prototypes]
   21 | static void setup() {
      |                  ^
      |                   void
2 warnings generated.
[100%] Built target reader_bench
tests/sonLibGraphTest.c:20:21: warning: a function declaration without a prototype is deprecated in all versions of C [-Wstrict-prototypes]
   20 | static void teardown() {
      |                     ^
      |                      void
tests/sonLibGraphTest.c:27:18: warning: a function declaration without a prototype is deprecated in all versions of C [-Wstrict-prototypes]
   27 | static void setup() {
      |                  ^
      |                   void
tests/sonLibGraphTest.c:60:55: warning: implicit conversion from 'long long' to 'double' changes value from 9223372036854775807 to 9223372036854775808 [-Wimplicit-const-int-float-conversion]
   60 |     double exDist[] = { 0.9, 0.0, 0.3, 0.3, 0.2, 0.7, INT64_MAX };
      |                       ~                               ^~~~~~~~~
/Library/Developer/CommandLineTools/SDKs/MacOSX.sdk/usr/include/stdint.h:94:26: note: expanded from macro 'INT64_MAX'
   94 | #define INT64_MAX        9223372036854775807LL
      |                          ^~~~~~~~~~~~~~~~~~~~~
3 warnings generated.
-- Looking for setjmp.h - found
-- Looking for stddef.h
clang -std=c99  -L/usr/local/lib -L/opt/homebrew/Caskroom/miniforge/base/envs/bh26/lib  -O3 -g -Wall --pedantic -funroll-loops -DNDEBUG       -I../externalTools/quicktree_1.1/include/ -fPIC  -I inc -I ../lib -I tests -o ../bin/sonLib_kvDatabaseTest.tmp tests/kvDatabaseTest.c tests/kvDatabaseTestCommon.c ../lib/sonLib.a ../lib/cuTest.a   -lz -lm  -lm
tests/sonLibHashTest.c:13:22: warning: a function declaration without a prototype is deprecated in all versions of C [-Wstrict-prototypes]
   13 | static void testSetup() {
      |                      ^
      |                       void
tests/sonLibHashTest.c:35:25: warning: a function declaration without a prototype is deprecated in all versions of C [-Wstrict-prototypes]
   35 | static void testTeardown() {
      |                         ^
      |                          void
-- Found OpenMP_CXX: -Xclang -fopenmp (found version "5.1")
-- Found OpenMP: TRUE (found version "5.1")
-- OpenMP found - enabling parallel k-mer collection
-- Configuring done (6.7s)
2 warnings generated.
-- Generating done (0.0s)
CMake Warning (unused-cli):
  Manually-specified variables were not used by the project:

    BUILD_BENCHMARKS
    BUILD_TESTS


-- Build files have been written to: /Users/kazumichi/Downloads/BioHack26/PGGB_short_reads_mapping/software/vg/deps/GFAz/build
tests/kvDatabaseTest.c:18:21: warning: a function declaration without a prototype is deprecated in all versions of C [-Wstrict-prototypes]
   18 | static void teardown() {
      |                     ^
      |                      void
tests/kvDatabaseTest.c:26:18: warning: a function declaration without a prototype is deprecated in all versions of C [-Wstrict-prototypes]
   26 | static void setup() {
      |                  ^
      |                   void
tests/sonLibIntTuplesTest.c:19:21: warning: a function declaration without a prototype is deprecated in all versions of C [-Wstrict-prototypes]
   19 | static void teardown() {
      |                     ^
      |                      void
tests/sonLibIntTuplesTest.c:30:18: warning: a function declaration without a prototype is deprecated in all versions of C [-Wstrict-prototypes]
   30 | static void setup() {
      |                  ^
      |                   void
2 warnings generated.
2 warnings generated.
tests/sonLibListTest.c:20:21: warning: a function declaration without a prototype is deprecated in all versions of C [-Wstrict-prototypes]
   20 | static void teardown() {
      |                     ^
      |                      void
tests/sonLibListTest.c:27:18: warning: a function declaration without a prototype is deprecated in all versions of C [-Wstrict-prototypes]
   27 | static void setup() {
      |                  ^
      |                   void
2 warnings generated.
ld: warning: ignoring duplicate libraries: '-lm'
tests/sonLibPosetAlignmentTest.c:29:21: warning: a function declaration without a prototype is deprecated in all versions of C [-Wstrict-prototypes]
   29 | static void teardown() {
      |                     ^
      |                      void
tests/sonLibPosetAlignmentTest.c:36:18: warning: a function declaration without a prototype is deprecated in all versions of C [-Wstrict-prototypes]
   36 | static void setup() {
      |                  ^
      |                   void
-- Looking for stdint.h - found
2 warnings generated.
-- Looking for stdlib.h
[  3%] Building CXX object CMakeFiles/gfaz_core.dir/src/core/codec/codec.cpp.o
mv ../bin/sonLib_kvDatabaseTest.tmp ../bin/sonLib_kvDatabaseTest
clang -std=c99  -L/usr/local/lib -L/opt/homebrew/Caskroom/miniforge/base/envs/bh26/lib  -O3 -g -Wall --pedantic -funroll-loops -DNDEBUG       -I../externalTools/quicktree_1.1/include/ -fPIC  -I inc -I ../lib -o ../bin/sonLib_cigarTest.tmp tests/cigarsTest.c ../lib/sonLib.a -lm
[ 50%] Linking CXX executable rle_lz77_v2
/opt/homebrew/Caskroom/miniforge/base/envs/bh26/bin/cmake -E cmake_link_script CMakeFiles/rle_lz77_v2.dir/link.txt --verbose=1
-- Looking for stddef.h - found
-- Looking for stdlib.h
/usr/bin/c++ -std=c++20 -O3 -Werror=return-type -ggdb -g   -Xpreprocessor -fopenmp --std=c++11 -O3 -DNDEBUG -ggdb -Ofast -fstrict-aliasing -DNDEBUG -arch arm64 -Wl,-search_paths_first -Wl,-headerpad_max_install_names -L/usr/local/lib -L/opt/homebrew/Caskroom/miniforge/base/envs/bh26/lib CMakeFiles/rle_lz77_v2.dir/rle_lz77_v2.cpp.o -o rle_lz77_v2
tests/sonLibSetTest.c:13:22: warning: a function declaration without a prototype is deprecated in all versions of C [-Wstrict-prototypes]
   13 | static void testSetup() {
      |                      ^
      |                       void
tests/sonLibSetTest.c:46:25: warning: a function declaration without a prototype is deprecated in all versions of C [-Wstrict-prototypes]
   46 | static void testTeardown() {
      |                         ^
      |                          void
[ 24%] Building CXX object CMakeFiles/handlegraph_objs.dir/src/path_position_handle_graph.cpp.o
/usr/bin/c++  -I/Users/kazumichi/Downloads/BioHack26/PGGB_short_reads_mapping/software/vg/deps/libhandlegraph/src/include -std=c++20 -O3 -Werror=return-type -ggdb -g   -Xpreprocessor -fopenmp -O3 -g -std=gnu++14 -arch arm64 -fPIC -MD -MT CMakeFiles/handlegraph_objs.dir/src/path_position_handle_graph.cpp.o -MF CMakeFiles/handlegraph_objs.dir/src/path_position_handle_graph.cpp.o.d -o CMakeFiles/handlegraph_objs.dir/src/path_position_handle_graph.cpp.o -c /Users/kazumichi/Downloads/BioHack26/PGGB_short_reads_mapping/software/vg/deps/libhandlegraph/src/path_position_handle_graph.cpp
mv ../bin/sonLib_cigarTest.tmp ../bin/sonLib_cigarTest
clang -std=c99  -L/usr/local/lib -L/opt/homebrew/Caskroom/miniforge/base/envs/bh26/lib  -O3 -g -Wall --pedantic -funroll-loops -DNDEBUG       -I../externalTools/quicktree_1.1/include/ -fPIC  -I inc -I ../lib -o ../bin/sonLib_fastaCTest.tmp tests/fastaCTest.c ../lib/sonLib.a -lm
[ 50%] Built target rle_lz77_v2
/Library/Developer/CommandLineTools/usr/bin/make  -f CMakeFiles/cw-bwt.dir/build.make CMakeFiles/cw-bwt.dir/depend
2 warnings generated.
cd /Users/kazumichi/Downloads/BioHack26/PGGB_short_reads_mapping/software/vg/deps/DYNAMIC/build && /opt/homebrew/Caskroom/miniforge/base/envs/bh26/bin/cmake -E cmake_depends "Unix Makefiles" /Users/kazumichi/Downloads/BioHack26/PGGB_short_reads_mapping/software/vg/deps/DYNAMIC /Users/kazumichi/Downloads/BioHack26/PGGB_short_reads_mapping/software/vg/deps/DYNAMIC /Users/kazumichi/Downloads/BioHack26/PGGB_short_reads_mapping/software/vg/deps/DYNAMIC/build /Users/kazumichi/Downloads/BioHack26/PGGB_short_reads_mapping/software/vg/deps/DYNAMIC/build /Users/kazumichi/Downloads/BioHack26/PGGB_short_reads_mapping/software/vg/deps/DYNAMIC/build/CMakeFiles/cw-bwt.dir/DependInfo.cmake "--color=" cw-bwt
tests/sonLibSortedSetTest.c:17:40: warning: a function declaration without a prototype is deprecated in all versions of C [-Wstrict-prototypes]
   17 | static void sonLibSortedSetTestTeardown() {
      |                                        ^
      |                                         void
tests/sonLibSortedSetTest.c:25:37: warning: a function declaration without a prototype is deprecated in all versions of C [-Wstrict-prototypes]
   25 | static void sonLibSortedSetTestSetup() {
      |                                     ^
      |                                      void
/Library/Developer/CommandLineTools/usr/bin/make  -f CMakeFiles/cw-bwt.dir/build.make CMakeFiles/cw-bwt.dir/build
[ 56%] Building CXX object CMakeFiles/cw-bwt.dir/cw-bwt.cpp.o
/usr/bin/c++  -I/Users/kazumichi/Downloads/BioHack26/PGGB_short_reads_mapping/software/vg/deps/DYNAMIC/include -I/Users/kazumichi/Downloads/BioHack26/PGGB_short_reads_mapping/software/vg/deps/DYNAMIC/deps/hopscotch_map/include -std=c++20 -O3 -Werror=return-type -ggdb -g   -Xpreprocessor -fopenmp --std=c++11 -O3 -DNDEBUG -ggdb -Ofast -fstrict-aliasing -DNDEBUG -arch arm64 -MD -MT CMakeFiles/cw-bwt.dir/cw-bwt.cpp.o -MF CMakeFiles/cw-bwt.dir/cw-bwt.cpp.o.d -o CMakeFiles/cw-bwt.dir/cw-bwt.cpp.o -c /Users/kazumichi/Downloads/BioHack26/PGGB_short_reads_mapping/software/vg/deps/DYNAMIC/cw-bwt.cpp
2 warnings generated.
clang++: warning: argument '-Ofast' is deprecated; use '-O3 -ffast-math' for the same behavior, or '-O3' to enable only conforming optimizations [-Wdeprecated-ofast]
mv ../bin/sonLib_fastaCTest.tmp ../bin/sonLib_fastaCTest
[ 27%] Building CXX object CMakeFiles/handlegraph_objs.dir/src/mutable_path_handle_graph.cpp.o
/usr/bin/c++  -I/Users/kazumichi/Downloads/BioHack26/PGGB_short_reads_mapping/software/vg/deps/libhandlegraph/src/include -std=c++20 -O3 -Werror=return-type -ggdb -g   -Xpreprocessor -fopenmp -O3 -g -std=gnu++14 -arch arm64 -fPIC -MD -MT CMakeFiles/handlegraph_objs.dir/src/mutable_path_handle_graph.cpp.o -MF CMakeFiles/handlegraph_objs.dir/src/mutable_path_handle_graph.cpp.o.d -o CMakeFiles/handlegraph_objs.dir/src/mutable_path_handle_graph.cpp.o -c /Users/kazumichi/Downloads/BioHack26/PGGB_short_reads_mapping/software/vg/deps/libhandlegraph/src/mutable_path_handle_graph.cpp
-- Looking for stdlib.h - found
-- Looking for string.h
tests/sonLibTreeTest.c:21:21: warning: a function declaration without a prototype is deprecated in all versions of C [-Wstrict-prototypes]
   21 | static void teardown() {
      |                     ^
      |                      void
tests/sonLibTreeTest.c:28:18: warning: a function declaration without a prototype is deprecated in all versions of C [-Wstrict-prototypes]
   28 | static void setup() {
      |                  ^
      |                   void
-- Looking for stdlib.h - found
-- Looking for string.h
2 warnings generated.
tests/sonLibTuplesTest.c:19:21: warning: a function declaration without a prototype is deprecated in all versions of C [-Wstrict-prototypes]
   19 | static void teardown() {
      |                     ^
      |                      void
tests/sonLibTuplesTest.c:30:18: warning: a function declaration without a prototype is deprecated in all versions of C [-Wstrict-prototypes]
   30 | static void setup() {
      |                  ^
      |                   void
2 warnings generated.
tests/stPhylogenyTest.c:723:83: warning: implicit conversion from 'long long' to 'double' changes value from 9223372036854775807 to 9223372036854775808 [-Wimplicit-const-int-float-conversion]
  723 |             *stMatrix_getCell(ret, i, j) = (count != 0.0) ? differences / count : INT64_MAX;
      |                                          ~                                        ^~~~~~~~~
/Library/Developer/CommandLineTools/SDKs/MacOSX.sdk/usr/include/stdint.h:94:26: note: expanded from macro 'INT64_MAX'
   94 | #define INT64_MAX        9223372036854775807LL
      |                          ^~~~~~~~~~~~~~~~~~~~~
tests/stPhylogenyTest.c:724:83: warning: implicit conversion from 'long long' to 'double' changes value from 9223372036854775807 to 9223372036854775808 [-Wimplicit-const-int-float-conversion]
  724 |             *stMatrix_getCell(ret, j, i) = (count != 0.0) ? differences / count : INT64_MAX;
      |                                          ~                                        ^~~~~~~~~
/Library/Developer/CommandLineTools/SDKs/MacOSX.sdk/usr/include/stdint.h:94:26: note: expanded from macro 'INT64_MAX'
   94 | #define INT64_MAX        9223372036854775807LL
      |                          ^~~~~~~~~~~~~~~~~~~~~
[ 29%] Building CXX object CMakeFiles/handlegraph_objs.dir/src/ranked_handle_graph.cpp.o
/usr/bin/c++  -I/Users/kazumichi/Downloads/BioHack26/PGGB_short_reads_mapping/software/vg/deps/libhandlegraph/src/include -std=c++20 -O3 -Werror=return-type -ggdb -g   -Xpreprocessor -fopenmp -O3 -g -std=gnu++14 -arch arm64 -fPIC -MD -MT CMakeFiles/handlegraph_objs.dir/src/ranked_handle_graph.cpp.o -MF CMakeFiles/handlegraph_objs.dir/src/ranked_handle_graph.cpp.o.d -o CMakeFiles/handlegraph_objs.dir/src/ranked_handle_graph.cpp.o -c /Users/kazumichi/Downloads/BioHack26/PGGB_short_reads_mapping/software/vg/deps/libhandlegraph/src/ranked_handle_graph.cpp
-- Looking for string.h - found
-- Looking for strings.h
2 warnings generated.
-- Looking for string.h - found
-- Looking for unistd.h
ld: warning: ignoring duplicate libraries: '-lm'
/Library/Developer/CommandLineTools/usr/bin/make  -f CMakeFiles/benchmark.dir/build.make CMakeFiles/benchmark.dir/depend
[ 62%] Linking CXX executable h0_lz77
cd /Users/kazumichi/Downloads/BioHack26/PGGB_short_reads_mapping/software/vg/deps/DYNAMIC/build && /opt/homebrew/Caskroom/miniforge/base/envs/bh26/bin/cmake -E cmake_depends "Unix Makefiles" /Users/kazumichi/Downloads/BioHack26/PGGB_short_reads_mapping/software/vg/deps/DYNAMIC /Users/kazumichi/Downloads/BioHack26/PGGB_short_reads_mapping/software/vg/deps/DYNAMIC /Users/kazumichi/Downloads/BioHack26/PGGB_short_reads_mapping/software/vg/deps/DYNAMIC/build /Users/kazumichi/Downloads/BioHack26/PGGB_short_reads_mapping/software/vg/deps/DYNAMIC/build /Users/kazumichi/Downloads/BioHack26/PGGB_short_reads_mapping/software/vg/deps/DYNAMIC/build/CMakeFiles/benchmark.dir/DependInfo.cmake "--color=" benchmark
/opt/homebrew/Caskroom/miniforge/base/envs/bh26/bin/cmake -E cmake_link_script CMakeFiles/h0_lz77.dir/link.txt --verbose=1
[  7%] Building CXX object CMakeFiles/gfaz_core.dir/src/core/codec/serialization.cpp.o
/Library/Developer/CommandLineTools/usr/bin/make  -f CMakeFiles/benchmark.dir/build.make CMakeFiles/benchmark.dir/build
mv ../bin/sonLibTests.tmp ../bin/sonLibTests
cp sonLib_daemonize.py ./bin/sonLib_daemonize.py
chmod +x ./bin/sonLib_daemonize.py
/usr/bin/c++ -std=c++20 -O3 -Werror=return-type -ggdb -g   -Xpreprocessor -fopenmp --std=c++11 -O3 -DNDEBUG -ggdb -Ofast -fstrict-aliasing -DNDEBUG -arch arm64 -Wl,-search_paths_first -Wl,-headerpad_max_install_names -L/usr/local/lib -L/opt/homebrew/Caskroom/miniforge/base/envs/bh26/lib CMakeFiles/h0_lz77.dir/h0_lz77.cpp.o -o h0_lz77
[ 68%] Building CXX object CMakeFiles/benchmark.dir/benchmark.cpp.o
/usr/bin/c++  -I/Users/kazumichi/Downloads/BioHack26/PGGB_short_reads_mapping/software/vg/deps/DYNAMIC/include -I/Users/kazumichi/Downloads/BioHack26/PGGB_short_reads_mapping/software/vg/deps/DYNAMIC/deps/hopscotch_map/include -std=c++20 -O3 -Werror=return-type -ggdb -g   -Xpreprocessor -fopenmp --std=c++11 -O3 -DNDEBUG -ggdb -Ofast -fstrict-aliasing -DNDEBUG -arch arm64 -MD -MT CMakeFiles/benchmark.dir/benchmark.cpp.o -MF CMakeFiles/benchmark.dir/benchmark.cpp.o.d -o CMakeFiles/benchmark.dir/benchmark.cpp.o -c /Users/kazumichi/Downloads/BioHack26/PGGB_short_reads_mapping/software/vg/deps/DYNAMIC/benchmark.cpp
clang++: warning: argument '-Ofast' is deprecated; use '-O3 -ffast-math' for the same behavior, or '-O3' to enable only conforming optimizations [-Wdeprecated-ofast]
[ 68%] Built target h0_lz77
cd ./deps/pinchesAndCacti && /Library/Developer/CommandLineTools/usr/bin/make clean && CFLAGS="-fPIC " CXXFLAGS="-fPIC -std=c++20 -O3 -Werror=return-type -ggdb -g   -Xpreprocessor -fopenmp" /Library/Developer/CommandLineTools/usr/bin/make 2>&1 | python3 /Users/kazumichi/Downloads/BioHack26/PGGB_short_reads_mapping/software/vg/scripts/filter-noisy-assembler-warnings.py && cd /Users/kazumichi/Downloads/BioHack26/PGGB_short_reads_mapping/software/vg/./deps/sonLib && cp lib/stPinchesAndCacti.a /Users/kazumichi/Downloads/BioHack26/PGGB_short_reads_mapping/software/vg/lib/libpinchesandcacti.a && cp lib/3EdgeConnected.a /Users/kazumichi/Downloads/BioHack26/PGGB_short_reads_mapping/software/vg/lib/lib3edgeconnected.a && mkdir -p /Users/kazumichi/Downloads/BioHack26/PGGB_short_reads_mapping/software/vg/include/sonLib && cp lib/*.h /Users/kazumichi/Downloads/BioHack26/PGGB_short_reads_mapping/software/vg/include/sonLib
cd externalTools && /Library/Developer/CommandLineTools/usr/bin/make clean
[ 32%] Building CXX object CMakeFiles/handlegraph_objs.dir/src/serializable.cpp.o
/usr/bin/c++  -I/Users/kazumichi/Downloads/BioHack26/PGGB_short_reads_mapping/software/vg/deps/libhandlegraph/src/include -std=c++20 -O3 -Werror=return-type -ggdb -g   -Xpreprocessor -fopenmp -O3 -g -std=gnu++14 -arch arm64 -fPIC -MD -MT CMakeFiles/handlegraph_objs.dir/src/serializable.cpp.o -MF CMakeFiles/handlegraph_objs.dir/src/serializable.cpp.o.d -o CMakeFiles/handlegraph_objs.dir/src/serializable.cpp.o -c /Users/kazumichi/Downloads/BioHack26/PGGB_short_reads_mapping/software/vg/deps/libhandlegraph/src/serializable.cpp
cd threeEdgeConnected && /Library/Developer/CommandLineTools/usr/bin/make clean
rm -f ../..//../sonLib/lib/3EdgeConnected.a ../..//../sonLib/bin/3EdgeTests
-- Looking for strings.h - found
-- Looking for sys/types.h
rm -rf lib/*.h bin/*.dSYM
rm -f *.o
rm -f .//../sonLib/lib/stPinchesAndCacti.a .//../sonLib/bin/stPinchesAndCactiTests
cd externalTools && /Library/Developer/CommandLineTools/usr/bin/make all
cd threeEdgeConnected && /Library/Developer/CommandLineTools/usr/bin/make all
clang -std=c99   -fPIC  -O3 -g -Wall --pedantic -funroll-loops -DNDEBUG  -I ../..//../sonLib/lib/ -c impl/*.c
-- Looking for unistd.h - found
-- Looking for sys/param.h
[ 35%] Building CXX object CMakeFiles/handlegraph_objs.dir/src/snarl_decomposition.cpp.o
/usr/bin/c++  -I/Users/kazumichi/Downloads/BioHack26/PGGB_short_reads_mapping/software/vg/deps/libhandlegraph/src/include -std=c++20 -O3 -Werror=return-type -ggdb -g   -Xpreprocessor -fopenmp -O3 -g -std=gnu++14 -arch arm64 -fPIC -MD -MT CMakeFiles/handlegraph_objs.dir/src/snarl_decomposition.cpp.o -MF CMakeFiles/handlegraph_objs.dir/src/snarl_decomposition.cpp.o.d -o CMakeFiles/handlegraph_objs.dir/src/snarl_decomposition.cpp.o -c /Users/kazumichi/Downloads/BioHack26/PGGB_short_reads_mapping/software/vg/deps/libhandlegraph/src/snarl_decomposition.cpp
ar rc 3EdgeConnected.a *.o
ranlib 3EdgeConnected.a 
rm *.o
mv 3EdgeConnected.a ../..//../sonLib/lib/
cp inc/*.h ../..//../sonLib/lib/
clang -std=c99  -L/usr/local/lib -L/opt/homebrew/Caskroom/miniforge/base/envs/bh26/lib  -O3 -g -Wall --pedantic -funroll-loops -DNDEBUG  -fPIC  -I inc -I../..//../sonLib/lib -o ../..//../sonLib/bin/3EdgeTests tests/*.c ../..//../sonLib/lib/3EdgeConnected.a ../..//../sonLib/lib/sonLib.a ../..//../sonLib/lib/cuTest.a   -lz -lm
-- Looking for sys/types.h - found
-- Performing Test HAVE_INLINE
-- Looking for sys/param.h - found
-- Looking for sys/stat.h
clang -std=c99   -O3 -g -Wall --pedantic -funroll-loops -DNDEBUG  -fPIC  -I inc -I .//../sonLib/lib/ -c impl/*.c
[ 37%] Building CXX object CMakeFiles/handlegraph_objs.dir/src/trivially_serializable.cpp.o
/usr/bin/c++  -I/Users/kazumichi/Downloads/BioHack26/PGGB_short_reads_mapping/software/vg/deps/libhandlegraph/src/include -std=c++20 -O3 -Werror=return-type -ggdb -g   -Xpreprocessor -fopenmp -O3 -g -std=gnu++14 -arch arm64 -fPIC -MD -MT CMakeFiles/handlegraph_objs.dir/src/trivially_serializable.cpp.o -MF CMakeFiles/handlegraph_objs.dir/src/trivially_serializable.cpp.o.d -o CMakeFiles/handlegraph_objs.dir/src/trivially_serializable.cpp.o -c /Users/kazumichi/Downloads/BioHack26/PGGB_short_reads_mapping/software/vg/deps/libhandlegraph/src/trivially_serializable.cpp
impl/stCactusGraphs.c:181:39: warning: a function declaration without a prototype is deprecated in all versions of C [-Wstrict-prototypes]
  181 | stCactusGraph *stCactusGraph_construct() {
      |                                       ^
      |                                        void
impl/stCactusGraphs.c:505:13: warning: variable 'nodesMerged' set but not used [-Wunused-but-set-variable]
  505 |     int64_t nodesMerged = 0;
      |             ^
impl/stCactusGraphs.c:789:37: warning: a function declaration without a prototype is deprecated in all versions of C [-Wstrict-prototypes]
  789 | stBridgeNode *stBridgeNode_construct() {
      |                                     ^
      |                                      void
impl/stCactusGraphs.c:1113:33: warning: a function declaration without a prototype is deprecated in all versions of C [-Wstrict-prototypes]
 1113 | static stSet *getEmptySnarlCache() {
      |                                 ^
      |                                  void
4 warnings generated.
[ 40%] Building CXX object CMakeFiles/handlegraph_objs.dir/src/types.cpp.o
/usr/bin/c++  -I/Users/kazumichi/Downloads/BioHack26/PGGB_short_reads_mapping/software/vg/deps/libhandlegraph/src/include -std=c++20 -O3 -Werror=return-type -ggdb -g   -Xpreprocessor -fopenmp -O3 -g -std=gnu++14 -arch arm64 -fPIC -MD -MT CMakeFiles/handlegraph_objs.dir/src/types.cpp.o -MF CMakeFiles/handlegraph_objs.dir/src/types.cpp.o.d -o CMakeFiles/handlegraph_objs.dir/src/types.cpp.o -c /Users/kazumichi/Downloads/BioHack26/PGGB_short_reads_mapping/software/vg/deps/libhandlegraph/src/types.cpp
-- Performing Test HAVE_INLINE - Success
-- Performing Test HAVE___INLINE
impl/stPinchGraphs.c:558:45: warning: a function declaration without a prototype is deprecated in all versions of C [-Wstrict-prototypes]
  558 | stPinchThreadSet *stPinchThreadSet_construct() {
      |                                             ^
      |                                              void
impl/stPinchGraphs.c:1200:55: warning: a function declaration without a prototype is deprecated in all versions of C [-Wstrict-prototypes]
 1200 | stPinchThreadSet *stPinchThreadSet_getRandomEmptyGraph() {
      |                                                       ^
      |                                                        void
impl/stPinchGraphs.c:1212:50: warning: a function declaration without a prototype is deprecated in all versions of C [-Wstrict-prototypes]
 1212 | stPinchThreadSet *stPinchThreadSet_getRandomGraph() {
      |                                                  ^
      |                                                   void
[ 75%] Linking CXX executable rle_bwt
/opt/homebrew/Caskroom/miniforge/base/envs/bh26/bin/cmake -E cmake_link_script CMakeFiles/rle_bwt.dir/link.txt --verbose=1
[ 11%] Building CXX object CMakeFiles/gfaz_core.dir/src/core/utils/runtime_utils.cpp.o
-- Looking for sys/stat.h - found
-- Looking for sys/time.h
/usr/bin/c++ -std=c++20 -O3 -Werror=return-type -ggdb -g   -Xpreprocessor -fopenmp --std=c++11 -O3 -DNDEBUG -ggdb -Ofast -fstrict-aliasing -DNDEBUG -arch arm64 -Wl,-search_paths_first -Wl,-headerpad_max_install_names -L/usr/local/lib -L/opt/homebrew/Caskroom/miniforge/base/envs/bh26/lib CMakeFiles/rle_bwt.dir/rle_bwt.cpp.o -o rle_bwt
3 warnings generated.
ar rc stPinchesAndCacti.a *.o
[ 75%] Built target rle_bwt
/Library/Developer/CommandLineTools/usr/bin/make  -f CMakeFiles/wm_string.dir/build.make CMakeFiles/wm_string.dir/depend
cd /Users/kazumichi/Downloads/BioHack26/PGGB_short_reads_mapping/software/vg/deps/DYNAMIC/build && /opt/homebrew/Caskroom/miniforge/base/envs/bh26/bin/cmake -E cmake_depends "Unix Makefiles" /Users/kazumichi/Downloads/BioHack26/PGGB_short_reads_mapping/software/vg/deps/DYNAMIC /Users/kazumichi/Downloads/BioHack26/PGGB_short_reads_mapping/software/vg/deps/DYNAMIC /Users/kazumichi/Downloads/BioHack26/PGGB_short_reads_mapping/software/vg/deps/DYNAMIC/build /Users/kazumichi/Downloads/BioHack26/PGGB_short_reads_mapping/software/vg/deps/DYNAMIC/build /Users/kazumichi/Downloads/BioHack26/PGGB_short_reads_mapping/software/vg/deps/DYNAMIC/build/CMakeFiles/wm_string.dir/DependInfo.cmake "--color=" wm_string
ranlib stPinchesAndCacti.a 
rm *.o
/Library/Developer/CommandLineTools/usr/bin/make  -f CMakeFiles/wm_string.dir/build.make CMakeFiles/wm_string.dir/build
+ autoconf -f -W all,no-obsolete
mv stPinchesAndCacti.a .//../sonLib/lib/
cp inc/*.h .//../sonLib/lib/
clang -std=c99   -O3 -g -Wall --pedantic -funroll-loops -DNDEBUG  -fPIC  -L/usr/local/lib -L/opt/homebrew/Caskroom/miniforge/base/envs/bh26/lib -I inc -I impl -I.//../sonLib/lib -o .//../sonLib/bin/stPinchesAndCactiTests tests/*.c impl/*.c .//../sonLib/lib/sonLib.a .//../sonLib/lib/cuTest.a   -lz -lm  .//../sonLib/lib/3EdgeConnected.a
[ 81%] Building CXX object CMakeFiles/wm_string.dir/wm_string.cpp.o
/usr/bin/c++  -I/Users/kazumichi/Downloads/BioHack26/PGGB_short_reads_mapping/software/vg/deps/DYNAMIC/include -I/Users/kazumichi/Downloads/BioHack26/PGGB_short_reads_mapping/software/vg/deps/DYNAMIC/deps/hopscotch_map/include -std=c++20 -O3 -Werror=return-type -ggdb -g   -Xpreprocessor -fopenmp --std=c++11 -O3 -DNDEBUG -ggdb -Ofast -fstrict-aliasing -DNDEBUG -arch arm64 -MD -MT CMakeFiles/wm_string.dir/wm_string.cpp.o -MF CMakeFiles/wm_string.dir/wm_string.cpp.o.d -o CMakeFiles/wm_string.dir/wm_string.cpp.o -c /Users/kazumichi/Downloads/BioHack26/PGGB_short_reads_mapping/software/vg/deps/DYNAMIC/wm_string.cpp
clang++: warning: argument '-Ofast' is deprecated; use '-O3 -ffast-math' for the same behavior, or '-O3' to enable only conforming optimizations [-Wdeprecated-ofast]
[ 43%] Building CXX object CMakeFiles/handlegraph_objs.dir/src/copy_graph.cpp.o
/usr/bin/c++  -I/Users/kazumichi/Downloads/BioHack26/PGGB_short_reads_mapping/software/vg/deps/libhandlegraph/src/include -std=c++20 -O3 -Werror=return-type -ggdb -g   -Xpreprocessor -fopenmp -O3 -g -std=gnu++14 -arch arm64 -fPIC -MD -MT CMakeFiles/handlegraph_objs.dir/src/copy_graph.cpp.o -MF CMakeFiles/handlegraph_objs.dir/src/copy_graph.cpp.o.d -o CMakeFiles/handlegraph_objs.dir/src/copy_graph.cpp.o -c /Users/kazumichi/Downloads/BioHack26/PGGB_short_reads_mapping/software/vg/deps/libhandlegraph/src/copy_graph.cpp
-- Performing Test HAVE___INLINE - Success
-- Performing Test HAVE___INLINE__
tests/stCactusGraphsTest.c:23:21: warning: a function declaration without a prototype is deprecated in all versions of C [-Wstrict-prototypes]
   23 | static void teardown() {
      |                     ^
      |                      void
tests/stCactusGraphsTest.c:36:18: warning: a function declaration without a prototype is deprecated in all versions of C [-Wstrict-prototypes]
   36 | static void setup() {
      |                  ^
      |                   void
[ 45%] Building CXX object CMakeFiles/handlegraph_objs.dir/src/append_graph.cpp.o
/usr/bin/c++  -I/Users/kazumichi/Downloads/BioHack26/PGGB_short_reads_mapping/software/vg/deps/libhandlegraph/src/include -std=c++20 -O3 -Werror=return-type -ggdb -g   -Xpreprocessor -fopenmp -O3 -g -std=gnu++14 -arch arm64 -fPIC -MD -MT CMakeFiles/handlegraph_objs.dir/src/append_graph.cpp.o -MF CMakeFiles/handlegraph_objs.dir/src/append_graph.cpp.o.d -o CMakeFiles/handlegraph_objs.dir/src/append_graph.cpp.o -c /Users/kazumichi/Downloads/BioHack26/PGGB_short_reads_mapping/software/vg/deps/libhandlegraph/src/append_graph.cpp
2 warnings generated.
-- Looking for sys/time.h - found
-- Looking for include files sys/time.h, time.h
[ 87%] Linking CXX executable cw-bwt
/opt/homebrew/Caskroom/miniforge/base/envs/bh26/bin/cmake -E cmake_link_script CMakeFiles/cw-bwt.dir/link.txt --verbose=1
tests/stPinchGraphsTest.c:23:21: warning: a function declaration without a prototype is deprecated in all versions of C [-Wstrict-prototypes]
   23 | static void teardown() {
      |                     ^
      |                      void
tests/stPinchGraphsTest.c:30:18: warning: a function declaration without a prototype is deprecated in all versions of C [-Wstrict-prototypes]
   30 | static void setup() {
      |                  ^
      |                   void
/usr/bin/c++ -std=c++20 -O3 -Werror=return-type -ggdb -g   -Xpreprocessor -fopenmp --std=c++11 -O3 -DNDEBUG -ggdb -Ofast -fstrict-aliasing -DNDEBUG -arch arm64 -Wl,-search_paths_first -Wl,-headerpad_max_install_names -L/usr/local/lib -L/opt/homebrew/Caskroom/miniforge/base/envs/bh26/lib "CMakeFiles/cw-bwt.dir/cw-bwt.cpp.o" -o cw-bwt
[ 87%] Built target cw-bwt
2 warnings generated.
impl/stCactusGraphs.c:181:39: warning: a function declaration without a prototype is deprecated in all versions of C [-Wstrict-prototypes]
  181 | stCactusGraph *stCactusGraph_construct() {
      |                                       ^
      |                                        void
[ 48%] Building CXX object CMakeFiles/handlegraph_objs.dir/src/are_equivalent.cpp.o
impl/stCactusGraphs.c:505:13: warning: variable 'nodesMerged' set but not used [-Wunused-but-set-variable]
  505 |     int64_t nodesMerged = 0;
      |             ^
/usr/bin/c++  -I/Users/kazumichi/Downloads/BioHack26/PGGB_short_reads_mapping/software/vg/deps/libhandlegraph/src/include -std=c++20 -O3 -Werror=return-type -ggdb -g   -Xpreprocessor -fopenmp -O3 -g -std=gnu++14 -arch arm64 -fPIC -MD -MT CMakeFiles/handlegraph_objs.dir/src/are_equivalent.cpp.o -MF CMakeFiles/handlegraph_objs.dir/src/are_equivalent.cpp.o.d -o CMakeFiles/handlegraph_objs.dir/src/are_equivalent.cpp.o -c /Users/kazumichi/Downloads/BioHack26/PGGB_short_reads_mapping/software/vg/deps/libhandlegraph/src/are_equivalent.cpp
impl/stCactusGraphs.c:789:37: warning: a function declaration without a prototype is deprecated in all versions of C [-Wstrict-prototypes]
  789 | stBridgeNode *stBridgeNode_construct() {
      |                                     ^
      |                                      void
impl/stCactusGraphs.c:1113:33: warning: a function declaration without a prototype is deprecated in all versions of C [-Wstrict-prototypes]
 1113 | static stSet *getEmptySnarlCache() {
      |                                 ^
      |                                  void
-- Performing Test HAVE___INLINE__ - Success
-- Performing Test HAVE___DECLSPEC_DLLEXPORT_
[ 14%] Linking CXX static library libgfaz_core.a
4 warnings generated.
+ autoheader -f -W all
-- Looking for include files sys/time.h, time.h - found
-- Looking for access
impl/stPinchGraphs.c:558:45: warning: a function declaration without a prototype is deprecated in all versions of C [-Wstrict-prototypes]
  558 | stPinchThreadSet *stPinchThreadSet_construct() {
      |                                             ^
      |                                              void
impl/stPinchGraphs.c:1200:55: warning: a function declaration without a prototype is deprecated in all versions of C [-Wstrict-prototypes]
 1200 | stPinchThreadSet *stPinchThreadSet_getRandomEmptyGraph() {
      |                                                       ^
      |                                                        void
impl/stPinchGraphs.c:1212:50: warning: a function declaration without a prototype is deprecated in all versions of C [-Wstrict-prototypes]
 1212 | stPinchThreadSet *stPinchThreadSet_getRandomGraph() {
      |                                                  ^
      |                                                   void
-- Performing Test HAVE___DECLSPEC_DLLEXPORT_ - Failed
-- Performing Test HAVE___DECLSPEC_DLLIMPORT_
[ 14%] Built target gfaz_core
3 warnings generated.
[ 18%] Building CXX object CMakeFiles/gfaz_compress.dir/src/compress/io/gfa_parser.cpp.o
[ 51%] Building CXX object CMakeFiles/handlegraph_objs.dir/src/find_tips.cpp.o
/usr/bin/c++  -I/Users/kazumichi/Downloads/BioHack26/PGGB_short_reads_mapping/software/vg/deps/libhandlegraph/src/include -std=c++20 -O3 -Werror=return-type -ggdb -g   -Xpreprocessor -fopenmp -O3 -g -std=gnu++14 -arch arm64 -fPIC -MD -MT CMakeFiles/handlegraph_objs.dir/src/find_tips.cpp.o -MF CMakeFiles/handlegraph_objs.dir/src/find_tips.cpp.o.d -o CMakeFiles/handlegraph_objs.dir/src/find_tips.cpp.o -c /Users/kazumichi/Downloads/BioHack26/PGGB_short_reads_mapping/software/vg/deps/libhandlegraph/src/find_tips.cpp
[ 93%] Linking CXX executable benchmark
/opt/homebrew/Caskroom/miniforge/base/envs/bh26/bin/cmake -E cmake_link_script CMakeFiles/benchmark.dir/link.txt --verbose=1
-- Performing Test HAVE___DECLSPEC_DLLIMPORT_ - Failed
-- Check size of uint8_t
[ 22%] Building CXX object CMakeFiles/gfaz_compute.dir/src/compute/growth_workflow.cpp.o
-- Looking for access - found
-- Looking for _access
[ 25%] Building CXX object CMakeFiles/gfaz_compress.dir/src/compress/io/gfa_decoder.cpp.o
/usr/bin/c++ -std=c++20 -O3 -Werror=return-type -ggdb -g   -Xpreprocessor -fopenmp --std=c++11 -O3 -DNDEBUG -ggdb -Ofast -fstrict-aliasing -DNDEBUG -arch arm64 -Wl,-search_paths_first -Wl,-headerpad_max_install_names -L/usr/local/lib -L/opt/homebrew/Caskroom/miniforge/base/envs/bh26/lib CMakeFiles/benchmark.dir/benchmark.cpp.o -o benchmark
[ 93%] Built target benchmark
[ 29%] Building CXX object CMakeFiles/gfaz_compute.dir/src/compute/pav_workflow.cpp.o
+ automake -a -c -f -W all
-- Check size of uint8_t - done
-- Check size of int32_t
-- Looking for _access - not found
-- Looking for getopt
[ 54%] Building CXX object CMakeFiles/handlegraph_objs.dir/src/topological_sort.cpp.o
/usr/bin/c++  -I/Users/kazumichi/Downloads/BioHack26/PGGB_short_reads_mapping/software/vg/deps/libhandlegraph/src/include -std=c++20 -O3 -Werror=return-type -ggdb -g   -Xpreprocessor -fopenmp -O3 -g -std=gnu++14 -arch arm64 -fPIC -MD -MT CMakeFiles/handlegraph_objs.dir/src/topological_sort.cpp.o -MF CMakeFiles/handlegraph_objs.dir/src/topological_sort.cpp.o.d -o CMakeFiles/handlegraph_objs.dir/src/topological_sort.cpp.o -c /Users/kazumichi/Downloads/BioHack26/PGGB_short_reads_mapping/software/vg/deps/libhandlegraph/src/topological_sort.cpp
cd deps/htslib && (./configure -n 2>&1 || true) | grep "build system type" | rev | cut -f1 -d' ' | rev >systype.txt
[ 33%] Building CXX object CMakeFiles/gfaz_compute.dir/src/compute/similarity_workflow.cpp.o
-- Check size of int32_t - done
-- Looking for PRId32
-- Looking for getopt - found
-- Looking for getopt_long
[ 37%] Building CXX object CMakeFiles/gfaz_compute.dir/src/compute/stats_workflow.cpp.o
-- Looking for getopt_long - found
-- Looking for gettimeofday
-- Looking for PRId32 - found
-- Check size of int64_t
[ 40%] Building CXX object CMakeFiles/gfaz_compute.dir/src/compute/depth_workflow.cpp.o
[100%] Linking CXX executable wm_string
/opt/homebrew/Caskroom/miniforge/base/envs/bh26/bin/cmake -E cmake_link_script CMakeFiles/wm_string.dir/link.txt --verbose=1
configure.ac:16: installing './compile'
/usr/bin/c++ -std=c++20 -O3 -Werror=return-type -ggdb -g   -Xpreprocessor -fopenmp --std=c++11 -O3 -DNDEBUG -ggdb -Ofast -fstrict-aliasing -DNDEBUG -arch arm64 -Wl,-search_paths_first -Wl,-headerpad_max_install_names -L/usr/local/lib -L/opt/homebrew/Caskroom/miniforge/base/envs/bh26/lib CMakeFiles/wm_string.dir/wm_string.cpp.o -o wm_string
Makefile.am:156: warning: source file 'src/hashtable_test.cc' is in a subdirectory,
Makefile.am:156: but option 'subdir-objects' is disabled
automake: warning: possible forward-incompatibility.
automake: At least one source file is in a subdirectory, but the 'subdir-objects'
automake: automake option hasn't been enabled.  For now, the corresponding output
automake: object file(s) will be placed in the top-level directory.  However, this
automake: behavior may change in a future Automake major version, with object
automake: files being placed in the same subdirectory as the corresponding sources.
automake: You are advised to start using 'subdir-objects' option throughout your
automake: project, to avoid future incompatibility.
Makefile.am:140: warning: source file 'src/libc_allocator_with_realloc_test.cc' is in a subdirectory,
Makefile.am:140: but option 'subdir-objects' is disabled
Makefile.am:172: warning: source file 'src/simple_compat_test.cc' is in a subdirectory,
Makefile.am:172: but option 'subdir-objects' is disabled
Makefile.am:166: warning: source file 'src/simple_test.cc' is in a subdirectory,
Makefile.am:166: but option 'subdir-objects' is disabled
Makefile.am:148: warning: source file 'src/sparsetable_unittest.cc' is in a subdirectory,
Makefile.am:148: but option 'subdir-objects' is disabled
Makefile.am:125: warning: source file 'src/template_util_unittest.cc' is in a subdirectory,
Makefile.am:125: but option 'subdir-objects' is disabled
Makefile.am:179: warning: source file 'src/time_hash_map.cc' is in a subdirectory,
Makefile.am:179: but option 'subdir-objects' is disabled
Makefile.am:132: warning: source file 'src/type_traits_unittest.cc' is in a subdirectory,
Makefile.am:132: but option 'subdir-objects' is disabled
[100%] Built target wm_string
/opt/homebrew/Caskroom/miniforge/base/envs/bh26/bin/cmake -E cmake_progress_start /Users/kazumichi/Downloads/BioHack26/PGGB_short_reads_mapping/software/vg/deps/DYNAMIC/build/CMakeFiles 0
parallel-tests: installing './test-driver'
+ rm -rf autom4te.cache
+ exit 0
# Do the copy of the main file last so we can tell if this recipe failed and redo it.
# Otherwise we get dynamic.hpp without its deps
mkdir -p include/dynamic && cp -r /Users/kazumichi/Downloads/BioHack26/PGGB_short_reads_mapping/software/vg/deps/DYNAMIC/include/dynamic/* include/dynamic/
-- Looking for gettimeofday - found
-- Looking for isascii
-- Check size of int64_t - done
-- Looking for PRId64
[ 44%] Building CXX object CMakeFiles/gfaz_compress.dir/src/compress/io/gfa_writer.cpp.o
[ 56%] Building CXX object CMakeFiles/handlegraph_objs.dir/src/apply_orientations.cpp.o
/usr/bin/c++  -I/Users/kazumichi/Downloads/BioHack26/PGGB_short_reads_mapping/software/vg/deps/libhandlegraph/src/include -std=c++20 -O3 -Werror=return-type -ggdb -g   -Xpreprocessor -fopenmp -O3 -g -std=gnu++14 -arch arm64 -fPIC -MD -MT CMakeFiles/handlegraph_objs.dir/src/apply_orientations.cpp.o -MF CMakeFiles/handlegraph_objs.dir/src/apply_orientations.cpp.o.d -o CMakeFiles/handlegraph_objs.dir/src/apply_orientations.cpp.o -c /Users/kazumichi/Downloads/BioHack26/PGGB_short_reads_mapping/software/vg/deps/libhandlegraph/src/apply_orientations.cpp
[ 59%] Building CXX object CMakeFiles/handlegraph_objs.dir/src/is_single_stranded.cpp.o
/usr/bin/c++  -I/Users/kazumichi/Downloads/BioHack26/PGGB_short_reads_mapping/software/vg/deps/libhandlegraph/src/include -std=c++20 -O3 -Werror=return-type -ggdb -g   -Xpreprocessor -fopenmp -O3 -g -std=gnu++14 -arch arm64 -fPIC -MD -MT CMakeFiles/handlegraph_objs.dir/src/is_single_stranded.cpp.o -MF CMakeFiles/handlegraph_objs.dir/src/is_single_stranded.cpp.o.d -o CMakeFiles/handlegraph_objs.dir/src/is_single_stranded.cpp.o -c /Users/kazumichi/Downloads/BioHack26/PGGB_short_reads_mapping/software/vg/deps/libhandlegraph/src/is_single_stranded.cpp
-- Looking for isascii - found
-- Looking for setjmp
-- Looking for PRId64 - found
-- Performing Test CMAKE_HAVE_LIBC_PTHREAD
checking for a BSD-compatible install... /usr/bin/install -c
checking whether sleep supports fractional seconds... yes
[ 48%] Building CXX object CMakeFiles/gfaz_compute.dir/src/compute/deconstruct_workflow.cpp.o
[ 51%] Building CXX object CMakeFiles/gfaz_compute.dir/src/compute/snarl_finder.cpp.o
[ 55%] Building CXX object CMakeFiles/gfaz_compute.dir/src/compute/traversal_query.cpp.o
[ 62%] Building CXX object CMakeFiles/handlegraph_objs.dir/src/count_walks.cpp.o
/usr/bin/c++  -I/Users/kazumichi/Downloads/BioHack26/PGGB_short_reads_mapping/software/vg/deps/libhandlegraph/src/include -std=c++20 -O3 -Werror=return-type -ggdb -g   -Xpreprocessor -fopenmp -O3 -g -std=gnu++14 -arch arm64 -fPIC -MD -MT CMakeFiles/handlegraph_objs.dir/src/count_walks.cpp.o -MF CMakeFiles/handlegraph_objs.dir/src/count_walks.cpp.o.d -o CMakeFiles/handlegraph_objs.dir/src/count_walks.cpp.o -c /Users/kazumichi/Downloads/BioHack26/PGGB_short_reads_mapping/software/vg/deps/libhandlegraph/src/count_walks.cpp
-- Looking for setjmp - found
-- Looking for snprintf
-- Performing Test CMAKE_HAVE_LIBC_PTHREAD - Success
-- Found Threads: TRUE
-- Looking for C++ include cstdio
checking filesystem timestamp resolution... 2
[ 64%] Building CXX object CMakeFiles/handlegraph_objs.dir/src/eades_algorithm.cpp.o
/usr/bin/c++  -I/Users/kazumichi/Downloads/BioHack26/PGGB_short_reads_mapping/software/vg/deps/libhandlegraph/src/include -std=c++20 -O3 -Werror=return-type -ggdb -g   -Xpreprocessor -fopenmp -O3 -g -std=gnu++14 -arch arm64 -fPIC -MD -MT CMakeFiles/handlegraph_objs.dir/src/eades_algorithm.cpp.o -MF CMakeFiles/handlegraph_objs.dir/src/eades_algorithm.cpp.o.d -o CMakeFiles/handlegraph_objs.dir/src/eades_algorithm.cpp.o -c /Users/kazumichi/Downloads/BioHack26/PGGB_short_reads_mapping/software/vg/deps/libhandlegraph/src/eades_algorithm.cpp
checking whether build environment is sane... yes
checking for a race-free mkdir -p... mkdir -p
checking for gawk... no
checking for mawk... no
checking for nawk... no
checking for awk... awk
checking whether make sets $(MAKE)... yes
checking whether make supports nested variables... yes
checking xargs -n works... yes
checking whether UID '501' is supported by ustar format... yes
checking whether GID '20' is supported by ustar format... yes
checking how to create a ustar tar archive... plaintar
[ 59%] Building CXX object CMakeFiles/gfaz_compress.dir/src/compress/io/gfa_write_utils.cpp.o
-- Looking for snprintf - found
-- Looking for _snprintf
-- Looking for C++ include cstdio - found
-- Could NOT find Doxygen (missing: DOXYGEN_EXECUTABLE) 
Unzipping faust.txt.
Unzipping moby.int.
checking whether the C++ compiler works... yes
checking for C++ compiler default output file name... a.out
-- Configuring done (14.2s)
[ 62%] Building CXX object CMakeFiles/gfaz_compress.dir/src/compress/grammar/rule_generator.cpp.o
checking for suffix of executables... 
-- Looking for _snprintf - not found
-- Looking for stat
[ 66%] Building CXX object CMakeFiles/gfaz_compress.dir/src/compress/grammar/path_encoder.cpp.o
[ 67%] Building CXX object CMakeFiles/handlegraph_objs.dir/src/dagify.cpp.o
/usr/bin/c++  -I/Users/kazumichi/Downloads/BioHack26/PGGB_short_reads_mapping/software/vg/deps/libhandlegraph/src/include -std=c++20 -O3 -Werror=return-type -ggdb -g   -Xpreprocessor -fopenmp -O3 -g -std=gnu++14 -arch arm64 -fPIC -MD -MT CMakeFiles/handlegraph_objs.dir/src/dagify.cpp.o -MF CMakeFiles/handlegraph_objs.dir/src/dagify.cpp.o.d -o CMakeFiles/handlegraph_objs.dir/src/dagify.cpp.o -c /Users/kazumichi/Downloads/BioHack26/PGGB_short_reads_mapping/software/vg/deps/libhandlegraph/src/dagify.cpp
checking whether we are cross compiling... configure: error: in '/Users/kazumichi/Downloads/BioHack26/PGGB_short_reads_mapping/software/vg/deps/sparsehash':
configure: error: cannot run C++ compiled programs.
If you meant to cross compile, use '--host'.
See 'config.log' for more details
make: *** [include/sparsehash/sparse_hash_map] Error 77
make: *** Waiting for unfinished jobs....
[ 70%] Building CXX object CMakeFiles/handlegraph_objs.dir/src/strongly_connected_components.cpp.o
/usr/bin/c++  -I/Users/kazumichi/Downloads/BioHack26/PGGB_short_reads_mapping/software/vg/deps/libhandlegraph/src/include -std=c++20 -O3 -Werror=return-type -ggdb -g   -Xpreprocessor -fopenmp -O3 -g -std=gnu++14 -arch arm64 -fPIC -MD -MT CMakeFiles/handlegraph_objs.dir/src/strongly_connected_components.cpp.o -MF CMakeFiles/handlegraph_objs.dir/src/strongly_connected_components.cpp.o.d -o CMakeFiles/handlegraph_objs.dir/src/strongly_connected_components.cpp.o -c /Users/kazumichi/Downloads/BioHack26/PGGB_short_reads_mapping/software/vg/deps/libhandlegraph/src/strongly_connected_components.cpp
[ 72%] Building CXX object CMakeFiles/handlegraph_objs.dir/src/find_shortest_paths.cpp.o
/usr/bin/c++  -I/Users/kazumichi/Downloads/BioHack26/PGGB_short_reads_mapping/software/vg/deps/libhandlegraph/src/include -std=c++20 -O3 -Werror=return-type -ggdb -g   -Xpreprocessor -fopenmp -O3 -g -std=gnu++14 -arch arm64 -fPIC -MD -MT CMakeFiles/handlegraph_objs.dir/src/find_shortest_paths.cpp.o -MF CMakeFiles/handlegraph_objs.dir/src/find_shortest_paths.cpp.o.d -o CMakeFiles/handlegraph_objs.dir/src/find_shortest_paths.cpp.o -c /Users/kazumichi/Downloads/BioHack26/PGGB_short_reads_mapping/software/vg/deps/libhandlegraph/src/find_shortest_paths.cpp
-- Looking for stat - found
-- Looking for strcasecmp
-- Generating done (0.9s)
-- Build files have been written to: /Users/kazumichi/Downloads/BioHack26/PGGB_short_reads_mapping/software/vg/deps/sdsl-lite/build
/opt/homebrew/Caskroom/miniforge/base/envs/bh26/bin/cmake -S/Users/kazumichi/Downloads/BioHack26/PGGB_short_reads_mapping/software/vg/deps/sdsl-lite -B/Users/kazumichi/Downloads/BioHack26/PGGB_short_reads_mapping/software/vg/deps/sdsl-lite/build --check-build-system CMakeFiles/Makefile.cmake 0
/Library/Developer/CommandLineTools/usr/bin/make  -f CMakeFiles/Makefile2 sdsl
/opt/homebrew/Caskroom/miniforge/base/envs/bh26/bin/cmake -S/Users/kazumichi/Downloads/BioHack26/PGGB_short_reads_mapping/software/vg/deps/sdsl-lite -B/Users/kazumichi/Downloads/BioHack26/PGGB_short_reads_mapping/software/vg/deps/sdsl-lite/build --check-build-system CMakeFiles/Makefile.cmake 0
/opt/homebrew/Caskroom/miniforge/base/envs/bh26/bin/cmake -E cmake_progress_start /Users/kazumichi/Downloads/BioHack26/PGGB_short_reads_mapping/software/vg/deps/sdsl-lite/build/CMakeFiles 7
/Library/Developer/CommandLineTools/usr/bin/make  -f CMakeFiles/Makefile2 lib/CMakeFiles/sdsl.dir/all
/Library/Developer/CommandLineTools/usr/bin/make  -f lib/CMakeFiles/sdsl.dir/build.make lib/CMakeFiles/sdsl.dir/depend
cd /Users/kazumichi/Downloads/BioHack26/PGGB_short_reads_mapping/software/vg/deps/sdsl-lite/build && /opt/homebrew/Caskroom/miniforge/base/envs/bh26/bin/cmake -E cmake_depends "Unix Makefiles" /Users/kazumichi/Downloads/BioHack26/PGGB_short_reads_mapping/software/vg/deps/sdsl-lite /Users/kazumichi/Downloads/BioHack26/PGGB_short_reads_mapping/software/vg/deps/sdsl-lite/lib /Users/kazumichi/Downloads/BioHack26/PGGB_short_reads_mapping/software/vg/deps/sdsl-lite/build /Users/kazumichi/Downloads/BioHack26/PGGB_short_reads_mapping/software/vg/deps/sdsl-lite/build/lib /Users/kazumichi/Downloads/BioHack26/PGGB_short_reads_mapping/software/vg/deps/sdsl-lite/build/lib/CMakeFiles/sdsl.dir/DependInfo.cmake "--color=" sdsl
[ 75%] Building CXX object CMakeFiles/handlegraph_objs.dir/src/dijkstra.cpp.o
/usr/bin/c++  -I/Users/kazumichi/Downloads/BioHack26/PGGB_short_reads_mapping/software/vg/deps/libhandlegraph/src/include -std=c++20 -O3 -Werror=return-type -ggdb -g   -Xpreprocessor -fopenmp -O3 -g -std=gnu++14 -arch arm64 -fPIC -MD -MT CMakeFiles/handlegraph_objs.dir/src/dijkstra.cpp.o -MF CMakeFiles/handlegraph_objs.dir/src/dijkstra.cpp.o.d -o CMakeFiles/handlegraph_objs.dir/src/dijkstra.cpp.o -c /Users/kazumichi/Downloads/BioHack26/PGGB_short_reads_mapping/software/vg/deps/libhandlegraph/src/dijkstra.cpp
/Library/Developer/CommandLineTools/usr/bin/make  -f lib/CMakeFiles/sdsl.dir/build.make lib/CMakeFiles/sdsl.dir/build
[  0%] Building CXX object lib/CMakeFiles/sdsl.dir/bits.cpp.o
cd /Users/kazumichi/Downloads/BioHack26/PGGB_short_reads_mapping/software/vg/deps/sdsl-lite/build/lib && /usr/bin/c++ -DMODE_TI -I/Users/kazumichi/Downloads/BioHack26/PGGB_short_reads_mapping/software/vg/deps/sdsl-lite/build/lib/../include -I/Users/kazumichi/Downloads/BioHack26/PGGB_short_reads_mapping/software/vg/deps/sdsl-lite/build/lib/../external/libdivsufsort/include -I/Users/kazumichi/Downloads/BioHack26/PGGB_short_reads_mapping/software/vg/deps/sdsl-lite/include -fPIC -std=c++20 -O3 -Werror=return-type -ggdb -g   -Xpreprocessor -fopenmp -std=c++17 -DNDEBUG -stdlib=libc++ -O3 -DNDEBUG -arch arm64 -MD -MT lib/CMakeFiles/sdsl.dir/bits.cpp.o -MF CMakeFiles/sdsl.dir/bits.cpp.o.d -o CMakeFiles/sdsl.dir/bits.cpp.o -c /Users/kazumichi/Downloads/BioHack26/PGGB_short_reads_mapping/software/vg/deps/sdsl-lite/lib/bits.cpp
[ 78%] Building CXX object CMakeFiles/handlegraph_objs.dir/src/is_acyclic.cpp.o
/usr/bin/c++  -I/Users/kazumichi/Downloads/BioHack26/PGGB_short_reads_mapping/software/vg/deps/libhandlegraph/src/include -std=c++20 -O3 -Werror=return-type -ggdb -g   -Xpreprocessor -fopenmp -O3 -g -std=gnu++14 -arch arm64 -fPIC -MD -MT CMakeFiles/handlegraph_objs.dir/src/is_acyclic.cpp.o -MF CMakeFiles/handlegraph_objs.dir/src/is_acyclic.cpp.o.d -o CMakeFiles/handlegraph_objs.dir/src/is_acyclic.cpp.o -c /Users/kazumichi/Downloads/BioHack26/PGGB_short_reads_mapping/software/vg/deps/libhandlegraph/src/is_acyclic.cpp
-- Looking for strcasecmp - found
-- Looking for stricmp
[ 70%] Building CXX object CMakeFiles/gfaz_compress.dir/src/compress/compression_workflow.cpp.o
[ 74%] Building CXX object CMakeFiles/gfaz_compress.dir/src/compress/compression_utils.cpp.o
[  0%] Building CXX object lib/CMakeFiles/sdsl.dir/bp_support_algorithm.cpp.o
cd /Users/kazumichi/Downloads/BioHack26/PGGB_short_reads_mapping/software/vg/deps/sdsl-lite/build/lib && /usr/bin/c++ -DMODE_TI -I/Users/kazumichi/Downloads/BioHack26/PGGB_short_reads_mapping/software/vg/deps/sdsl-lite/build/lib/../include -I/Users/kazumichi/Downloads/BioHack26/PGGB_short_reads_mapping/software/vg/deps/sdsl-lite/build/lib/../external/libdivsufsort/include -I/Users/kazumichi/Downloads/BioHack26/PGGB_short_reads_mapping/software/vg/deps/sdsl-lite/include -fPIC -std=c++20 -O3 -Werror=return-type -ggdb -g   -Xpreprocessor -fopenmp -std=c++17 -DNDEBUG -stdlib=libc++ -O3 -DNDEBUG -arch arm64 -MD -MT lib/CMakeFiles/sdsl.dir/bp_support_algorithm.cpp.o -MF CMakeFiles/sdsl.dir/bp_support_algorithm.cpp.o.d -o CMakeFiles/sdsl.dir/bp_support_algorithm.cpp.o -c /Users/kazumichi/Downloads/BioHack26/PGGB_short_reads_mapping/software/vg/deps/sdsl-lite/lib/bp_support_algorithm.cpp
-- Looking for stricmp - not found
-- Looking for _stricmp
[ 81%] Building CXX object CMakeFiles/handlegraph_objs.dir/src/reverse_complement.cpp.o
/usr/bin/c++  -I/Users/kazumichi/Downloads/BioHack26/PGGB_short_reads_mapping/software/vg/deps/libhandlegraph/src/include -std=c++20 -O3 -Werror=return-type -ggdb -g   -Xpreprocessor -fopenmp -O3 -g -std=gnu++14 -arch arm64 -fPIC -MD -MT CMakeFiles/handlegraph_objs.dir/src/reverse_complement.cpp.o -MF CMakeFiles/handlegraph_objs.dir/src/reverse_complement.cpp.o.d -o CMakeFiles/handlegraph_objs.dir/src/reverse_complement.cpp.o -c /Users/kazumichi/Downloads/BioHack26/PGGB_short_reads_mapping/software/vg/deps/libhandlegraph/src/reverse_complement.cpp
[  0%] Building CXX object lib/CMakeFiles/sdsl.dir/coder_elias_delta.cpp.o
cd /Users/kazumichi/Downloads/BioHack26/PGGB_short_reads_mapping/software/vg/deps/sdsl-lite/build/lib && /usr/bin/c++ -DMODE_TI -I/Users/kazumichi/Downloads/BioHack26/PGGB_short_reads_mapping/software/vg/deps/sdsl-lite/build/lib/../include -I/Users/kazumichi/Downloads/BioHack26/PGGB_short_reads_mapping/software/vg/deps/sdsl-lite/build/lib/../external/libdivsufsort/include -I/Users/kazumichi/Downloads/BioHack26/PGGB_short_reads_mapping/software/vg/deps/sdsl-lite/include -fPIC -std=c++20 -O3 -Werror=return-type -ggdb -g   -Xpreprocessor -fopenmp -std=c++17 -DNDEBUG -stdlib=libc++ -O3 -DNDEBUG -arch arm64 -MD -MT lib/CMakeFiles/sdsl.dir/coder_elias_delta.cpp.o -MF CMakeFiles/sdsl.dir/coder_elias_delta.cpp.o.d -o CMakeFiles/sdsl.dir/coder_elias_delta.cpp.o -c /Users/kazumichi/Downloads/BioHack26/PGGB_short_reads_mapping/software/vg/deps/sdsl-lite/lib/coder_elias_delta.cpp
[ 83%] Building CXX object CMakeFiles/handlegraph_objs.dir/src/split_strands.cpp.o
/usr/bin/c++  -I/Users/kazumichi/Downloads/BioHack26/PGGB_short_reads_mapping/software/vg/deps/libhandlegraph/src/include -std=c++20 -O3 -Werror=return-type -ggdb -g   -Xpreprocessor -fopenmp -O3 -g -std=gnu++14 -arch arm64 -fPIC -MD -MT CMakeFiles/handlegraph_objs.dir/src/split_strands.cpp.o -MF CMakeFiles/handlegraph_objs.dir/src/split_strands.cpp.o.d -o CMakeFiles/handlegraph_objs.dir/src/split_strands.cpp.o -c /Users/kazumichi/Downloads/BioHack26/PGGB_short_reads_mapping/software/vg/deps/libhandlegraph/src/split_strands.cpp
-- Looking for _stricmp - not found
-- Looking for strtok_r
[ 86%] Building CXX object CMakeFiles/handlegraph_objs.dir/src/chop.cpp.o
/usr/bin/c++  -I/Users/kazumichi/Downloads/BioHack26/PGGB_short_reads_mapping/software/vg/deps/libhandlegraph/src/include -std=c++20 -O3 -Werror=return-type -ggdb -g   -Xpreprocessor -fopenmp -O3 -g -std=gnu++14 -arch arm64 -fPIC -MD -MT CMakeFiles/handlegraph_objs.dir/src/chop.cpp.o -MF CMakeFiles/handlegraph_objs.dir/src/chop.cpp.o.d -o CMakeFiles/handlegraph_objs.dir/src/chop.cpp.o -c /Users/kazumichi/Downloads/BioHack26/PGGB_short_reads_mapping/software/vg/deps/libhandlegraph/src/chop.cpp
[ 77%] Building CXX object CMakeFiles/gfaz_compress.dir/src/compress/compression_debug.cpp.o
[ 81%] Building CXX object CMakeFiles/gfaz_compress.dir/src/compress/decompression_workflow.cpp.o
-- Looking for strtok_r - found
-- Looking for vasprintf
[ 85%] Building CXX object CMakeFiles/gfaz_compress.dir/src/compress/decompression_debug.cpp.o
[ 89%] Building CXX object CMakeFiles/handlegraph_objs.dir/src/weakly_connected_components.cpp.o
/usr/bin/c++  -I/Users/kazumichi/Downloads/BioHack26/PGGB_short_reads_mapping/software/vg/deps/libhandlegraph/src/include -std=c++20 -O3 -Werror=return-type -ggdb -g   -Xpreprocessor -fopenmp -O3 -g -std=gnu++14 -arch arm64 -fPIC -MD -MT CMakeFiles/handlegraph_objs.dir/src/weakly_connected_components.cpp.o -MF CMakeFiles/handlegraph_objs.dir/src/weakly_connected_components.cpp.o.d -o CMakeFiles/handlegraph_objs.dir/src/weakly_connected_components.cpp.o -c /Users/kazumichi/Downloads/BioHack26/PGGB_short_reads_mapping/software/vg/deps/libhandlegraph/src/weakly_connected_components.cpp
[ 88%] Building CXX object CMakeFiles/gfaz_compress.dir/src/compress/extraction_workflow.cpp.o
[ 14%] Building CXX object lib/CMakeFiles/sdsl.dir/coder_elias_gamma.cpp.o
cd /Users/kazumichi/Downloads/BioHack26/PGGB_short_reads_mapping/software/vg/deps/sdsl-lite/build/lib && /usr/bin/c++ -DMODE_TI -I/Users/kazumichi/Downloads/BioHack26/PGGB_short_reads_mapping/software/vg/deps/sdsl-lite/build/lib/../include -I/Users/kazumichi/Downloads/BioHack26/PGGB_short_reads_mapping/software/vg/deps/sdsl-lite/build/lib/../external/libdivsufsort/include -I/Users/kazumichi/Downloads/BioHack26/PGGB_short_reads_mapping/software/vg/deps/sdsl-lite/include -fPIC -std=c++20 -O3 -Werror=return-type -ggdb -g   -Xpreprocessor -fopenmp -std=c++17 -DNDEBUG -stdlib=libc++ -O3 -DNDEBUG -arch arm64 -MD -MT lib/CMakeFiles/sdsl.dir/coder_elias_gamma.cpp.o -MF CMakeFiles/sdsl.dir/coder_elias_gamma.cpp.o.d -o CMakeFiles/sdsl.dir/coder_elias_gamma.cpp.o -c /Users/kazumichi/Downloads/BioHack26/PGGB_short_reads_mapping/software/vg/deps/sdsl-lite/lib/coder_elias_gamma.cpp
-- Looking for vasprintf - found
-- Looking for vsnprintf
[ 91%] Building CXX object CMakeFiles/handlegraph_objs.dir/src/extend.cpp.o
/usr/bin/c++  -I/Users/kazumichi/Downloads/BioHack26/PGGB_short_reads_mapping/software/vg/deps/libhandlegraph/src/include -std=c++20 -O3 -Werror=return-type -ggdb -g   -Xpreprocessor -fopenmp -O3 -g -std=gnu++14 -arch arm64 -fPIC -MD -MT CMakeFiles/handlegraph_objs.dir/src/extend.cpp.o -MF CMakeFiles/handlegraph_objs.dir/src/extend.cpp.o.d -o CMakeFiles/handlegraph_objs.dir/src/extend.cpp.o -c /Users/kazumichi/Downloads/BioHack26/PGGB_short_reads_mapping/software/vg/deps/libhandlegraph/src/extend.cpp
The Meson build system
Version: 1.12.0
Source dir: /Users/kazumichi/Downloads/BioHack26/PGGB_short_reads_mapping/software/vg/deps/pixman
Build dir: /Users/kazumichi/Downloads/BioHack26/PGGB_short_reads_mapping/software/vg/deps/pixman/build
Build type: native build
Project name: pixman
Project version: 0.46.5
C compiler for the host machine: cc (clang 21.0.0 "Apple clang version 21.0.0 (clang-2100.3.34.2)")
C linker for the host machine: cc ld64 27037.1
Host machine cpu family: aarch64
Host machine cpu: aarch64
Compiler for C supports arguments -Wdeclaration-after-statement: YES 
Compiler for C supports arguments -fno-strict-aliasing: YES 
Compiler for C supports arguments -fvisibility=hidden: YES 
Compiler for C supports arguments -Wundef: YES 
Compiler for C supports arguments -ftrapping-math: YES 
Compiler for C supports arguments -Wunused-local-typedefs: YES 
Checking if "test for ASM .func directive" compiles: NO 
Checking if "test for ASM .syntax unified directive" compiles: NO 
Checking if "test for ASM leading underscore" links: YES 
Checking if "NEON A64 Intrinsic Support" compiles: YES 
Checking if "GNU Inline ASM support." compiles: YES 
WARNING: OpenMP support not available because: Couldn't find libomp
Run-time dependency OpenMP found: NO  (tried system)
Found pkg-config: YES (/opt/homebrew/Caskroom/miniforge/base/envs/bh26/bin/pkg-config) 0.29.2
Found CMake: /opt/homebrew/Caskroom/miniforge/base/envs/bh26/bin/cmake (4.4.3)
Run-time dependency gtk+-3.0 found: NO  (tried pkg-config, framework and cmake)
Run-time dependency glib-2.0 found: YES 2.90.0
WARNING: Pkg-config error with 'libpng': Could not generate cflags for libpng:
Package zlib was not found in the pkg-config search path.
Perhaps you should add the directory containing `zlib.pc'
to the PKG_CONFIG_PATH environment variable
Package 'zlib', required by 'libpng', not found

Run-time dependency libpng found: NO  (tried pkg-config, framework and cmake)
Has header "png.h" : NO 
Has header "png.h" : NO (cached)
Has header "png.h" : NO (cached)
Has header "png.h" : NO (cached)
Has header "png.h" : NO (cached)
Has header "png.h" : NO (cached)
Library m found: YES
Run-time dependency threads found: YES
Has header "pthread.h" : YES 
Checking for function "sigaction" : YES 
Checking for function "alarm" : YES 
Checking for function "mprotect" : YES 
Checking for function "getpagesize" : YES 
Checking for function "mmap" : YES 
Checking for function "getisax" : NO 
Checking for function "gettimeofday" : YES 
Checking for function "posix_memalign" : YES 
Checking for function "getauxval" : NO 
Checking for function "elf_aux_info" : NO 
Checking for function "feenableexcept" with dependency -lm: NO 
Header "fenv.h" has symbol "FE_DIVBYZERO" : YES 
Check usable header "sys/mman.h" : YES 
Check usable header "fenv.h" : YES 
Check usable header "unistd.h" : YES 
Checking if "TLS via __thread" compiles: YES 
Checking if "__attribute__((constructor))" links: YES 
Checking if "__attribute__((destructor))" links: YES 
Checking if "Has float128 support" links: NO 
Checking for function "clz" : YES 
Checking if "Support for GCC vector extensions" links: YES 
Checking for size of "long" : 8 
Configuring pixman-config.h using configuration
Configuring pixman-version.h using configuration
Compiler for C supports function attribute dllexport: NO 
Found pkg-config: YES (/opt/homebrew/Caskroom/miniforge/base/envs/bh26/bin/pkg-config) 0.29.2
Build targets in project: 44

pixman 0.46.5

  User defined options
    default_library: both
    libdir         : lib
    prefix         : /Users/kazumichi/Downloads/BioHack26/PGGB_short_reads_mapping/software/vg

Found ninja-1.13.2 at /opt/homebrew/Caskroom/miniforge/base/envs/bh26/bin/ninja
[ 92%] Building CXX object CMakeFiles/gfaz_compress.dir/src/compress/add_haplotypes_workflow.cpp.o
ninja: Entering directory `build'
ninja: warning: Ignoring jobserver: Pipe-based protocol is not supported! [ --jobserver-fds=3,4 -j]
[ 14%] Building CXX object lib/CMakeFiles/sdsl.dir/coder_fibonacci.cpp.o
cd /Users/kazumichi/Downloads/BioHack26/PGGB_short_reads_mapping/software/vg/deps/sdsl-lite/build/lib && /usr/bin/c++ -DMODE_TI -I/Users/kazumichi/Downloads/BioHack26/PGGB_short_reads_mapping/software/vg/deps/sdsl-lite/build/lib/../include -I/Users/kazumichi/Downloads/BioHack26/PGGB_short_reads_mapping/software/vg/deps/sdsl-lite/build/lib/../external/libdivsufsort/include -I/Users/kazumichi/Downloads/BioHack26/PGGB_short_reads_mapping/software/vg/deps/sdsl-lite/include -fPIC -std=c++20 -O3 -Werror=return-type -ggdb -g   -Xpreprocessor -fopenmp -std=c++17 -DNDEBUG -stdlib=libc++ -O3 -DNDEBUG -arch arm64 -MD -MT lib/CMakeFiles/sdsl.dir/coder_fibonacci.cpp.o -MF CMakeFiles/sdsl.dir/coder_fibonacci.cpp.o.d -o CMakeFiles/sdsl.dir/coder_fibonacci.cpp.o -c /Users/kazumichi/Downloads/BioHack26/PGGB_short_reads_mapping/software/vg/deps/sdsl-lite/lib/coder_fibonacci.cpp
-- Looking for vsnprintf - found
-- Looking for _vsnprintf
[1/122] Compiling C object pixman/libpixman-1.0.dylib.p/pixman-arm.c.o
[2/122] Compiling C object pixman/libpixman-arm-neon.a.p/pixman-arma64-neon-asm-bilinear.S.o
[3/122] Compiling C object pixman/libpixman-1.0.dylib.p/pixman.c.o
[4/122] Compiling C object pixman/libpixman-1.0.dylib.p/pixman-conical-gradient.c.o
[5/122] Compiling C object pixman/libpixman-1.0.dylib.p/pixman-mips.c.o
[6/122] Compiling C object pixman/libpixman-1.0.dylib.p/pixman-gradient-walker.c.o
[7/122] Compiling C object pixman/libpixman-1.0.dylib.p/pixman-general.c.o
[8/122] Compiling C object pixman/libpixman-1.0.dylib.p/pixman-filter.c.o
[9/122] Compiling C object pixman/libpixman-1.0.dylib.p/pixman-linear-gradient.c.o
[10/122] Compiling C object pixman/libpixman-1.0.dylib.p/pixman-noop.c.o
[11/122] Compiling C object pixman/libpixman-1.0.dylib.p/pixman-implementation.c.o
[12/122] Compiling C object pixman/libpixman-1.0.dylib.p/pixman-edge.c.o
[13/122] Compiling C object pixman/libpixman-1.0.dylib.p/pixman-ppc.c.o
[14/122] Compiling C object pixman/libpixman-1.0.dylib.p/pixman-edge-accessors.c.o
[15/122] Compiling C object pixman/libpixman-1.0.dylib.p/pixman-glyph.c.o
[16/122] Compiling C object pixman/libpixman-1.0.dylib.p/pixman-riscv.c.o
[17/122] Compiling C object pixman/libpixman-1.0.dylib.p/pixman-image.c.o
[18/122] Compiling C object pixman/libpixman-1.0.dylib.p/pixman-radial-gradient.c.o
[19/122] Compiling C object pixman/libpixman-1.0.dylib.p/pixman-solid-fill.c.o
[20/122] Compiling C object pixman/libpixman-1.0.dylib.p/pixman-timer.c.o
[21/122] Compiling C object pixman/libpixman-1.0.dylib.p/pixman-x86.c.o
[22/122] Compiling C object pixman/libpixman-1.0.dylib.p/pixman-utils.c.o
[23/122] Compiling C object test/infinite-loop.p/infinite-loop.c.o
[24/122] Compiling C object test/oob-test.p/oob-test.c.o
[25/122] Compiling C object test/trap-crasher.p/trap-crasher.c.o
[26/122] Compiling C object pixman/libpixman-1.0.dylib.p/pixman-matrix.c.o
[27/122] Compiling C object test/utils/libtestutils.a.p/utils-prng.c.o
[28/122] Compiling C object pixman/libpixman-1.0.dylib.p/pixman-trap.c.o
[29/122] Compiling C object test/region-translate-test.p/region-translate-test.c.o
[30/122] Compiling C object test/fence-image-self-test.p/fence-image-self-test.c.o
[31/122] Compiling C object test/a1-trap-test.p/a1-trap-test.c.o
[32/122] Compiling C object test/fetch-test.p/fetch-test.c.o
-- Looking for _vsnprintf - not found
-- Looking for sys/types.h
[33/122] Compiling C object test/prng-test.p/prng-test.c.o
[34/122] Compiling C object test/radial-invalid.p/radial-invalid.c.o
[35/122] Compiling C object test/pdf-op-test.p/pdf-op-test.c.o
[ 14%] Building CXX object lib/CMakeFiles/sdsl.dir/config.cpp.o
cd /Users/kazumichi/Downloads/BioHack26/PGGB_short_reads_mapping/software/vg/deps/sdsl-lite/build/lib && /usr/bin/c++ -DMODE_TI -I/Users/kazumichi/Downloads/BioHack26/PGGB_short_reads_mapping/software/vg/deps/sdsl-lite/build/lib/../include -I/Users/kazumichi/Downloads/BioHack26/PGGB_short_reads_mapping/software/vg/deps/sdsl-lite/build/lib/../external/libdivsufsort/include -I/Users/kazumichi/Downloads/BioHack26/PGGB_short_reads_mapping/software/vg/deps/sdsl-lite/include -fPIC -std=c++20 -O3 -Werror=return-type -ggdb -g   -Xpreprocessor -fopenmp -std=c++17 -DNDEBUG -stdlib=libc++ -O3 -DNDEBUG -arch arm64 -MD -MT lib/CMakeFiles/sdsl.dir/config.cpp.o -MF CMakeFiles/sdsl.dir/config.cpp.o.d -o CMakeFiles/sdsl.dir/config.cpp.o -c /Users/kazumichi/Downloads/BioHack26/PGGB_short_reads_mapping/software/vg/deps/sdsl-lite/lib/config.cpp
[36/122] Compiling C object test/region-fractional-test.p/region-fractional-test.c.o
[37/122] Compiling C object test/region-test.p/region-test.c.o
[ 94%] Building CXX object CMakeFiles/handlegraph_objs.dir/src/canonical_gfa.cpp.o
/usr/bin/c++  -I/Users/kazumichi/Downloads/BioHack26/PGGB_short_reads_mapping/software/vg/deps/libhandlegraph/src/include -std=c++20 -O3 -Werror=return-type -ggdb -g   -Xpreprocessor -fopenmp -O3 -g -std=gnu++14 -arch arm64 -fPIC -MD -MT CMakeFiles/handlegraph_objs.dir/src/canonical_gfa.cpp.o -MF CMakeFiles/handlegraph_objs.dir/src/canonical_gfa.cpp.o.d -o CMakeFiles/handlegraph_objs.dir/src/canonical_gfa.cpp.o -c /Users/kazumichi/Downloads/BioHack26/PGGB_short_reads_mapping/software/vg/deps/libhandlegraph/src/canonical_gfa.cpp
[38/122] Compiling C object test/alpha-loop.p/alpha-loop.c.o
[39/122] Compiling C object test/scaling-crash-test.p/scaling-crash-test.c.o
[40/122] Compiling C object test/combiner-test.p/combiner-test.c.o
[41/122] Compiling C object test/scaling-helpers-test.p/scaling-helpers-test.c.o
[42/122] Compiling C object test/rotate-test.p/rotate-test.c.o
[43/122] Compiling C object test/alphamap.p/alphamap.c.o
[44/122] Compiling C object test/gradient-crash-test.p/gradient-crash-test.c.o
[45/122] Compiling C object test/filter-reduction-test.p/filter-reduction-test.c.o
[46/122] Compiling C object test/utils/libtestutils.a.p/utils.c.o
[47/122] Compiling C object test/matrix-test.p/matrix-test.c.o
[48/122] Compiling C object test/pixel-test.p/pixel-test.c.o
[49/122] Compiling C object test/region-contains-test.p/region-contains-test.c.o
[50/122] Compiling C object test/composite-traps-test.p/composite-traps-test.c.o
[51/122] Linking static target test/utils/libtestutils.a
[52/122] Compiling C object test/solid-test.p/solid-test.c.o
[53/122] Compiling C object test/cover-test.p/cover-test.c.o
[54/122] Compiling C object test/blitters-test.p/blitters-test.c.o
[55/122] Compiling C object test/glyph-test.p/glyph-test.c.o
[56/122] Compiling C object test/composite.p/composite.c.o
[57/122] Compiling C object test/neg-stride-test.p/neg-stride-test.c.o
[58/122] Compiling C object test/radial-perf-test.p/radial-perf-test.c.o
[59/122] Compiling C object test/affine-test.p/affine-test.c.o
[60/122] Compiling C object test/scaling-test.p/scaling-test.c.o
[ 14%] Building CXX object lib/CMakeFiles/sdsl.dir/construct_config.cpp.o
cd /Users/kazumichi/Downloads/BioHack26/PGGB_short_reads_mapping/software/vg/deps/sdsl-lite/build/lib && /usr/bin/c++ -DMODE_TI -I/Users/kazumichi/Downloads/BioHack26/PGGB_short_reads_mapping/software/vg/deps/sdsl-lite/build/lib/../include -I/Users/kazumichi/Downloads/BioHack26/PGGB_short_reads_mapping/software/vg/deps/sdsl-lite/build/lib/../external/libdivsufsort/include -I/Users/kazumichi/Downloads/BioHack26/PGGB_short_reads_mapping/software/vg/deps/sdsl-lite/include -fPIC -std=c++20 -O3 -Werror=return-type -ggdb -g   -Xpreprocessor -fopenmp -std=c++17 -DNDEBUG -stdlib=libc++ -O3 -DNDEBUG -arch arm64 -MD -MT lib/CMakeFiles/sdsl.dir/construct_config.cpp.o -MF CMakeFiles/sdsl.dir/construct_config.cpp.o.d -o CMakeFiles/sdsl.dir/construct_config.cpp.o -c /Users/kazumichi/Downloads/BioHack26/PGGB_short_reads_mapping/software/vg/deps/sdsl-lite/lib/construct_config.cpp
[61/122] Compiling C object test/tolerance-test.p/tolerance-test.c.o
[62/122] Compiling C object test/thread-test.p/thread-test.c.o
[63/122] Compiling C object pixman/libpixman-1.0.dylib.p/pixman-combine32.c.o
[64/122] Compiling C object pixman/libpixman-1.0.dylib.p/pixman-bits-image.c.o
[65/122] Compiling C object pixman/libpixman-1.0.dylib.p/pixman-region32.c.o
[66/122] Compiling C object test/check-formats.p/check-formats.c.o
[67/122] Compiling C object pixman/libpixman-1.0.dylib.p/pixman-region64f.c.o
-- Looking for sys/types.h - found
-- Looking for stdint.h
[68/122] Compiling C object pixman/libpixman-1.0.dylib.p/pixman-region16.c.o
[ 96%] Linking CXX static library libgfaz_compute.a
[69/122] Compiling C object test/scaling-bench.p/scaling-bench.c.o
[70/122] Compiling C object test/lowlevel-blt-bench.p/lowlevel-blt-bench.c.o
../test/lowlevel-blt-bench.c:182:18: warning: variable 'q' set but not used [-Wunused-but-set-variable]
  182 |     int          q = 0;
      |                  ^
1 warning generated.
[71/122] Compiling C object test/affine-bench.p/affine-bench.c.o
[72/122] Compiling C object test/stress-test.p/stress-test.c.o
[73/122] Compiling C object pixman/libpixman-1.0.dylib.p/pixman-access-accessors.c.o
[ 28%] Building CXX object lib/CMakeFiles/sdsl.dir/construct_isa.cpp.o
cd /Users/kazumichi/Downloads/BioHack26/PGGB_short_reads_mapping/software/vg/deps/sdsl-lite/build/lib && /usr/bin/c++ -DMODE_TI -I/Users/kazumichi/Downloads/BioHack26/PGGB_short_reads_mapping/software/vg/deps/sdsl-lite/build/lib/../include -I/Users/kazumichi/Downloads/BioHack26/PGGB_short_reads_mapping/software/vg/deps/sdsl-lite/build/lib/../external/libdivsufsort/include -I/Users/kazumichi/Downloads/BioHack26/PGGB_short_reads_mapping/software/vg/deps/sdsl-lite/include -fPIC -std=c++20 -O3 -Werror=return-type -ggdb -g   -Xpreprocessor -fopenmp -std=c++17 -DNDEBUG -stdlib=libc++ -O3 -DNDEBUG -arch arm64 -MD -MT lib/CMakeFiles/sdsl.dir/construct_isa.cpp.o -MF CMakeFiles/sdsl.dir/construct_isa.cpp.o.d -o CMakeFiles/sdsl.dir/construct_isa.cpp.o -c /Users/kazumichi/Downloads/BioHack26/PGGB_short_reads_mapping/software/vg/deps/sdsl-lite/lib/construct_isa.cpp
[74/122] Compiling C object pixman/libpixman-arm-neon.a.p/pixman-arma64-neon-asm.S.o
[75/122] Compiling C object pixman/libpixman-1.0.dylib.p/pixman-access.c.o
[ 96%] Built target gfaz_compute
cd deps/htslib && CFLAGS="-I/Users/kazumichi/Downloads/BioHack26/PGGB_short_reads_mapping/software/vg/deps/htslib -isystem /Users/kazumichi/Downloads/BioHack26/PGGB_short_reads_mapping/software/vg/deps/htslib -I/Users/kazumichi/Downloads/BioHack26/PGGB_short_reads_mapping/software/vg/include " LDFLAGS="-L/usr/local/lib -L/opt/homebrew/Caskroom/miniforge/base/envs/bh26/lib -L/Users/kazumichi/Downloads/BioHack26/PGGB_short_reads_mapping/software/vg/lib """ ./configure --with-libdeflate --disable-s3 --disable-gcs --disable-libcurl --disable-plugins --prefix=/Users/kazumichi/Downloads/BioHack26/PGGB_short_reads_mapping/software/vg --host=$(cat systype.txt) 2>&1 | python3 /Users/kazumichi/Downloads/BioHack26/PGGB_short_reads_mapping/software/vg/scripts/filter-noisy-assembler-warnings.py && /Library/Developer/CommandLineTools/usr/bin/make clean && /Library/Developer/CommandLineTools/usr/bin/make 2>&1 | python3 /Users/kazumichi/Downloads/BioHack26/PGGB_short_reads_mapping/software/vg/scripts/filter-noisy-assembler-warnings.py && /Library/Developer/CommandLineTools/usr/bin/make install
[ 28%] Building CXX object lib/CMakeFiles/sdsl.dir/construct_lcp.cpp.o
cd /Users/kazumichi/Downloads/BioHack26/PGGB_short_reads_mapping/software/vg/deps/sdsl-lite/build/lib && /usr/bin/c++ -DMODE_TI -I/Users/kazumichi/Downloads/BioHack26/PGGB_short_reads_mapping/software/vg/deps/sdsl-lite/build/lib/../include -I/Users/kazumichi/Downloads/BioHack26/PGGB_short_reads_mapping/software/vg/deps/sdsl-lite/build/lib/../external/libdivsufsort/include -I/Users/kazumichi/Downloads/BioHack26/PGGB_short_reads_mapping/software/vg/deps/sdsl-lite/include -fPIC -std=c++20 -O3 -Werror=return-type -ggdb -g   -Xpreprocessor -fopenmp -std=c++17 -DNDEBUG -stdlib=libc++ -O3 -DNDEBUG -arch arm64 -MD -MT lib/CMakeFiles/sdsl.dir/construct_lcp.cpp.o -MF CMakeFiles/sdsl.dir/construct_lcp.cpp.o.d -o CMakeFiles/sdsl.dir/construct_lcp.cpp.o -c /Users/kazumichi/Downloads/BioHack26/PGGB_short_reads_mapping/software/vg/deps/sdsl-lite/lib/construct_lcp.cpp
[ 28%] Building CXX object lib/CMakeFiles/sdsl.dir/construct_lcp_helper.cpp.o
cd /Users/kazumichi/Downloads/BioHack26/PGGB_short_reads_mapping/software/vg/deps/sdsl-lite/build/lib && /usr/bin/c++ -DMODE_TI -I/Users/kazumichi/Downloads/BioHack26/PGGB_short_reads_mapping/software/vg/deps/sdsl-lite/build/lib/../include -I/Users/kazumichi/Downloads/BioHack26/PGGB_short_reads_mapping/software/vg/deps/sdsl-lite/build/lib/../external/libdivsufsort/include -I/Users/kazumichi/Downloads/BioHack26/PGGB_short_reads_mapping/software/vg/deps/sdsl-lite/include -fPIC -std=c++20 -O3 -Werror=return-type -ggdb -g   -Xpreprocessor -fopenmp -std=c++17 -DNDEBUG -stdlib=libc++ -O3 -DNDEBUG -arch arm64 -MD -MT lib/CMakeFiles/sdsl.dir/construct_lcp_helper.cpp.o -MF CMakeFiles/sdsl.dir/construct_lcp_helper.cpp.o.d -o CMakeFiles/sdsl.dir/construct_lcp_helper.cpp.o -c /Users/kazumichi/Downloads/BioHack26/PGGB_short_reads_mapping/software/vg/deps/sdsl-lite/lib/construct_lcp_helper.cpp
[76/122] Compiling C object pixman/libpixman-arm-neon.a.p/pixman-arm-neon.c.o
[ 42%] Building CXX object lib/CMakeFiles/sdsl.dir/construct_sa.cpp.o
cd /Users/kazumichi/Downloads/BioHack26/PGGB_short_reads_mapping/software/vg/deps/sdsl-lite/build/lib && /usr/bin/c++ -DMODE_TI -I/Users/kazumichi/Downloads/BioHack26/PGGB_short_reads_mapping/software/vg/deps/sdsl-lite/build/lib/../include -I/Users/kazumichi/Downloads/BioHack26/PGGB_short_reads_mapping/software/vg/deps/sdsl-lite/build/lib/../external/libdivsufsort/include -I/Users/kazumichi/Downloads/BioHack26/PGGB_short_reads_mapping/software/vg/deps/sdsl-lite/include -fPIC -std=c++20 -O3 -Werror=return-type -ggdb -g   -Xpreprocessor -fopenmp -std=c++17 -DNDEBUG -stdlib=libc++ -O3 -DNDEBUG -arch arm64 -MD -MT lib/CMakeFiles/sdsl.dir/construct_sa.cpp.o -MF CMakeFiles/sdsl.dir/construct_sa.cpp.o.d -o CMakeFiles/sdsl.dir/construct_sa.cpp.o -c /Users/kazumichi/Downloads/BioHack26/PGGB_short_reads_mapping/software/vg/deps/sdsl-lite/lib/construct_sa.cpp
[77/122] Compiling C object pixman/libpixman-1.0.dylib.p/pixman-combine-float.c.o
-- Looking for stdint.h - found
-- Check size of unsigned char
[ 42%] Building CXX object lib/CMakeFiles/sdsl.dir/construct_sa_se.cpp.o
cd /Users/kazumichi/Downloads/BioHack26/PGGB_short_reads_mapping/software/vg/deps/sdsl-lite/build/lib && /usr/bin/c++ -DMODE_TI -I/Users/kazumichi/Downloads/BioHack26/PGGB_short_reads_mapping/software/vg/deps/sdsl-lite/build/lib/../include -I/Users/kazumichi/Downloads/BioHack26/PGGB_short_reads_mapping/software/vg/deps/sdsl-lite/build/lib/../external/libdivsufsort/include -I/Users/kazumichi/Downloads/BioHack26/PGGB_short_reads_mapping/software/vg/deps/sdsl-lite/include -fPIC -std=c++20 -O3 -Werror=return-type -ggdb -g   -Xpreprocessor -fopenmp -std=c++17 -DNDEBUG -stdlib=libc++ -O3 -DNDEBUG -arch arm64 -MD -MT lib/CMakeFiles/sdsl.dir/construct_sa_se.cpp.o -MF CMakeFiles/sdsl.dir/construct_sa_se.cpp.o.d -o CMakeFiles/sdsl.dir/construct_sa_se.cpp.o -c /Users/kazumichi/Downloads/BioHack26/PGGB_short_reads_mapping/software/vg/deps/sdsl-lite/lib/construct_sa_se.cpp
[ 42%] Building CXX object lib/CMakeFiles/sdsl.dir/csa_alphabet_strategy.cpp.o
cd /Users/kazumichi/Downloads/BioHack26/PGGB_short_reads_mapping/software/vg/deps/sdsl-lite/build/lib && /usr/bin/c++ -DMODE_TI -I/Users/kazumichi/Downloads/BioHack26/PGGB_short_reads_mapping/software/vg/deps/sdsl-lite/build/lib/../include -I/Users/kazumichi/Downloads/BioHack26/PGGB_short_reads_mapping/software/vg/deps/sdsl-lite/build/lib/../external/libdivsufsort/include -I/Users/kazumichi/Downloads/BioHack26/PGGB_short_reads_mapping/software/vg/deps/sdsl-lite/include -fPIC -std=c++20 -O3 -Werror=return-type -ggdb -g   -Xpreprocessor -fopenmp -std=c++17 -DNDEBUG -stdlib=libc++ -O3 -DNDEBUG -arch arm64 -MD -MT lib/CMakeFiles/sdsl.dir/csa_alphabet_strategy.cpp.o -MF CMakeFiles/sdsl.dir/csa_alphabet_strategy.cpp.o.d -o CMakeFiles/sdsl.dir/csa_alphabet_strategy.cpp.o -c /Users/kazumichi/Downloads/BioHack26/PGGB_short_reads_mapping/software/vg/deps/sdsl-lite/lib/csa_alphabet_strategy.cpp
[78/122] Linking static target pixman/libpixman-arm-neon.a
[ 42%] Building CXX object lib/CMakeFiles/sdsl.dir/io.cpp.o
cd /Users/kazumichi/Downloads/BioHack26/PGGB_short_reads_mapping/software/vg/deps/sdsl-lite/build/lib && /usr/bin/c++ -DMODE_TI -I/Users/kazumichi/Downloads/BioHack26/PGGB_short_reads_mapping/software/vg/deps/sdsl-lite/build/lib/../include -I/Users/kazumichi/Downloads/BioHack26/PGGB_short_reads_mapping/software/vg/deps/sdsl-lite/build/lib/../external/libdivsufsort/include -I/Users/kazumichi/Downloads/BioHack26/PGGB_short_reads_mapping/software/vg/deps/sdsl-lite/include -fPIC -std=c++20 -O3 -Werror=return-type -ggdb -g   -Xpreprocessor -fopenmp -std=c++17 -DNDEBUG -stdlib=libc++ -O3 -DNDEBUG -arch arm64 -MD -MT lib/CMakeFiles/sdsl.dir/io.cpp.o -MF CMakeFiles/sdsl.dir/io.cpp.o.d -o CMakeFiles/sdsl.dir/io.cpp.o -c /Users/kazumichi/Downloads/BioHack26/PGGB_short_reads_mapping/software/vg/deps/sdsl-lite/lib/io.cpp
checking for aarch64-apple-darwin25.6.0-gcc... cc
[79/122] Compiling C object pixman/libpixman-1.0.dylib.p/pixman-fast-path.c.o
checking whether the C compiler works... yes
checking for C compiler default output file name... a.out
-- Check size of unsigned char - done
-- Check size of unsigned short
[80/122] Linking static target pixman/libpixman-1.a
[81/122] Linking target pixman/libpixman-1.0.dylib
checking for suffix of executables... 
[ 94%] Built target handlegraph_objs
/Library/Developer/CommandLineTools/usr/bin/make  -f CMakeFiles/handlegraph_shared.dir/build.make CMakeFiles/handlegraph_shared.dir/depend
cd /Users/kazumichi/Downloads/BioHack26/PGGB_short_reads_mapping/software/vg/deps/libhandlegraph/build && /opt/homebrew/Caskroom/miniforge/base/envs/bh26/bin/cmake -E cmake_depends "Unix Makefiles" /Users/kazumichi/Downloads/BioHack26/PGGB_short_reads_mapping/software/vg/deps/libhandlegraph /Users/kazumichi/Downloads/BioHack26/PGGB_short_reads_mapping/software/vg/deps/libhandlegraph /Users/kazumichi/Downloads/BioHack26/PGGB_short_reads_mapping/software/vg/deps/libhandlegraph/build /Users/kazumichi/Downloads/BioHack26/PGGB_short_reads_mapping/software/vg/deps/libhandlegraph/build /Users/kazumichi/Downloads/BioHack26/PGGB_short_reads_mapping/software/vg/deps/libhandlegraph/build/CMakeFiles/handlegraph_shared.dir/DependInfo.cmake "--color=" handlegraph_shared
/Library/Developer/CommandLineTools/usr/bin/make  -f CMakeFiles/handlegraph_shared.dir/build.make CMakeFiles/handlegraph_shared.dir/build
[ 97%] Linking CXX shared library libhandlegraph.dylib
/opt/homebrew/Caskroom/miniforge/base/envs/bh26/bin/cmake -E cmake_link_script CMakeFiles/handlegraph_shared.dir/link.txt --verbose=1
checking whether we are cross compiling... no
checking for suffix of object files... o
-- Check size of unsigned short - done
-- Check size of unsigned int
/usr/bin/c++ -std=c++20 -O3 -Werror=return-type -ggdb -g   -Xpreprocessor -fopenmp -O3 -g -arch arm64 -dynamiclib -Wl,-headerpad_max_install_names -L/usr/local/lib -L/opt/homebrew/Caskroom/miniforge/base/envs/bh26/lib -o libhandlegraph.dylib -install_name /Users/kazumichi/Downloads/BioHack26/PGGB_short_reads_mapping/software/vg/deps/libhandlegraph/build/libhandlegraph.dylib CMakeFiles/handlegraph_objs.dir/src/deletable_handle_graph.cpp.o CMakeFiles/handlegraph_objs.dir/src/mutable_path_deletable_handle_graph.cpp.o CMakeFiles/handlegraph_objs.dir/src/dfs.cpp.o CMakeFiles/handlegraph_objs.dir/src/handle_graph.cpp.o CMakeFiles/handlegraph_objs.dir/src/mutable_handle_graph.cpp.o CMakeFiles/handlegraph_objs.dir/src/path_metadata.cpp.o CMakeFiles/handlegraph_objs.dir/src/mutable_path_metadata.cpp.o CMakeFiles/handlegraph_objs.dir/src/path_handle_graph.cpp.o CMakeFiles/handlegraph_objs.dir/src/path_position_handle_graph.cpp.o CMakeFiles/handlegraph_objs.dir/src/mutable_path_handle_graph.cpp.o CMakeFiles/handlegraph_objs.dir/src/ranked_handle_graph.cpp.o CMakeFiles/handlegraph_objs.dir/src/serializable.cpp.o CMakeFiles/handlegraph_objs.dir/src/snarl_decomposition.cpp.o CMakeFiles/handlegraph_objs.dir/src/trivially_serializable.cpp.o CMakeFiles/handlegraph_objs.dir/src/types.cpp.o CMakeFiles/handlegraph_objs.dir/src/copy_graph.cpp.o CMakeFiles/handlegraph_objs.dir/src/append_graph.cpp.o CMakeFiles/handlegraph_objs.dir/src/are_equivalent.cpp.o CMakeFiles/handlegraph_objs.dir/src/find_tips.cpp.o CMakeFiles/handlegraph_objs.dir/src/topological_sort.cpp.o CMakeFiles/handlegraph_objs.dir/src/apply_orientations.cpp.o CMakeFiles/handlegraph_objs.dir/src/is_single_stranded.cpp.o CMakeFiles/handlegraph_objs.dir/src/count_walks.cpp.o CMakeFiles/handlegraph_objs.dir/src/eades_algorithm.cpp.o CMakeFiles/handlegraph_objs.dir/src/dagify.cpp.o CMakeFiles/handlegraph_objs.dir/src/strongly_connected_components.cpp.o CMakeFiles/handlegraph_objs.dir/src/find_shortest_paths.cpp.o CMakeFiles/handlegraph_objs.dir/src/dijkstra.cpp.o CMakeFiles/handlegraph_objs.dir/src/is_acyclic.cpp.o CMakeFiles/handlegraph_objs.dir/src/reverse_complement.cpp.o CMakeFiles/handlegraph_objs.dir/src/split_strands.cpp.o CMakeFiles/handlegraph_objs.dir/src/chop.cpp.o CMakeFiles/handlegraph_objs.dir/src/weakly_connected_components.cpp.o CMakeFiles/handlegraph_objs.dir/src/extend.cpp.o CMakeFiles/handlegraph_objs.dir/src/canonical_gfa.cpp.o
checking whether the compiler supports GNU C... yes
[ 97%] Built target handlegraph_shared
/Library/Developer/CommandLineTools/usr/bin/make  -f CMakeFiles/handlegraph_static.dir/build.make CMakeFiles/handlegraph_static.dir/depend
cd /Users/kazumichi/Downloads/BioHack26/PGGB_short_reads_mapping/software/vg/deps/libhandlegraph/build && /opt/homebrew/Caskroom/miniforge/base/envs/bh26/bin/cmake -E cmake_depends "Unix Makefiles" /Users/kazumichi/Downloads/BioHack26/PGGB_short_reads_mapping/software/vg/deps/libhandlegraph /Users/kazumichi/Downloads/BioHack26/PGGB_short_reads_mapping/software/vg/deps/libhandlegraph /Users/kazumichi/Downloads/BioHack26/PGGB_short_reads_mapping/software/vg/deps/libhandlegraph/build /Users/kazumichi/Downloads/BioHack26/PGGB_short_reads_mapping/software/vg/deps/libhandlegraph/build /Users/kazumichi/Downloads/BioHack26/PGGB_short_reads_mapping/software/vg/deps/libhandlegraph/build/CMakeFiles/handlegraph_static.dir/DependInfo.cmake "--color=" handlegraph_static
[ 57%] Building CXX object lib/CMakeFiles/sdsl.dir/lcp_support_tree.cpp.o
cd /Users/kazumichi/Downloads/BioHack26/PGGB_short_reads_mapping/software/vg/deps/sdsl-lite/build/lib && /usr/bin/c++ -DMODE_TI -I/Users/kazumichi/Downloads/BioHack26/PGGB_short_reads_mapping/software/vg/deps/sdsl-lite/build/lib/../include -I/Users/kazumichi/Downloads/BioHack26/PGGB_short_reads_mapping/software/vg/deps/sdsl-lite/build/lib/../external/libdivsufsort/include -I/Users/kazumichi/Downloads/BioHack26/PGGB_short_reads_mapping/software/vg/deps/sdsl-lite/include -fPIC -std=c++20 -O3 -Werror=return-type -ggdb -g   -Xpreprocessor -fopenmp -std=c++17 -DNDEBUG -stdlib=libc++ -O3 -DNDEBUG -arch arm64 -MD -MT lib/CMakeFiles/sdsl.dir/lcp_support_tree.cpp.o -MF CMakeFiles/sdsl.dir/lcp_support_tree.cpp.o.d -o CMakeFiles/sdsl.dir/lcp_support_tree.cpp.o -c /Users/kazumichi/Downloads/BioHack26/PGGB_short_reads_mapping/software/vg/deps/sdsl-lite/lib/lcp_support_tree.cpp
checking whether cc accepts -g... yes
[82/122] Generating symbol file pixman/libpixman-1.0.dylib.p/libpixman-1.0.dylib.symbols
/Library/Developer/CommandLineTools/usr/bin/make  -f CMakeFiles/handlegraph_static.dir/build.make CMakeFiles/handlegraph_static.dir/build
checking for cc option to enable C11 features... none needed
checking for aarch64-apple-darwin25.6.0-ranlib... no
checking for ranlib... ranlib
checking for grep that handles long lines and -e... /usr/bin/grep
[100%] Linking CXX static library libhandlegraph.a
/opt/homebrew/Caskroom/miniforge/base/envs/bh26/bin/cmake -P CMakeFiles/handlegraph_static.dir/cmake_clean_target.cmake
[83/122] Linking target test/infinite-loop
[84/122] Linking target test/trap-crasher
[85/122] Linking target test/a1-trap-test
[86/122] Linking target test/fence-image-self-test
checking for C compiler warning flags... -Wall
[87/122] Linking target test/scaling-crash-test
[88/122] Linking target test/prng-test
[89/122] Linking target test/oob-test
[90/122] Linking target test/pdf-op-test
[91/122] Linking target test/combiner-test
[92/122] Linking target test/region-translate-test
[93/122] Linking target test/fetch-test
[94/122] Linking target test/region-test
[95/122] Linking target test/rotate-test
[96/122] Linking target test/region-fractional-test
[100%] Linking CXX static library libgfaz_compress.a
[97/122] Linking target test/alpha-loop
[98/122] Linking target test/alphamap
[ 57%] Building CXX object lib/CMakeFiles/sdsl.dir/louds_tree.cpp.o
cd /Users/kazumichi/Downloads/BioHack26/PGGB_short_reads_mapping/software/vg/deps/sdsl-lite/build/lib && /usr/bin/c++ -DMODE_TI -I/Users/kazumichi/Downloads/BioHack26/PGGB_short_reads_mapping/software/vg/deps/sdsl-lite/build/lib/../include -I/Users/kazumichi/Downloads/BioHack26/PGGB_short_reads_mapping/software/vg/deps/sdsl-lite/build/lib/../external/libdivsufsort/include -I/Users/kazumichi/Downloads/BioHack26/PGGB_short_reads_mapping/software/vg/deps/sdsl-lite/include -fPIC -std=c++20 -O3 -Werror=return-type -ggdb -g   -Xpreprocessor -fopenmp -std=c++17 -DNDEBUG -stdlib=libc++ -O3 -DNDEBUG -arch arm64 -MD -MT lib/CMakeFiles/sdsl.dir/louds_tree.cpp.o -MF CMakeFiles/sdsl.dir/louds_tree.cpp.o.d -o CMakeFiles/sdsl.dir/louds_tree.cpp.o -c /Users/kazumichi/Downloads/BioHack26/PGGB_short_reads_mapping/software/vg/deps/sdsl-lite/lib/louds_tree.cpp
[99/122] Linking target test/radial-invalid
[100/122] Linking target test/scaling-helpers-test
[101/122] Linking target test/gradient-crash-test
[102/122] Linking target test/pixel-test
/opt/homebrew/Caskroom/miniforge/base/envs/bh26/bin/cmake -E cmake_link_script CMakeFiles/handlegraph_static.dir/link.txt --verbose=1
[103/122] Linking target test/matrix-test
[104/122] Linking target test/filter-reduction-test
[105/122] Linking target test/composite-traps-test
[106/122] Linking target test/region-contains-test
[107/122] Linking target test/affine-test
[108/122] Linking target test/radial-perf-test
[109/122] Linking target test/tolerance-test
[110/122] Linking target test/solid-test
[111/122] Linking target test/stress-test
[112/122] Linking target test/thread-test
[113/122] Linking target test/check-formats
[114/122] Linking target test/scaling-bench
[115/122] Linking target test/affine-bench
[116/122] Linking target test/glyph-test
[117/122] Linking target test/neg-stride-test
[118/122] Linking target test/blitters-test
[119/122] Linking target test/cover-test
[120/122] Linking target test/scaling-test
[121/122] Linking target test/composite
[122/122] Linking target test/lowlevel-blt-bench
ninja: Entering directory `build'
ninja: warning: Ignoring jobserver: Pipe-based protocol is not supported! [ --jobserver-fds=3,4 -j]
[0/1] Installing files
[ 57%] Building CXX object lib/CMakeFiles/sdsl.dir/memory_management.cpp.o
cd /Users/kazumichi/Downloads/BioHack26/PGGB_short_reads_mapping/software/vg/deps/sdsl-lite/build/lib && /usr/bin/c++ -DMODE_TI -I/Users/kazumichi/Downloads/BioHack26/PGGB_short_reads_mapping/software/vg/deps/sdsl-lite/build/lib/../include -I/Users/kazumichi/Downloads/BioHack26/PGGB_short_reads_mapping/software/vg/deps/sdsl-lite/build/lib/../external/libdivsufsort/include -I/Users/kazumichi/Downloads/BioHack26/PGGB_short_reads_mapping/software/vg/deps/sdsl-lite/include -fPIC -std=c++20 -O3 -Werror=return-type -ggdb -g   -Xpreprocessor -fopenmp -std=c++17 -DNDEBUG -stdlib=libc++ -O3 -DNDEBUG -arch arm64 -MD -MT lib/CMakeFiles/sdsl.dir/memory_management.cpp.o -MF CMakeFiles/sdsl.dir/memory_management.cpp.o.d -o CMakeFiles/sdsl.dir/memory_management.cpp.o -c /Users/kazumichi/Downloads/BioHack26/PGGB_short_reads_mapping/software/vg/deps/sdsl-lite/lib/memory_management.cpp
checking for cc options needed to detect all undeclared functions... none needed
/usr/bin/ar qc libhandlegraph.a CMakeFiles/handlegraph_objs.dir/src/deletable_handle_graph.cpp.o CMakeFiles/handlegraph_objs.dir/src/mutable_path_deletable_handle_graph.cpp.o CMakeFiles/handlegraph_objs.dir/src/dfs.cpp.o CMakeFiles/handlegraph_objs.dir/src/handle_graph.cpp.o CMakeFiles/handlegraph_objs.dir/src/mutable_handle_graph.cpp.o CMakeFiles/handlegraph_objs.dir/src/path_metadata.cpp.o CMakeFiles/handlegraph_objs.dir/src/mutable_path_metadata.cpp.o CMakeFiles/handlegraph_objs.dir/src/path_handle_graph.cpp.o CMakeFiles/handlegraph_objs.dir/src/path_position_handle_graph.cpp.o CMakeFiles/handlegraph_objs.dir/src/mutable_path_handle_graph.cpp.o CMakeFiles/handlegraph_objs.dir/src/ranked_handle_graph.cpp.o CMakeFiles/handlegraph_objs.dir/src/serializable.cpp.o CMakeFiles/handlegraph_objs.dir/src/snarl_decomposition.cpp.o CMakeFiles/handlegraph_objs.dir/src/trivially_serializable.cpp.o CMakeFiles/handlegraph_objs.dir/src/types.cpp.o CMakeFiles/handlegraph_objs.dir/src/copy_graph.cpp.o CMakeFiles/handlegraph_objs.dir/src/append_graph.cpp.o CMakeFiles/handlegraph_objs.dir/src/are_equivalent.cpp.o CMakeFiles/handlegraph_objs.dir/src/find_tips.cpp.o CMakeFiles/handlegraph_objs.dir/src/topological_sort.cpp.o CMakeFiles/handlegraph_objs.dir/src/apply_orientations.cpp.o CMakeFiles/handlegraph_objs.dir/src/is_single_stranded.cpp.o CMakeFiles/handlegraph_objs.dir/src/count_walks.cpp.o CMakeFiles/handlegraph_objs.dir/src/eades_algorithm.cpp.o CMakeFiles/handlegraph_objs.dir/src/dagify.cpp.o CMakeFiles/handlegraph_objs.dir/src/strongly_connected_components.cpp.o CMakeFiles/handlegraph_objs.dir/src/find_shortest_paths.cpp.o CMakeFiles/handlegraph_objs.dir/src/dijkstra.cpp.o CMakeFiles/handlegraph_objs.dir/src/is_acyclic.cpp.o CMakeFiles/handlegraph_objs.dir/src/reverse_complement.cpp.o CMakeFiles/handlegraph_objs.dir/src/split_strands.cpp.o CMakeFiles/handlegraph_objs.dir/src/chop.cpp.o CMakeFiles/handlegraph_objs.dir/src/weakly_connected_components.cpp.o CMakeFiles/handlegraph_objs.dir/src/extend.cpp.o CMakeFiles/handlegraph_objs.dir/src/canonical_gfa.cpp.o
/usr/bin/ranlib libhandlegraph.a
[100%] Built target handlegraph_static
/opt/homebrew/Caskroom/miniforge/base/envs/bh26/bin/cmake -E cmake_progress_start /Users/kazumichi/Downloads/BioHack26/PGGB_short_reads_mapping/software/vg/deps/libhandlegraph/build/CMakeFiles 0
checking for stdio.h... yes
[ 57%] Building CXX object lib/CMakeFiles/sdsl.dir/nn_dict_dynamic.cpp.o
cd /Users/kazumichi/Downloads/BioHack26/PGGB_short_reads_mapping/software/vg/deps/sdsl-lite/build/lib && /usr/bin/c++ -DMODE_TI -I/Users/kazumichi/Downloads/BioHack26/PGGB_short_reads_mapping/software/vg/deps/sdsl-lite/build/lib/../include -I/Users/kazumichi/Downloads/BioHack26/PGGB_short_reads_mapping/software/vg/deps/sdsl-lite/build/lib/../external/libdivsufsort/include -I/Users/kazumichi/Downloads/BioHack26/PGGB_short_reads_mapping/software/vg/deps/sdsl-lite/include -fPIC -std=c++20 -O3 -Werror=return-type -ggdb -g   -Xpreprocessor -fopenmp -std=c++17 -DNDEBUG -stdlib=libc++ -O3 -DNDEBUG -arch arm64 -MD -MT lib/CMakeFiles/sdsl.dir/nn_dict_dynamic.cpp.o -MF CMakeFiles/sdsl.dir/nn_dict_dynamic.cpp.o.d -o CMakeFiles/sdsl.dir/nn_dict_dynamic.cpp.o -c /Users/kazumichi/Downloads/BioHack26/PGGB_short_reads_mapping/software/vg/deps/sdsl-lite/lib/nn_dict_dynamic.cpp
[100%] Built target gfaz_compress
/opt/homebrew/Caskroom/miniforge/base/envs/bh26/bin/cmake -S/Users/kazumichi/Downloads/BioHack26/PGGB_short_reads_mapping/software/vg/deps/libhandlegraph -B/Users/kazumichi/Downloads/BioHack26/PGGB_short_reads_mapping/software/vg/deps/libhandlegraph/build --check-build-system CMakeFiles/Makefile.cmake 0
-- Check size of unsigned int - done
-- Check size of unsigned long
checking for stdlib.h... yes
mkdir -p /Users/kazumichi/Downloads/BioHack26/PGGB_short_reads_mapping/software/vg/include/GFAz
/opt/homebrew/Caskroom/miniforge/base/envs/bh26/bin/cmake -E cmake_progress_start /Users/kazumichi/Downloads/BioHack26/PGGB_short_reads_mapping/software/vg/deps/libhandlegraph/build/CMakeFiles /Users/kazumichi/Downloads/BioHack26/PGGB_short_reads_mapping/software/vg/deps/libhandlegraph/build//CMakeFiles/progress.marks
cp -r deps/GFAz/include/* /Users/kazumichi/Downloads/BioHack26/PGGB_short_reads_mapping/software/vg/include/GFAz/
[ 71%] Building CXX object lib/CMakeFiles/sdsl.dir/ram_filebuf.cpp.o
/Library/Developer/CommandLineTools/usr/bin/make  -f CMakeFiles/Makefile2 all
cd /Users/kazumichi/Downloads/BioHack26/PGGB_short_reads_mapping/software/vg/deps/sdsl-lite/build/lib && /usr/bin/c++ -DMODE_TI -I/Users/kazumichi/Downloads/BioHack26/PGGB_short_reads_mapping/software/vg/deps/sdsl-lite/build/lib/../include -I/Users/kazumichi/Downloads/BioHack26/PGGB_short_reads_mapping/software/vg/deps/sdsl-lite/build/lib/../external/libdivsufsort/include -I/Users/kazumichi/Downloads/BioHack26/PGGB_short_reads_mapping/software/vg/deps/sdsl-lite/include -fPIC -std=c++20 -O3 -Werror=return-type -ggdb -g   -Xpreprocessor -fopenmp -std=c++17 -DNDEBUG -stdlib=libc++ -O3 -DNDEBUG -arch arm64 -MD -MT lib/CMakeFiles/sdsl.dir/ram_filebuf.cpp.o -MF CMakeFiles/sdsl.dir/ram_filebuf.cpp.o.d -o CMakeFiles/sdsl.dir/ram_filebuf.cpp.o -c /Users/kazumichi/Downloads/BioHack26/PGGB_short_reads_mapping/software/vg/deps/sdsl-lite/lib/ram_filebuf.cpp
checking for string.h... yes
/Library/Developer/CommandLineTools/usr/bin/make  -f CMakeFiles/handlegraph_objs.dir/build.make CMakeFiles/handlegraph_objs.dir/depend
cd /Users/kazumichi/Downloads/BioHack26/PGGB_short_reads_mapping/software/vg/deps/libhandlegraph/build && /opt/homebrew/Caskroom/miniforge/base/envs/bh26/bin/cmake -E cmake_depends "Unix Makefiles" /Users/kazumichi/Downloads/BioHack26/PGGB_short_reads_mapping/software/vg/deps/libhandlegraph /Users/kazumichi/Downloads/BioHack26/PGGB_short_reads_mapping/software/vg/deps/libhandlegraph /Users/kazumichi/Downloads/BioHack26/PGGB_short_reads_mapping/software/vg/deps/libhandlegraph/build /Users/kazumichi/Downloads/BioHack26/PGGB_short_reads_mapping/software/vg/deps/libhandlegraph/build /Users/kazumichi/Downloads/BioHack26/PGGB_short_reads_mapping/software/vg/deps/libhandlegraph/build/CMakeFiles/handlegraph_objs.dir/DependInfo.cmake "--color=" handlegraph_objs
[ 71%] Building CXX object lib/CMakeFiles/sdsl.dir/ram_fs.cpp.o
cd /Users/kazumichi/Downloads/BioHack26/PGGB_short_reads_mapping/software/vg/deps/sdsl-lite/build/lib && /usr/bin/c++ -DMODE_TI -I/Users/kazumichi/Downloads/BioHack26/PGGB_short_reads_mapping/software/vg/deps/sdsl-lite/build/lib/../include -I/Users/kazumichi/Downloads/BioHack26/PGGB_short_reads_mapping/software/vg/deps/sdsl-lite/build/lib/../external/libdivsufsort/include -I/Users/kazumichi/Downloads/BioHack26/PGGB_short_reads_mapping/software/vg/deps/sdsl-lite/include -fPIC -std=c++20 -O3 -Werror=return-type -ggdb -g   -Xpreprocessor -fopenmp -std=c++17 -DNDEBUG -stdlib=libc++ -O3 -DNDEBUG -arch arm64 -MD -MT lib/CMakeFiles/sdsl.dir/ram_fs.cpp.o -MF CMakeFiles/sdsl.dir/ram_fs.cpp.o.d -o CMakeFiles/sdsl.dir/ram_fs.cpp.o -c /Users/kazumichi/Downloads/BioHack26/PGGB_short_reads_mapping/software/vg/deps/sdsl-lite/lib/ram_fs.cpp
Installing pixman/libpixman-1.0.dylib to /Users/kazumichi/Downloads/BioHack26/PGGB_short_reads_mapping/software/vg/lib
Skipping RPATH fixing
Installing pixman/libpixman-1.a to /Users/kazumichi/Downloads/BioHack26/PGGB_short_reads_mapping/software/vg/lib
Skipping RPATH fixing
Installing /Users/kazumichi/Downloads/BioHack26/PGGB_short_reads_mapping/software/vg/deps/pixman/pixman/pixman.h to /Users/kazumichi/Downloads/BioHack26/PGGB_short_reads_mapping/software/vg/include/pixman-1
Installing /Users/kazumichi/Downloads/BioHack26/PGGB_short_reads_mapping/software/vg/deps/pixman/build/pixman/pixman-version.h to /Users/kazumichi/Downloads/BioHack26/PGGB_short_reads_mapping/software/vg/include/pixman-1
Installing /Users/kazumichi/Downloads/BioHack26/PGGB_short_reads_mapping/software/vg/deps/pixman/build/meson-private/pixman-1.pc to /Users/kazumichi/Downloads/BioHack26/PGGB_short_reads_mapping/software/vg/lib/pkgconfig
Installing symlink pointing to libpixman-1.0.dylib to /Users/kazumichi/Downloads/BioHack26/PGGB_short_reads_mapping/software/vg/lib/libpixman-1.dylib
checking for inttypes.h... yes
[ 71%] Building CXX object lib/CMakeFiles/sdsl.dir/rrr_vector_15.cpp.o
cd /Users/kazumichi/Downloads/BioHack26/PGGB_short_reads_mapping/software/vg/deps/sdsl-lite/build/lib && /usr/bin/c++ -DMODE_TI -I/Users/kazumichi/Downloads/BioHack26/PGGB_short_reads_mapping/software/vg/deps/sdsl-lite/build/lib/../include -I/Users/kazumichi/Downloads/BioHack26/PGGB_short_reads_mapping/software/vg/deps/sdsl-lite/build/lib/../external/libdivsufsort/include -I/Users/kazumichi/Downloads/BioHack26/PGGB_short_reads_mapping/software/vg/deps/sdsl-lite/include -fPIC -std=c++20 -O3 -Werror=return-type -ggdb -g   -Xpreprocessor -fopenmp -std=c++17 -DNDEBUG -stdlib=libc++ -O3 -DNDEBUG -arch arm64 -MD -MT lib/CMakeFiles/sdsl.dir/rrr_vector_15.cpp.o -MF CMakeFiles/sdsl.dir/rrr_vector_15.cpp.o.d -o CMakeFiles/sdsl.dir/rrr_vector_15.cpp.o -c /Users/kazumichi/Downloads/BioHack26/PGGB_short_reads_mapping/software/vg/deps/sdsl-lite/lib/rrr_vector_15.cpp
checking for stdint.h... yes
checking for strings.h... yes
/Library/Developer/CommandLineTools/usr/bin/make  -f CMakeFiles/handlegraph_objs.dir/build.make CMakeFiles/handlegraph_objs.dir/build
make[3]: Nothing to be done for `CMakeFiles/handlegraph_objs.dir/build'.
checking for sys/stat.h... yes
[ 94%] Built target handlegraph_objs
/Library/Developer/CommandLineTools/usr/bin/make  -f CMakeFiles/handlegraph_shared.dir/build.make CMakeFiles/handlegraph_shared.dir/depend
cd /Users/kazumichi/Downloads/BioHack26/PGGB_short_reads_mapping/software/vg/deps/libhandlegraph/build && /opt/homebrew/Caskroom/miniforge/base/envs/bh26/bin/cmake -E cmake_depends "Unix Makefiles" /Users/kazumichi/Downloads/BioHack26/PGGB_short_reads_mapping/software/vg/deps/libhandlegraph /Users/kazumichi/Downloads/BioHack26/PGGB_short_reads_mapping/software/vg/deps/libhandlegraph /Users/kazumichi/Downloads/BioHack26/PGGB_short_reads_mapping/software/vg/deps/libhandlegraph/build /Users/kazumichi/Downloads/BioHack26/PGGB_short_reads_mapping/software/vg/deps/libhandlegraph/build /Users/kazumichi/Downloads/BioHack26/PGGB_short_reads_mapping/software/vg/deps/libhandlegraph/build/CMakeFiles/handlegraph_shared.dir/DependInfo.cmake "--color=" handlegraph_shared
-- Check size of unsigned long - done
-- Check size of unsigned long long
checking for sys/types.h... yes
/Library/Developer/CommandLineTools/usr/bin/make  -f CMakeFiles/handlegraph_shared.dir/build.make CMakeFiles/handlegraph_shared.dir/build
make[3]: Nothing to be done for `CMakeFiles/handlegraph_shared.dir/build'.
[ 97%] Built target handlegraph_shared
/Library/Developer/CommandLineTools/usr/bin/make  -f CMakeFiles/handlegraph_static.dir/build.make CMakeFiles/handlegraph_static.dir/depend
cd /Users/kazumichi/Downloads/BioHack26/PGGB_short_reads_mapping/software/vg/deps/libhandlegraph/build && /opt/homebrew/Caskroom/miniforge/base/envs/bh26/bin/cmake -E cmake_depends "Unix Makefiles" /Users/kazumichi/Downloads/BioHack26/PGGB_short_reads_mapping/software/vg/deps/libhandlegraph /Users/kazumichi/Downloads/BioHack26/PGGB_short_reads_mapping/software/vg/deps/libhandlegraph /Users/kazumichi/Downloads/BioHack26/PGGB_short_reads_mapping/software/vg/deps/libhandlegraph/build /Users/kazumichi/Downloads/BioHack26/PGGB_short_reads_mapping/software/vg/deps/libhandlegraph/build /Users/kazumichi/Downloads/BioHack26/PGGB_short_reads_mapping/software/vg/deps/libhandlegraph/build/CMakeFiles/handlegraph_static.dir/DependInfo.cmake "--color=" handlegraph_static
checking for unistd.h... yes
/Library/Developer/CommandLineTools/usr/bin/make  -f CMakeFiles/handlegraph_static.dir/build.make CMakeFiles/handlegraph_static.dir/build
make[3]: Nothing to be done for `CMakeFiles/handlegraph_static.dir/build'.
checking for sys/param.h... yes
[100%] Built target handlegraph_static
/opt/homebrew/Caskroom/miniforge/base/envs/bh26/bin/cmake -E cmake_progress_start /Users/kazumichi/Downloads/BioHack26/PGGB_short_reads_mapping/software/vg/deps/libhandlegraph/build/CMakeFiles 0
/Library/Developer/CommandLineTools/usr/bin/make  -f CMakeFiles/Makefile2 preinstall
[ 71%] Building CXX object lib/CMakeFiles/sdsl.dir/sd_vector.cpp.o
cd /Users/kazumichi/Downloads/BioHack26/PGGB_short_reads_mapping/software/vg/deps/sdsl-lite/build/lib && /usr/bin/c++ -DMODE_TI -I/Users/kazumichi/Downloads/BioHack26/PGGB_short_reads_mapping/software/vg/deps/sdsl-lite/build/lib/../include -I/Users/kazumichi/Downloads/BioHack26/PGGB_short_reads_mapping/software/vg/deps/sdsl-lite/build/lib/../external/libdivsufsort/include -I/Users/kazumichi/Downloads/BioHack26/PGGB_short_reads_mapping/software/vg/deps/sdsl-lite/include -fPIC -std=c++20 -O3 -Werror=return-type -ggdb -g   -Xpreprocessor -fopenmp -std=c++17 -DNDEBUG -stdlib=libc++ -O3 -DNDEBUG -arch arm64 -MD -MT lib/CMakeFiles/sdsl.dir/sd_vector.cpp.o -MF CMakeFiles/sdsl.dir/sd_vector.cpp.o.d -o CMakeFiles/sdsl.dir/sd_vector.cpp.o -c /Users/kazumichi/Downloads/BioHack26/PGGB_short_reads_mapping/software/vg/deps/sdsl-lite/lib/sd_vector.cpp
make[2]: Nothing to be done for `preinstall'.
checking whether _XOPEN_SOURCE is declared... no
Install the project...
/opt/homebrew/Caskroom/miniforge/base/envs/bh26/bin/cmake -P cmake_install.cmake
-- Install configuration: ""
-- Installing: /Users/kazumichi/Downloads/BioHack26/PGGB_short_reads_mapping/software/vg/lib/libhandlegraph.dylib
-- Installing: /Users/kazumichi/Downloads/BioHack26/PGGB_short_reads_mapping/software/vg/lib/libhandlegraph.a
[ 85%] Building CXX object lib/CMakeFiles/sdsl.dir/sfstream.cpp.o
cd /Users/kazumichi/Downloads/BioHack26/PGGB_short_reads_mapping/software/vg/deps/sdsl-lite/build/lib && /usr/bin/c++ -DMODE_TI -I/Users/kazumichi/Downloads/BioHack26/PGGB_short_reads_mapping/software/vg/deps/sdsl-lite/build/lib/../include -I/Users/kazumichi/Downloads/BioHack26/PGGB_short_reads_mapping/software/vg/deps/sdsl-lite/build/lib/../external/libdivsufsort/include -I/Users/kazumichi/Downloads/BioHack26/PGGB_short_reads_mapping/software/vg/deps/sdsl-lite/include -fPIC -std=c++20 -O3 -Werror=return-type -ggdb -g   -Xpreprocessor -fopenmp -std=c++17 -DNDEBUG -stdlib=libc++ -O3 -DNDEBUG -arch arm64 -MD -MT lib/CMakeFiles/sdsl.dir/sfstream.cpp.o -MF CMakeFiles/sdsl.dir/sfstream.cpp.o.d -o CMakeFiles/sdsl.dir/sfstream.cpp.o -c /Users/kazumichi/Downloads/BioHack26/PGGB_short_reads_mapping/software/vg/deps/sdsl-lite/lib/sfstream.cpp
[ 85%] Building CXX object lib/CMakeFiles/sdsl.dir/simple_sds.cpp.o
cd /Users/kazumichi/Downloads/BioHack26/PGGB_short_reads_mapping/software/vg/deps/sdsl-lite/build/lib && /usr/bin/c++ -DMODE_TI -I/Users/kazumichi/Downloads/BioHack26/PGGB_short_reads_mapping/software/vg/deps/sdsl-lite/build/lib/../include -I/Users/kazumichi/Downloads/BioHack26/PGGB_short_reads_mapping/software/vg/deps/sdsl-lite/build/lib/../external/libdivsufsort/include -I/Users/kazumichi/Downloads/BioHack26/PGGB_short_reads_mapping/software/vg/deps/sdsl-lite/include -fPIC -std=c++20 -O3 -Werror=return-type -ggdb -g   -Xpreprocessor -fopenmp -std=c++17 -DNDEBUG -stdlib=libc++ -O3 -DNDEBUG -arch arm64 -MD -MT lib/CMakeFiles/sdsl.dir/simple_sds.cpp.o -MF CMakeFiles/sdsl.dir/simple_sds.cpp.o.d -o CMakeFiles/sdsl.dir/simple_sds.cpp.o -c /Users/kazumichi/Downloads/BioHack26/PGGB_short_reads_mapping/software/vg/deps/sdsl-lite/lib/simple_sds.cpp
-- Check size of unsigned long long - done
-- Performing Test HAVE___FUNCTION__
checking C compiler flags needed for sse4.1... none
-- Installing: /Users/kazumichi/Downloads/BioHack26/PGGB_short_reads_mapping/software/vg/include/handlegraph
-- Installing: /Users/kazumichi/Downloads/BioHack26/PGGB_short_reads_mapping/software/vg/include/handlegraph/expanding_overlay_graph.hpp
-- Installing: /Users/kazumichi/Downloads/BioHack26/PGGB_short_reads_mapping/software/vg/include/handlegraph/snarl_decomposition.hpp
-- Installing: /Users/kazumichi/Downloads/BioHack26/PGGB_short_reads_mapping/software/vg/include/handlegraph/deletable_handle_graph.hpp
-- Installing: /Users/kazumichi/Downloads/BioHack26/PGGB_short_reads_mapping/software/vg/include/handlegraph/buildable_snarl_decomposition.hpp
-- Installing: /Users/kazumichi/Downloads/BioHack26/PGGB_short_reads_mapping/software/vg/include/handlegraph/path_handle_graph.hpp
-- Installing: /Users/kazumichi/Downloads/BioHack26/PGGB_short_reads_mapping/software/vg/include/handlegraph/named_node_back_translation.hpp
-- Installing: /Users/kazumichi/Downloads/BioHack26/PGGB_short_reads_mapping/software/vg/include/handlegraph/serializable.hpp
-- Installing: /Users/kazumichi/Downloads/BioHack26/PGGB_short_reads_mapping/software/vg/include/handlegraph/algorithms
-- Installing: /Users/kazumichi/Downloads/BioHack26/PGGB_short_reads_mapping/software/vg/include/handlegraph/algorithms/copy_graph.hpp
-- Installing: /Users/kazumichi/Downloads/BioHack26/PGGB_short_reads_mapping/software/vg/include/handlegraph/algorithms/are_equivalent.hpp
-- Installing: /Users/kazumichi/Downloads/BioHack26/PGGB_short_reads_mapping/software/vg/include/handlegraph/algorithms/find_tips.hpp
-- Installing: /Users/kazumichi/Downloads/BioHack26/PGGB_short_reads_mapping/software/vg/include/handlegraph/algorithms/chop.hpp
-- Installing: /Users/kazumichi/Downloads/BioHack26/PGGB_short_reads_mapping/software/vg/include/handlegraph/algorithms/find_shortest_paths.hpp
-- Installing: /Users/kazumichi/Downloads/BioHack26/PGGB_short_reads_mapping/software/vg/include/handlegraph/algorithms/is_acyclic.hpp
-- Installing: /Users/kazumichi/Downloads/BioHack26/PGGB_short_reads_mapping/software/vg/include/handlegraph/algorithms/weakly_connected_components.hpp
-- Installing: /Users/kazumichi/Downloads/BioHack26/PGGB_short_reads_mapping/software/vg/include/handlegraph/algorithms/internal
-- Installing: /Users/kazumichi/Downloads/BioHack26/PGGB_short_reads_mapping/software/vg/include/handlegraph/algorithms/internal/dfs.hpp
-- Installing: /Users/kazumichi/Downloads/BioHack26/PGGB_short_reads_mapping/software/vg/include/handlegraph/algorithms/extend.hpp
-- Installing: /Users/kazumichi/Downloads/BioHack26/PGGB_short_reads_mapping/software/vg/include/handlegraph/algorithms/is_single_stranded.hpp
-- Installing: /Users/kazumichi/Downloads/BioHack26/PGGB_short_reads_mapping/software/vg/include/handlegraph/algorithms/count_walks.hpp
-- Installing: /Users/kazumichi/Downloads/BioHack26/PGGB_short_reads_mapping/software/vg/include/handlegraph/algorithms/topological_sort.hpp
-- Installing: /Users/kazumichi/Downloads/BioHack26/PGGB_short_reads_mapping/software/vg/include/handlegraph/algorithms/split_strands.hpp
-- Installing: /Users/kazumichi/Downloads/BioHack26/PGGB_short_reads_mapping/software/vg/include/handlegraph/algorithms/apply_orientations.hpp
-- Installing: /Users/kazumichi/Downloads/BioHack26/PGGB_short_reads_mapping/software/vg/include/handlegraph/algorithms/canonical_gfa.hpp
-- Installing: /Users/kazumichi/Downloads/BioHack26/PGGB_short_reads_mapping/software/vg/include/handlegraph/algorithms/strongly_connected_components.hpp
-- Installing: /Users/kazumichi/Downloads/BioHack26/PGGB_short_reads_mapping/software/vg/include/handlegraph/algorithms/dijkstra.hpp
-- Installing: /Users/kazumichi/Downloads/BioHack26/PGGB_short_reads_mapping/software/vg/include/handlegraph/algorithms/append_graph.hpp
-- Installing: /Users/kazumichi/Downloads/BioHack26/PGGB_short_reads_mapping/software/vg/include/handlegraph/algorithms/reverse_complement.hpp
-- Installing: /Users/kazumichi/Downloads/BioHack26/PGGB_short_reads_mapping/software/vg/include/handlegraph/algorithms/dagify.hpp
-- Installing: /Users/kazumichi/Downloads/BioHack26/PGGB_short_reads_mapping/software/vg/include/handlegraph/algorithms/eades_algorithm.hpp
-- Installing: /Users/kazumichi/Downloads/BioHack26/PGGB_short_reads_mapping/software/vg/include/handlegraph/mutable_path_metadata.hpp
-- Installing: /Users/kazumichi/Downloads/BioHack26/PGGB_short_reads_mapping/software/vg/include/handlegraph/handle_graph.hpp
-- Installing: /Users/kazumichi/Downloads/BioHack26/PGGB_short_reads_mapping/software/vg/include/handlegraph/mutable_handle_graph.hpp
-- Installing: /Users/kazumichi/Downloads/BioHack26/PGGB_short_reads_mapping/software/vg/include/handlegraph/path_position_handle_graph.hpp
-- Installing: /Users/kazumichi/Downloads/BioHack26/PGGB_short_reads_mapping/software/vg/include/handlegraph/trivially_serializable.hpp
-- Installing: /Users/kazumichi/Downloads/BioHack26/PGGB_short_reads_mapping/software/vg/include/handlegraph/serializable_handle_graph.hpp
-- Installing: /Users/kazumichi/Downloads/BioHack26/PGGB_short_reads_mapping/software/vg/include/handlegraph/iteratee.hpp
-- Installing: /Users/kazumichi/Downloads/BioHack26/PGGB_short_reads_mapping/software/vg/include/handlegraph/mutable_path_handle_graph.hpp
-- Installing: /Users/kazumichi/Downloads/BioHack26/PGGB_short_reads_mapping/software/vg/include/handlegraph/mutable_path_mutable_handle_graph.hpp
-- Installing: /Users/kazumichi/Downloads/BioHack26/PGGB_short_reads_mapping/software/vg/include/handlegraph/util.hpp
-- Installing: /Users/kazumichi/Downloads/BioHack26/PGGB_short_reads_mapping/software/vg/include/handlegraph/types.hpp
-- Installing: /Users/kazumichi/Downloads/BioHack26/PGGB_short_reads_mapping/software/vg/include/handlegraph/path_metadata.hpp
-- Installing: /Users/kazumichi/Downloads/BioHack26/PGGB_short_reads_mapping/software/vg/include/handlegraph/mutable_path_deletable_handle_graph.hpp
-- Installing: /Users/kazumichi/Downloads/BioHack26/PGGB_short_reads_mapping/software/vg/lib/cmake/libhandlegraph/libhandlegraphTargets.cmake
-- Installing: /Users/kazumichi/Downloads/BioHack26/PGGB_short_reads_mapping/software/vg/lib/cmake/libhandlegraph/libhandlegraphTargets-noconfig.cmake
-- Installing: /Users/kazumichi/Downloads/BioHack26/PGGB_short_reads_mapping/software/vg/lib/cmake/libhandlegraph/libhandlegraphConfig.cmake
-- Installing: /Users/kazumichi/Downloads/BioHack26/PGGB_short_reads_mapping/software/vg/lib/cmake/libhandlegraph/libhandlegraphConfigVersion.cmake
[ 85%] Building CXX object lib/CMakeFiles/sdsl.dir/structure_tree.cpp.o
cd /Users/kazumichi/Downloads/BioHack26/PGGB_short_reads_mapping/software/vg/deps/sdsl-lite/build/lib && /usr/bin/c++ -DMODE_TI -I/Users/kazumichi/Downloads/BioHack26/PGGB_short_reads_mapping/software/vg/deps/sdsl-lite/build/lib/../include -I/Users/kazumichi/Downloads/BioHack26/PGGB_short_reads_mapping/software/vg/deps/sdsl-lite/build/lib/../external/libdivsufsort/include -I/Users/kazumichi/Downloads/BioHack26/PGGB_short_reads_mapping/software/vg/deps/sdsl-lite/include -fPIC -std=c++20 -O3 -Werror=return-type -ggdb -g   -Xpreprocessor -fopenmp -std=c++17 -DNDEBUG -stdlib=libc++ -O3 -DNDEBUG -arch arm64 -MD -MT lib/CMakeFiles/sdsl.dir/structure_tree.cpp.o -MF CMakeFiles/sdsl.dir/structure_tree.cpp.o.d -o CMakeFiles/sdsl.dir/structure_tree.cpp.o -c /Users/kazumichi/Downloads/BioHack26/PGGB_short_reads_mapping/software/vg/deps/sdsl-lite/lib/structure_tree.cpp
checking C compiler flags needed for avx2... none
[ 85%] Building CXX object lib/CMakeFiles/sdsl.dir/uint128_t.cpp.o
cd /Users/kazumichi/Downloads/BioHack26/PGGB_short_reads_mapping/software/vg/deps/sdsl-lite/build/lib && /usr/bin/c++ -DMODE_TI -I/Users/kazumichi/Downloads/BioHack26/PGGB_short_reads_mapping/software/vg/deps/sdsl-lite/build/lib/../include -I/Users/kazumichi/Downloads/BioHack26/PGGB_short_reads_mapping/software/vg/deps/sdsl-lite/build/lib/../external/libdivsufsort/include -I/Users/kazumichi/Downloads/BioHack26/PGGB_short_reads_mapping/software/vg/deps/sdsl-lite/include -fPIC -std=c++20 -O3 -Werror=return-type -ggdb -g   -Xpreprocessor -fopenmp -std=c++17 -DNDEBUG -stdlib=libc++ -O3 -DNDEBUG -arch arm64 -MD -MT lib/CMakeFiles/sdsl.dir/uint128_t.cpp.o -MF CMakeFiles/sdsl.dir/uint128_t.cpp.o.d -o CMakeFiles/sdsl.dir/uint128_t.cpp.o -c /Users/kazumichi/Downloads/BioHack26/PGGB_short_reads_mapping/software/vg/deps/sdsl-lite/lib/uint128_t.cpp
[100%] Building CXX object lib/CMakeFiles/sdsl.dir/uint256_t.cpp.o
cd /Users/kazumichi/Downloads/BioHack26/PGGB_short_reads_mapping/software/vg/deps/sdsl-lite/build/lib && /usr/bin/c++ -DMODE_TI -I/Users/kazumichi/Downloads/BioHack26/PGGB_short_reads_mapping/software/vg/deps/sdsl-lite/build/lib/../include -I/Users/kazumichi/Downloads/BioHack26/PGGB_short_reads_mapping/software/vg/deps/sdsl-lite/build/lib/../external/libdivsufsort/include -I/Users/kazumichi/Downloads/BioHack26/PGGB_short_reads_mapping/software/vg/deps/sdsl-lite/include -fPIC -std=c++20 -O3 -Werror=return-type -ggdb -g   -Xpreprocessor -fopenmp -std=c++17 -DNDEBUG -stdlib=libc++ -O3 -DNDEBUG -arch arm64 -MD -MT lib/CMakeFiles/sdsl.dir/uint256_t.cpp.o -MF CMakeFiles/sdsl.dir/uint256_t.cpp.o.d -o CMakeFiles/sdsl.dir/uint256_t.cpp.o -c /Users/kazumichi/Downloads/BioHack26/PGGB_short_reads_mapping/software/vg/deps/sdsl-lite/lib/uint256_t.cpp
checking C compiler flags needed for avx512f... none
checking for aarch64-apple-darwin25.6.0-pkg-config... no
checking for pkg-config... /opt/homebrew/Caskroom/miniforge/base/envs/bh26/bin/pkg-config
-- Performing Test HAVE___FUNCTION__ - Failed
-- Looking for xmlCtxtUseOptions
checking pkg-config is at least version 0.9.0... yes
[100%] Building CXX object lib/CMakeFiles/sdsl.dir/util.cpp.o
cd /Users/kazumichi/Downloads/BioHack26/PGGB_short_reads_mapping/software/vg/deps/sdsl-lite/build/lib && /usr/bin/c++ -DMODE_TI -I/Users/kazumichi/Downloads/BioHack26/PGGB_short_reads_mapping/software/vg/deps/sdsl-lite/build/lib/../include -I/Users/kazumichi/Downloads/BioHack26/PGGB_short_reads_mapping/software/vg/deps/sdsl-lite/build/lib/../external/libdivsufsort/include -I/Users/kazumichi/Downloads/BioHack26/PGGB_short_reads_mapping/software/vg/deps/sdsl-lite/include -fPIC -std=c++20 -O3 -Werror=return-type -ggdb -g   -Xpreprocessor -fopenmp -std=c++17 -DNDEBUG -stdlib=libc++ -O3 -DNDEBUG -arch arm64 -MD -MT lib/CMakeFiles/sdsl.dir/util.cpp.o -MF CMakeFiles/sdsl.dir/util.cpp.o.d -o CMakeFiles/sdsl.dir/util.cpp.o -c /Users/kazumichi/Downloads/BioHack26/PGGB_short_reads_mapping/software/vg/deps/sdsl-lite/lib/util.cpp
checking for cc option to enable large file support... none needed
checking shared library type for aarch64-apple-darwin25.6.0... Darwin dylib
[100%] Building CXX object lib/CMakeFiles/sdsl.dir/wt_helper.cpp.o
cd /Users/kazumichi/Downloads/BioHack26/PGGB_short_reads_mapping/software/vg/deps/sdsl-lite/build/lib && /usr/bin/c++ -DMODE_TI -I/Users/kazumichi/Downloads/BioHack26/PGGB_short_reads_mapping/software/vg/deps/sdsl-lite/build/lib/../include -I/Users/kazumichi/Downloads/BioHack26/PGGB_short_reads_mapping/software/vg/deps/sdsl-lite/build/lib/../external/libdivsufsort/include -I/Users/kazumichi/Downloads/BioHack26/PGGB_short_reads_mapping/software/vg/deps/sdsl-lite/include -fPIC -std=c++20 -O3 -Werror=return-type -ggdb -g   -Xpreprocessor -fopenmp -std=c++17 -DNDEBUG -stdlib=libc++ -O3 -DNDEBUG -arch arm64 -MD -MT lib/CMakeFiles/sdsl.dir/wt_helper.cpp.o -MF CMakeFiles/sdsl.dir/wt_helper.cpp.o.d -o CMakeFiles/sdsl.dir/wt_helper.cpp.o -c /Users/kazumichi/Downloads/BioHack26/PGGB_short_reads_mapping/software/vg/deps/sdsl-lite/lib/wt_helper.cpp
checking whether the compiler accepts -fvisibility=hidden... yes
checking build system type... aarch64-apple-darwin25.6.0
checking host system type... aarch64-apple-darwin25.6.0
-- Looking for xmlCtxtUseOptions - found
-- Looking for xmlSAX2InternalSubset
checking for getpagesize... yes
-- Looking for xmlSAX2InternalSubset - found
-- Performing Test RAPTOR_LIBXML_ENTITY_NAME_LENGTH
checking for working mmap... yes
-- Performing Test RAPTOR_LIBXML_ENTITY_NAME_LENGTH - Failed
-- Performing Test RAPTOR_LIBXML_ENTITY_ETYPE
checking for gmtime_r... yes
[100%] Linking CXX static library libsdsl.a
cd /Users/kazumichi/Downloads/BioHack26/PGGB_short_reads_mapping/software/vg/deps/sdsl-lite/build/lib && /opt/homebrew/Caskroom/miniforge/base/envs/bh26/bin/cmake -P CMakeFiles/sdsl.dir/cmake_clean_target.cmake
cd /Users/kazumichi/Downloads/BioHack26/PGGB_short_reads_mapping/software/vg/deps/sdsl-lite/build/lib && /opt/homebrew/Caskroom/miniforge/base/envs/bh26/bin/cmake -E cmake_link_script CMakeFiles/sdsl.dir/link.txt --verbose=1
checking for fsync... yes
/usr/bin/ar qc libsdsl.a CMakeFiles/sdsl.dir/bits.cpp.o CMakeFiles/sdsl.dir/bp_support_algorithm.cpp.o CMakeFiles/sdsl.dir/coder_elias_delta.cpp.o CMakeFiles/sdsl.dir/coder_elias_gamma.cpp.o CMakeFiles/sdsl.dir/coder_fibonacci.cpp.o CMakeFiles/sdsl.dir/config.cpp.o CMakeFiles/sdsl.dir/construct_config.cpp.o CMakeFiles/sdsl.dir/construct_isa.cpp.o CMakeFiles/sdsl.dir/construct_lcp.cpp.o CMakeFiles/sdsl.dir/construct_lcp_helper.cpp.o CMakeFiles/sdsl.dir/construct_sa.cpp.o CMakeFiles/sdsl.dir/construct_sa_se.cpp.o CMakeFiles/sdsl.dir/csa_alphabet_strategy.cpp.o CMakeFiles/sdsl.dir/io.cpp.o CMakeFiles/sdsl.dir/lcp_support_tree.cpp.o CMakeFiles/sdsl.dir/louds_tree.cpp.o CMakeFiles/sdsl.dir/memory_management.cpp.o CMakeFiles/sdsl.dir/nn_dict_dynamic.cpp.o CMakeFiles/sdsl.dir/ram_filebuf.cpp.o CMakeFiles/sdsl.dir/ram_fs.cpp.o CMakeFiles/sdsl.dir/rrr_vector_15.cpp.o CMakeFiles/sdsl.dir/sd_vector.cpp.o CMakeFiles/sdsl.dir/sfstream.cpp.o CMakeFiles/sdsl.dir/simple_sds.cpp.o CMakeFiles/sdsl.dir/structure_tree.cpp.o CMakeFiles/sdsl.dir/uint128_t.cpp.o CMakeFiles/sdsl.dir/uint256_t.cpp.o CMakeFiles/sdsl.dir/util.cpp.o CMakeFiles/sdsl.dir/wt_helper.cpp.o
/usr/bin/ranlib libsdsl.a
[100%] Built target sdsl
/opt/homebrew/Caskroom/miniforge/base/envs/bh26/bin/cmake -E cmake_progress_start /Users/kazumichi/Downloads/BioHack26/PGGB_short_reads_mapping/software/vg/deps/sdsl-lite/build/CMakeFiles 0
checking for drand48... yes
Removing old files
rm -rf '/Users/kazumichi/Downloads/BioHack26/PGGB_short_reads_mapping/software/vg/include/sdsl/*'
rm -f '/Users/kazumichi/Downloads/BioHack26/PGGB_short_reads_mapping/software/vg/lib/libsdsl*'
-- Performing Test RAPTOR_LIBXML_ENTITY_ETYPE - Success
-- Performing Test RAPTOR_LIBXML_XMLSAXHANDLER_INITIALIZED
/opt/homebrew/Caskroom/miniforge/base/envs/bh26/bin/cmake -S/Users/kazumichi/Downloads/BioHack26/PGGB_short_reads_mapping/software/vg/deps/sdsl-lite -B/Users/kazumichi/Downloads/BioHack26/PGGB_short_reads_mapping/software/vg/deps/sdsl-lite/build --check-build-system CMakeFiles/Makefile.cmake 0
/opt/homebrew/Caskroom/miniforge/base/envs/bh26/bin/cmake -E cmake_progress_start /Users/kazumichi/Downloads/BioHack26/PGGB_short_reads_mapping/software/vg/deps/sdsl-lite/build/CMakeFiles /Users/kazumichi/Downloads/BioHack26/PGGB_short_reads_mapping/software/vg/deps/sdsl-lite/build//CMakeFiles/progress.marks
checking for srand48_deterministic... no
/Library/Developer/CommandLineTools/usr/bin/make  -f CMakeFiles/Makefile2 all
/Library/Developer/CommandLineTools/usr/bin/make  -f external/libdivsufsort/lib/CMakeFiles/divsufsort.dir/build.make external/libdivsufsort/lib/CMakeFiles/divsufsort.dir/depend
/Library/Developer/CommandLineTools/usr/bin/make  -f external/libdivsufsort/lib/CMakeFiles/divsufsort64.dir/build.make external/libdivsufsort/lib/CMakeFiles/divsufsort64.dir/depend
/Library/Developer/CommandLineTools/usr/bin/make  -f external/googletest/googletest/CMakeFiles/gtest.dir/build.make external/googletest/googletest/CMakeFiles/gtest.dir/depend
/Library/Developer/CommandLineTools/usr/bin/make  -f lib/CMakeFiles/sdsl.dir/build.make lib/CMakeFiles/sdsl.dir/depend
cd /Users/kazumichi/Downloads/BioHack26/PGGB_short_reads_mapping/software/vg/deps/sdsl-lite/build && /opt/homebrew/Caskroom/miniforge/base/envs/bh26/bin/cmake -E cmake_depends "Unix Makefiles" /Users/kazumichi/Downloads/BioHack26/PGGB_short_reads_mapping/software/vg/deps/sdsl-lite /Users/kazumichi/Downloads/BioHack26/PGGB_short_reads_mapping/software/vg/deps/sdsl-lite/external/libdivsufsort/lib /Users/kazumichi/Downloads/BioHack26/PGGB_short_reads_mapping/software/vg/deps/sdsl-lite/build /Users/kazumichi/Downloads/BioHack26/PGGB_short_reads_mapping/software/vg/deps/sdsl-lite/build/external/libdivsufsort/lib /Users/kazumichi/Downloads/BioHack26/PGGB_short_reads_mapping/software/vg/deps/sdsl-lite/build/external/libdivsufsort/lib/CMakeFiles/divsufsort.dir/DependInfo.cmake "--color=" divsufsort
cd /Users/kazumichi/Downloads/BioHack26/PGGB_short_reads_mapping/software/vg/deps/sdsl-lite/build && /opt/homebrew/Caskroom/miniforge/base/envs/bh26/bin/cmake -E cmake_depends "Unix Makefiles" /Users/kazumichi/Downloads/BioHack26/PGGB_short_reads_mapping/software/vg/deps/sdsl-lite /Users/kazumichi/Downloads/BioHack26/PGGB_short_reads_mapping/software/vg/deps/sdsl-lite/lib /Users/kazumichi/Downloads/BioHack26/PGGB_short_reads_mapping/software/vg/deps/sdsl-lite/build /Users/kazumichi/Downloads/BioHack26/PGGB_short_reads_mapping/software/vg/deps/sdsl-lite/build/lib /Users/kazumichi/Downloads/BioHack26/PGGB_short_reads_mapping/software/vg/deps/sdsl-lite/build/lib/CMakeFiles/sdsl.dir/DependInfo.cmake "--color=" sdsl
cd /Users/kazumichi/Downloads/BioHack26/PGGB_short_reads_mapping/software/vg/deps/sdsl-lite/build && /opt/homebrew/Caskroom/miniforge/base/envs/bh26/bin/cmake -E cmake_depends "Unix Makefiles" /Users/kazumichi/Downloads/BioHack26/PGGB_short_reads_mapping/software/vg/deps/sdsl-lite /Users/kazumichi/Downloads/BioHack26/PGGB_short_reads_mapping/software/vg/deps/sdsl-lite/external/libdivsufsort/lib /Users/kazumichi/Downloads/BioHack26/PGGB_short_reads_mapping/software/vg/deps/sdsl-lite/build /Users/kazumichi/Downloads/BioHack26/PGGB_short_reads_mapping/software/vg/deps/sdsl-lite/build/external/libdivsufsort/lib /Users/kazumichi/Downloads/BioHack26/PGGB_short_reads_mapping/software/vg/deps/sdsl-lite/build/external/libdivsufsort/lib/CMakeFiles/divsufsort64.dir/DependInfo.cmake "--color=" divsufsort64
cd /Users/kazumichi/Downloads/BioHack26/PGGB_short_reads_mapping/software/vg/deps/sdsl-lite/build && /opt/homebrew/Caskroom/miniforge/base/envs/bh26/bin/cmake -E cmake_depends "Unix Makefiles" /Users/kazumichi/Downloads/BioHack26/PGGB_short_reads_mapping/software/vg/deps/sdsl-lite /Users/kazumichi/Downloads/BioHack26/PGGB_short_reads_mapping/software/vg/deps/sdsl-lite/external/googletest/googletest /Users/kazumichi/Downloads/BioHack26/PGGB_short_reads_mapping/software/vg/deps/sdsl-lite/build /Users/kazumichi/Downloads/BioHack26/PGGB_short_reads_mapping/software/vg/deps/sdsl-lite/build/external/googletest/googletest /Users/kazumichi/Downloads/BioHack26/PGGB_short_reads_mapping/software/vg/deps/sdsl-lite/build/external/googletest/googletest/CMakeFiles/gtest.dir/DependInfo.cmake "--color=" gtest
/Library/Developer/CommandLineTools/usr/bin/make  -f external/libdivsufsort/lib/CMakeFiles/divsufsort.dir/build.make external/libdivsufsort/lib/CMakeFiles/divsufsort.dir/build
/Library/Developer/CommandLineTools/usr/bin/make  -f external/googletest/googletest/CMakeFiles/gtest.dir/build.make external/googletest/googletest/CMakeFiles/gtest.dir/build
/Library/Developer/CommandLineTools/usr/bin/make  -f external/libdivsufsort/lib/CMakeFiles/divsufsort64.dir/build.make external/libdivsufsort/lib/CMakeFiles/divsufsort64.dir/build
checking whether fdatasync is declared... no
[  0%] Building C object external/libdivsufsort/lib/CMakeFiles/divsufsort.dir/trsort.c.o
[  0%] Building C object external/libdivsufsort/lib/CMakeFiles/divsufsort.dir/sssort.c.o
cd /Users/kazumichi/Downloads/BioHack26/PGGB_short_reads_mapping/software/vg/deps/sdsl-lite/build/external/libdivsufsort/lib && /usr/bin/cc -DHAVE_CONFIG_H=1 -DMODE_TI -D__STDC_CONSTANT_MACROS -D__STDC_FORMAT_MACROS -D__STDC_LIMIT_MACROS -I/Users/kazumichi/Downloads/BioHack26/PGGB_short_reads_mapping/software/vg/deps/sdsl-lite/external/libdivsufsort/lib/../include -I/Users/kazumichi/Downloads/BioHack26/PGGB_short_reads_mapping/software/vg/deps/sdsl-lite/build/external/libdivsufsort/lib/../include -Wall -O3 -DNDEBUG -fomit-frame-pointer -arch arm64 -MD -MT external/libdivsufsort/lib/CMakeFiles/divsufsort.dir/trsort.c.o -MF CMakeFiles/divsufsort.dir/trsort.c.o.d -o CMakeFiles/divsufsort.dir/trsort.c.o -c /Users/kazumichi/Downloads/BioHack26/PGGB_short_reads_mapping/software/vg/deps/sdsl-lite/external/libdivsufsort/lib/trsort.c
cd /Users/kazumichi/Downloads/BioHack26/PGGB_short_reads_mapping/software/vg/deps/sdsl-lite/build/external/libdivsufsort/lib && /usr/bin/cc -DHAVE_CONFIG_H=1 -DMODE_TI -D__STDC_CONSTANT_MACROS -D__STDC_FORMAT_MACROS -D__STDC_LIMIT_MACROS -I/Users/kazumichi/Downloads/BioHack26/PGGB_short_reads_mapping/software/vg/deps/sdsl-lite/external/libdivsufsort/lib/../include -I/Users/kazumichi/Downloads/BioHack26/PGGB_short_reads_mapping/software/vg/deps/sdsl-lite/build/external/libdivsufsort/lib/../include -Wall -O3 -DNDEBUG -fomit-frame-pointer -arch arm64 -MD -MT external/libdivsufsort/lib/CMakeFiles/divsufsort.dir/sssort.c.o -MF CMakeFiles/divsufsort.dir/sssort.c.o.d -o CMakeFiles/divsufsort.dir/sssort.c.o -c /Users/kazumichi/Downloads/BioHack26/PGGB_short_reads_mapping/software/vg/deps/sdsl-lite/external/libdivsufsort/lib/sssort.c
[  9%] Building C object external/libdivsufsort/lib/CMakeFiles/divsufsort.dir/divsufsort.c.o
[  9%] Building C object external/libdivsufsort/lib/CMakeFiles/divsufsort.dir/utils.c.o
cd /Users/kazumichi/Downloads/BioHack26/PGGB_short_reads_mapping/software/vg/deps/sdsl-lite/build/external/libdivsufsort/lib && /usr/bin/cc -DHAVE_CONFIG_H=1 -DMODE_TI -D__STDC_CONSTANT_MACROS -D__STDC_FORMAT_MACROS -D__STDC_LIMIT_MACROS -I/Users/kazumichi/Downloads/BioHack26/PGGB_short_reads_mapping/software/vg/deps/sdsl-lite/external/libdivsufsort/lib/../include -I/Users/kazumichi/Downloads/BioHack26/PGGB_short_reads_mapping/software/vg/deps/sdsl-lite/build/external/libdivsufsort/lib/../include -Wall -O3 -DNDEBUG -fomit-frame-pointer -arch arm64 -MD -MT external/libdivsufsort/lib/CMakeFiles/divsufsort.dir/divsufsort.c.o -MF CMakeFiles/divsufsort.dir/divsufsort.c.o.d -o CMakeFiles/divsufsort.dir/divsufsort.c.o -c /Users/kazumichi/Downloads/BioHack26/PGGB_short_reads_mapping/software/vg/deps/sdsl-lite/external/libdivsufsort/lib/divsufsort.c
cd /Users/kazumichi/Downloads/BioHack26/PGGB_short_reads_mapping/software/vg/deps/sdsl-lite/build/external/libdivsufsort/lib && /usr/bin/cc -DHAVE_CONFIG_H=1 -DMODE_TI -D__STDC_CONSTANT_MACROS -D__STDC_FORMAT_MACROS -D__STDC_LIMIT_MACROS -I/Users/kazumichi/Downloads/BioHack26/PGGB_short_reads_mapping/software/vg/deps/sdsl-lite/external/libdivsufsort/lib/../include -I/Users/kazumichi/Downloads/BioHack26/PGGB_short_reads_mapping/software/vg/deps/sdsl-lite/build/external/libdivsufsort/lib/../include -Wall -O3 -DNDEBUG -fomit-frame-pointer -arch arm64 -MD -MT external/libdivsufsort/lib/CMakeFiles/divsufsort.dir/utils.c.o -MF CMakeFiles/divsufsort.dir/utils.c.o.d -o CMakeFiles/divsufsort.dir/utils.c.o -c /Users/kazumichi/Downloads/BioHack26/PGGB_short_reads_mapping/software/vg/deps/sdsl-lite/external/libdivsufsort/lib/utils.c
[  9%] Building CXX object external/googletest/googletest/CMakeFiles/gtest.dir/src/gtest-all.cc.o
cd /Users/kazumichi/Downloads/BioHack26/PGGB_short_reads_mapping/software/vg/deps/sdsl-lite/build/external/googletest/googletest && /usr/bin/c++ -DMODE_TI -I/Users/kazumichi/Downloads/BioHack26/PGGB_short_reads_mapping/software/vg/deps/sdsl-lite/external/googletest/googletest/include -I/Users/kazumichi/Downloads/BioHack26/PGGB_short_reads_mapping/software/vg/deps/sdsl-lite/external/googletest/googletest -fPIC -std=c++20 -O3 -Werror=return-type -ggdb -g   -Xpreprocessor -fopenmp -std=c++17 -DNDEBUG -stdlib=libc++ -O3 -DNDEBUG -arch arm64  -DGTEST_HAS_PTHREAD=1   -MD -MT external/googletest/googletest/CMakeFiles/gtest.dir/src/gtest-all.cc.o -MF CMakeFiles/gtest.dir/src/gtest-all.cc.o.d -o CMakeFiles/gtest.dir/src/gtest-all.cc.o -c /Users/kazumichi/Downloads/BioHack26/PGGB_short_reads_mapping/software/vg/deps/sdsl-lite/external/googletest/googletest/src/gtest-all.cc
[ 18%] Building C object external/libdivsufsort/lib/CMakeFiles/divsufsort64.dir/trsort.c.o
cd /Users/kazumichi/Downloads/BioHack26/PGGB_short_reads_mapping/software/vg/deps/sdsl-lite/build/external/libdivsufsort/lib && /usr/bin/cc -DHAVE_CONFIG_H=1 -DMODE_TI -D__STDC_CONSTANT_MACROS -D__STDC_FORMAT_MACROS -D__STDC_LIMIT_MACROS -I/Users/kazumichi/Downloads/BioHack26/PGGB_short_reads_mapping/software/vg/deps/sdsl-lite/external/libdivsufsort/lib/../include -I/Users/kazumichi/Downloads/BioHack26/PGGB_short_reads_mapping/software/vg/deps/sdsl-lite/build/external/libdivsufsort/lib/../include -Wall -O3 -DNDEBUG -fomit-frame-pointer -arch arm64 -DBUILD_DIVSUFSORT64 -MD -MT external/libdivsufsort/lib/CMakeFiles/divsufsort64.dir/trsort.c.o -MF CMakeFiles/divsufsort64.dir/trsort.c.o.d -o CMakeFiles/divsufsort64.dir/trsort.c.o -c /Users/kazumichi/Downloads/BioHack26/PGGB_short_reads_mapping/software/vg/deps/sdsl-lite/external/libdivsufsort/lib/trsort.c
[ 18%] Building C object external/libdivsufsort/lib/CMakeFiles/divsufsort64.dir/utils.c.o
[ 18%] Building C object external/libdivsufsort/lib/CMakeFiles/divsufsort64.dir/divsufsort.c.o
cd /Users/kazumichi/Downloads/BioHack26/PGGB_short_reads_mapping/software/vg/deps/sdsl-lite/build/external/libdivsufsort/lib && /usr/bin/cc -DHAVE_CONFIG_H=1 -DMODE_TI -D__STDC_CONSTANT_MACROS -D__STDC_FORMAT_MACROS -D__STDC_LIMIT_MACROS -I/Users/kazumichi/Downloads/BioHack26/PGGB_short_reads_mapping/software/vg/deps/sdsl-lite/external/libdivsufsort/lib/../include -I/Users/kazumichi/Downloads/BioHack26/PGGB_short_reads_mapping/software/vg/deps/sdsl-lite/build/external/libdivsufsort/lib/../include -Wall -O3 -DNDEBUG -fomit-frame-pointer -arch arm64 -DBUILD_DIVSUFSORT64 -MD -MT external/libdivsufsort/lib/CMakeFiles/divsufsort64.dir/utils.c.o -MF CMakeFiles/divsufsort64.dir/utils.c.o.d -o CMakeFiles/divsufsort64.dir/utils.c.o -c /Users/kazumichi/Downloads/BioHack26/PGGB_short_reads_mapping/software/vg/deps/sdsl-lite/external/libdivsufsort/lib/utils.c
cd /Users/kazumichi/Downloads/BioHack26/PGGB_short_reads_mapping/software/vg/deps/sdsl-lite/build/external/libdivsufsort/lib && /usr/bin/cc -DHAVE_CONFIG_H=1 -DMODE_TI -D__STDC_CONSTANT_MACROS -D__STDC_FORMAT_MACROS -D__STDC_LIMIT_MACROS -I/Users/kazumichi/Downloads/BioHack26/PGGB_short_reads_mapping/software/vg/deps/sdsl-lite/external/libdivsufsort/lib/../include -I/Users/kazumichi/Downloads/BioHack26/PGGB_short_reads_mapping/software/vg/deps/sdsl-lite/build/external/libdivsufsort/lib/../include -Wall -O3 -DNDEBUG -fomit-frame-pointer -arch arm64 -DBUILD_DIVSUFSORT64 -MD -MT external/libdivsufsort/lib/CMakeFiles/divsufsort64.dir/divsufsort.c.o -MF CMakeFiles/divsufsort64.dir/divsufsort.c.o.d -o CMakeFiles/divsufsort64.dir/divsufsort.c.o -c /Users/kazumichi/Downloads/BioHack26/PGGB_short_reads_mapping/software/vg/deps/sdsl-lite/external/libdivsufsort/lib/divsufsort.c
[ 18%] Building C object external/libdivsufsort/lib/CMakeFiles/divsufsort64.dir/sssort.c.o
cd /Users/kazumichi/Downloads/BioHack26/PGGB_short_reads_mapping/software/vg/deps/sdsl-lite/build/external/libdivsufsort/lib && /usr/bin/cc -DHAVE_CONFIG_H=1 -DMODE_TI -D__STDC_CONSTANT_MACROS -D__STDC_FORMAT_MACROS -D__STDC_LIMIT_MACROS -I/Users/kazumichi/Downloads/BioHack26/PGGB_short_reads_mapping/software/vg/deps/sdsl-lite/external/libdivsufsort/lib/../include -I/Users/kazumichi/Downloads/BioHack26/PGGB_short_reads_mapping/software/vg/deps/sdsl-lite/build/external/libdivsufsort/lib/../include -Wall -O3 -DNDEBUG -fomit-frame-pointer -arch arm64 -DBUILD_DIVSUFSORT64 -MD -MT external/libdivsufsort/lib/CMakeFiles/divsufsort64.dir/sssort.c.o -MF CMakeFiles/divsufsort64.dir/sssort.c.o.d -o CMakeFiles/divsufsort64.dir/sssort.c.o -c /Users/kazumichi/Downloads/BioHack26/PGGB_short_reads_mapping/software/vg/deps/sdsl-lite/external/libdivsufsort/lib/sssort.c
checking for library containing log... none required
/Library/Developer/CommandLineTools/usr/bin/make  -f lib/CMakeFiles/sdsl.dir/build.make lib/CMakeFiles/sdsl.dir/build
make[3]: Nothing to be done for `lib/CMakeFiles/sdsl.dir/build'.
checking for zlib.h... yes
-- Performing Test RAPTOR_LIBXML_XMLSAXHANDLER_INITIALIZED - Success
-- Performing Test RAPTOR_LIBXML_XMLSAXHANDLER_EXTERNALSUBSET
[ 81%] Built target sdsl
checking for inflate in -lz... yes
[ 81%] Linking C static library libdivsufsort64.a
[ 90%] Linking C static library libdivsufsort.a
cd /Users/kazumichi/Downloads/BioHack26/PGGB_short_reads_mapping/software/vg/deps/sdsl-lite/build/external/libdivsufsort/lib && /opt/homebrew/Caskroom/miniforge/base/envs/bh26/bin/cmake -P CMakeFiles/divsufsort64.dir/cmake_clean_target.cmake
cd /Users/kazumichi/Downloads/BioHack26/PGGB_short_reads_mapping/software/vg/deps/sdsl-lite/build/external/libdivsufsort/lib && /opt/homebrew/Caskroom/miniforge/base/envs/bh26/bin/cmake -P CMakeFiles/divsufsort.dir/cmake_clean_target.cmake
cd /Users/kazumichi/Downloads/BioHack26/PGGB_short_reads_mapping/software/vg/deps/sdsl-lite/build/external/libdivsufsort/lib && /opt/homebrew/Caskroom/miniforge/base/envs/bh26/bin/cmake -E cmake_link_script CMakeFiles/divsufsort64.dir/link.txt --verbose=1
cd /Users/kazumichi/Downloads/BioHack26/PGGB_short_reads_mapping/software/vg/deps/sdsl-lite/build/external/libdivsufsort/lib && /opt/homebrew/Caskroom/miniforge/base/envs/bh26/bin/cmake -E cmake_link_script CMakeFiles/divsufsort.dir/link.txt --verbose=1
checking for library containing recv... none required
/usr/bin/ar qc libdivsufsort.a CMakeFiles/divsufsort.dir/divsufsort.c.o CMakeFiles/divsufsort.dir/sssort.c.o CMakeFiles/divsufsort.dir/trsort.c.o CMakeFiles/divsufsort.dir/utils.c.o
/usr/bin/ranlib libdivsufsort.a
/usr/bin/ar qc libdivsufsort64.a CMakeFiles/divsufsort64.dir/divsufsort.c.o CMakeFiles/divsufsort64.dir/sssort.c.o CMakeFiles/divsufsort64.dir/trsort.c.o CMakeFiles/divsufsort64.dir/utils.c.o
/usr/bin/ranlib libdivsufsort64.a
checking for bzlib.h... yes
[ 90%] Built target divsufsort
[ 90%] Built target divsufsort64
checking for BZ2_bzBuffToBuffCompress in -lbz2... yes
-- Performing Test RAPTOR_LIBXML_XMLSAXHANDLER_EXTERNALSUBSET - Success
-- Performing Test RAPTOR_LIBXML_XML_PARSE_NONET
checking for lzma.h... no
checking for lzma_easy_buffer_encode in -llzma... yes
checking whether htscodecs files are present... yes
checking for libdeflate.h... yes
-- Performing Test RAPTOR_LIBXML_XML_PARSE_NONET - Success
-- Performing Test RAPTOR_LIBXML_HTML_PARSE_NONET
checking for libdeflate_deflate_compress in -ldeflate... yes
checking for library containing regcomp... none required
configure: creating ./config.status
-- Performing Test RAPTOR_LIBXML_HTML_PARSE_NONET - Success
-- 
################################################################
Raptor Configuration Summary
################################################################

    http://librdf.org/raptor/

    Configured on host  
      host OS                   Darwin
      host architecture         arm64

    General flags:
      CC                        /usr/bin/cc
      CXX (not used)            c++
      CFLAGS                    -fPIC
      CXXFLAGS                  
      LDFLAGS                   -L/usr/local/lib -L/opt/homebrew/Caskroom/miniforge/base/envs/bh26/lib

    Installation prefix:        /usr/local

    Dependencies (packages marked with *** are required):
    
  *** Perl                        /opt/homebrew/Caskroom/miniforge/base/envs/bh26/bin/perl
  *** Bison                       /opt/homebrew/Caskroom/miniforge/base/envs/bh26/bin/bison
  *** Flex                        /opt/homebrew/Caskroom/miniforge/base/envs/bh26/bin/flex
  *** libxml2 (lib)               /Library/Developer/CommandLineTools/SDKs/MacOSX.sdk/usr/lib/libxml2.tbd
  *** libxml2 (include)           /Library/Developer/CommandLineTools/SDKs/MacOSX.sdk/usr/include/libxml2
config.status: creating config.mk
-- Configuring done (24.9s)
config.status: creating htslib.pc.tmp
config.status: creating config.h
config.status: linking htscodecs_bundled.mk to htscodecs.mk
rm -f test/*.tmp test/*.tmp.* test/faidx/*.tmp* test/faidx/FAIL* \
               test/longrefs/*.tmp.* test/tabix/*.tmp.* test/tabix/FAIL* \
               header-exports.txt shlib-exports-dylib.txt
rm -f libhts.dylib libhts.*.dylib
rm -rf htscodecs/tests/test.out
rm -f *.o *.pico cram/*.o cram/*.pico test/*.o test/*.dSYM config_vars.h version.h
rm -f htscodecs/htscodecs/*.o htscodecs/htscodecs/*.pico htscodecs/htscodecs/version.h
rm -f hts-object-files
rm -f htscodecs/tests/*.o
rm -f libhts.a annot-tsv bgzip htsfile tabix  test/hts_endian test/fieldarith test/hfile test/pileup test/pileup_mod test/plugins-dlhts test/sam test/test_bgzf test/test_expr test/test_faidx test/test_kfunc test/test_kstring test/test_mod test/test_realn test/test-regidx test/test_str2int test/test_time_funcs test/test_view test/test_index test/test-vcf-api test/test-vcf-sweep test/test-bcf-sr test/fuzz/hts_open_fuzzer.o test/test-bcf-translate test/test-parse-reg test/test_introspection test/test-bcf_set_variant_type test/thrash_threads1 test/thrash_threads2 test/thrash_threads3 test/thrash_threads4 test/thrash_threads5 test/thrash_threads6 test/thrash_threads7
rm -f htscodecs/tests/rans4x8 htscodecs/tests/rans4x16pr htscodecs/tests/arith_dynamic htscodecs/tests/tokenise_name3 htscodecs/tests/fqzcomp_qual htscodecs/tests/varint
cc -Wall -I/Users/kazumichi/Downloads/BioHack26/PGGB_short_reads_mapping/software/vg/deps/htslib -isystem /Users/kazumichi/Downloads/BioHack26/PGGB_short_reads_mapping/software/vg/deps/htslib -I/Users/kazumichi/Downloads/BioHack26/PGGB_short_reads_mapping/software/vg/include  -fvisibility=hidden  -I.  -c -o kfunc.o kfunc.c
cc -Wall -I/Users/kazumichi/Downloads/BioHack26/PGGB_short_reads_mapping/software/vg/deps/htslib -isystem /Users/kazumichi/Downloads/BioHack26/PGGB_short_reads_mapping/software/vg/deps/htslib -I/Users/kazumichi/Downloads/BioHack26/PGGB_short_reads_mapping/software/vg/include  -fvisibility=hidden  -I.  -c -o kstring.o kstring.c
cc -Wall -I/Users/kazumichi/Downloads/BioHack26/PGGB_short_reads_mapping/software/vg/deps/htslib -isystem /Users/kazumichi/Downloads/BioHack26/PGGB_short_reads_mapping/software/vg/deps/htslib -I/Users/kazumichi/Downloads/BioHack26/PGGB_short_reads_mapping/software/vg/include  -fvisibility=hidden  -I.  -c -o bcf_sr_sort.o bcf_sr_sort.c
cc -Wall -I/Users/kazumichi/Downloads/BioHack26/PGGB_short_reads_mapping/software/vg/deps/htslib -isystem /Users/kazumichi/Downloads/BioHack26/PGGB_short_reads_mapping/software/vg/deps/htslib -I/Users/kazumichi/Downloads/BioHack26/PGGB_short_reads_mapping/software/vg/include  -fvisibility=hidden  -I.  -c -o bgzf.o bgzf.c
cc -Wall -I/Users/kazumichi/Downloads/BioHack26/PGGB_short_reads_mapping/software/vg/deps/htslib -isystem /Users/kazumichi/Downloads/BioHack26/PGGB_short_reads_mapping/software/vg/deps/htslib -I/Users/kazumichi/Downloads/BioHack26/PGGB_short_reads_mapping/software/vg/include  -fvisibility=hidden  -I.  -c -o errmod.o errmod.c
cc -Wall -I/Users/kazumichi/Downloads/BioHack26/PGGB_short_reads_mapping/software/vg/deps/htslib -isystem /Users/kazumichi/Downloads/BioHack26/PGGB_short_reads_mapping/software/vg/deps/htslib -I/Users/kazumichi/Downloads/BioHack26/PGGB_short_reads_mapping/software/vg/include  -fvisibility=hidden  -I.  -c -o faidx.o faidx.c
cc -Wall -I/Users/kazumichi/Downloads/BioHack26/PGGB_short_reads_mapping/software/vg/deps/htslib -isystem /Users/kazumichi/Downloads/BioHack26/PGGB_short_reads_mapping/software/vg/deps/htslib -I/Users/kazumichi/Downloads/BioHack26/PGGB_short_reads_mapping/software/vg/include  -fvisibility=hidden  -I.  -c -o header.o header.c
cc -Wall -I/Users/kazumichi/Downloads/BioHack26/PGGB_short_reads_mapping/software/vg/deps/htslib -isystem /Users/kazumichi/Downloads/BioHack26/PGGB_short_reads_mapping/software/vg/deps/htslib -I/Users/kazumichi/Downloads/BioHack26/PGGB_short_reads_mapping/software/vg/include  -fvisibility=hidden  -I.  -c -o hfile.o hfile.c
echo '#define HTS_VERSION_TEXT "1.19.1-29-g3cfe8769"' > version.h
printf '#define HTS_CC "%s"\n#define HTS_CPPFLAGS "%s"\n#define HTS_CFLAGS "%s"\n#define HTS_LDFLAGS "%s"\n#define HTS_LIBS "%s"\n' \
	'cc' \
	'' \
	'-Wall -I/Users/kazumichi/Downloads/BioHack26/PGGB_short_reads_mapping/software/vg/deps/htslib -isystem /Users/kazumichi/Downloads/BioHack26/PGGB_short_reads_mapping/software/vg/deps/htslib -I/Users/kazumichi/Downloads/BioHack26/PGGB_short_reads_mapping/software/vg/include  -fvisibility=hidden' \
	'-L/usr/local/lib -L/opt/homebrew/Caskroom/miniforge/base/envs/bh26/lib -L/Users/kazumichi/Downloads/BioHack26/PGGB_short_reads_mapping/software/vg/lib  -fvisibility=hidden ' \
	'-ldeflate -llzma -lbz2 -lz  ' > config_vars.h
cc -Wall -I/Users/kazumichi/Downloads/BioHack26/PGGB_short_reads_mapping/software/vg/deps/htslib -isystem /Users/kazumichi/Downloads/BioHack26/PGGB_short_reads_mapping/software/vg/deps/htslib -I/Users/kazumichi/Downloads/BioHack26/PGGB_short_reads_mapping/software/vg/include  -fvisibility=hidden  -I.  -c -o hts_expr.o hts_expr.c
Updating htscodecs/htscodecs/version.h : #define HTSCODECS_VERSION_TEXT "1.6.0"
cc -Wall -I/Users/kazumichi/Downloads/BioHack26/PGGB_short_reads_mapping/software/vg/deps/htslib -isystem /Users/kazumichi/Downloads/BioHack26/PGGB_short_reads_mapping/software/vg/deps/htslib -I/Users/kazumichi/Downloads/BioHack26/PGGB_short_reads_mapping/software/vg/include  -fvisibility=hidden  -I.  -c -o hts_os.o hts_os.c
cc -Wall -I/Users/kazumichi/Downloads/BioHack26/PGGB_short_reads_mapping/software/vg/deps/htslib -isystem /Users/kazumichi/Downloads/BioHack26/PGGB_short_reads_mapping/software/vg/deps/htslib -I/Users/kazumichi/Downloads/BioHack26/PGGB_short_reads_mapping/software/vg/include  -fvisibility=hidden  -I.  -c -o md5.o md5.c
cc -Wall -I/Users/kazumichi/Downloads/BioHack26/PGGB_short_reads_mapping/software/vg/deps/htslib -isystem /Users/kazumichi/Downloads/BioHack26/PGGB_short_reads_mapping/software/vg/deps/htslib -I/Users/kazumichi/Downloads/BioHack26/PGGB_short_reads_mapping/software/vg/include  -fvisibility=hidden  -I.  -c -o multipart.o multipart.c
cc -Wall -I/Users/kazumichi/Downloads/BioHack26/PGGB_short_reads_mapping/software/vg/deps/htslib -isystem /Users/kazumichi/Downloads/BioHack26/PGGB_short_reads_mapping/software/vg/deps/htslib -I/Users/kazumichi/Downloads/BioHack26/PGGB_short_reads_mapping/software/vg/include  -fvisibility=hidden  -I.  -c -o probaln.o probaln.c
-- Generating done (0.3s)
-- Build files have been written to: /Users/kazumichi/Downloads/BioHack26/PGGB_short_reads_mapping/software/vg/deps/raptor/build
cc -Wall -I/Users/kazumichi/Downloads/BioHack26/PGGB_short_reads_mapping/software/vg/deps/htslib -isystem /Users/kazumichi/Downloads/BioHack26/PGGB_short_reads_mapping/software/vg/deps/htslib -I/Users/kazumichi/Downloads/BioHack26/PGGB_short_reads_mapping/software/vg/include  -fvisibility=hidden  -I.  -c -o realn.o realn.c
cc -Wall -I/Users/kazumichi/Downloads/BioHack26/PGGB_short_reads_mapping/software/vg/deps/htslib -isystem /Users/kazumichi/Downloads/BioHack26/PGGB_short_reads_mapping/software/vg/deps/htslib -I/Users/kazumichi/Downloads/BioHack26/PGGB_short_reads_mapping/software/vg/include  -fvisibility=hidden  -I.  -c -o regidx.o regidx.c
cc -Wall -I/Users/kazumichi/Downloads/BioHack26/PGGB_short_reads_mapping/software/vg/deps/htslib -isystem /Users/kazumichi/Downloads/BioHack26/PGGB_short_reads_mapping/software/vg/deps/htslib -I/Users/kazumichi/Downloads/BioHack26/PGGB_short_reads_mapping/software/vg/include  -fvisibility=hidden  -I.  -c -o region.o region.c
cc -Wall -I/Users/kazumichi/Downloads/BioHack26/PGGB_short_reads_mapping/software/vg/deps/htslib -isystem /Users/kazumichi/Downloads/BioHack26/PGGB_short_reads_mapping/software/vg/deps/htslib -I/Users/kazumichi/Downloads/BioHack26/PGGB_short_reads_mapping/software/vg/include  -fvisibility=hidden  -I.  -c -o sam.o sam.c
cc -Wall -I/Users/kazumichi/Downloads/BioHack26/PGGB_short_reads_mapping/software/vg/deps/htslib -isystem /Users/kazumichi/Downloads/BioHack26/PGGB_short_reads_mapping/software/vg/deps/htslib -I/Users/kazumichi/Downloads/BioHack26/PGGB_short_reads_mapping/software/vg/include  -fvisibility=hidden  -I.  -c -o sam_mods.o sam_mods.c
cc -Wall -I/Users/kazumichi/Downloads/BioHack26/PGGB_short_reads_mapping/software/vg/deps/htslib -isystem /Users/kazumichi/Downloads/BioHack26/PGGB_short_reads_mapping/software/vg/deps/htslib -I/Users/kazumichi/Downloads/BioHack26/PGGB_short_reads_mapping/software/vg/include  -fvisibility=hidden  -I.  -c -o synced_bcf_reader.o synced_bcf_reader.c
cc -Wall -I/Users/kazumichi/Downloads/BioHack26/PGGB_short_reads_mapping/software/vg/deps/htslib -isystem /Users/kazumichi/Downloads/BioHack26/PGGB_short_reads_mapping/software/vg/deps/htslib -I/Users/kazumichi/Downloads/BioHack26/PGGB_short_reads_mapping/software/vg/include  -fvisibility=hidden  -I.  -c -o vcf_sweep.o vcf_sweep.c
cc -Wall -I/Users/kazumichi/Downloads/BioHack26/PGGB_short_reads_mapping/software/vg/deps/htslib -isystem /Users/kazumichi/Downloads/BioHack26/PGGB_short_reads_mapping/software/vg/deps/htslib -I/Users/kazumichi/Downloads/BioHack26/PGGB_short_reads_mapping/software/vg/include  -fvisibility=hidden  -I.  -c -o tbx.o tbx.c
cc -Wall -I/Users/kazumichi/Downloads/BioHack26/PGGB_short_reads_mapping/software/vg/deps/htslib -isystem /Users/kazumichi/Downloads/BioHack26/PGGB_short_reads_mapping/software/vg/deps/htslib -I/Users/kazumichi/Downloads/BioHack26/PGGB_short_reads_mapping/software/vg/include  -fvisibility=hidden  -I.  -c -o textutils.o textutils.c
cc -Wall -I/Users/kazumichi/Downloads/BioHack26/PGGB_short_reads_mapping/software/vg/deps/htslib -isystem /Users/kazumichi/Downloads/BioHack26/PGGB_short_reads_mapping/software/vg/deps/htslib -I/Users/kazumichi/Downloads/BioHack26/PGGB_short_reads_mapping/software/vg/include  -fvisibility=hidden  -I.  -c -o thread_pool.o thread_pool.c
cc -Wall -I/Users/kazumichi/Downloads/BioHack26/PGGB_short_reads_mapping/software/vg/deps/htslib -isystem /Users/kazumichi/Downloads/BioHack26/PGGB_short_reads_mapping/software/vg/deps/htslib -I/Users/kazumichi/Downloads/BioHack26/PGGB_short_reads_mapping/software/vg/include  -fvisibility=hidden  -I.  -c -o vcf.o vcf.c
cc -Wall -I/Users/kazumichi/Downloads/BioHack26/PGGB_short_reads_mapping/software/vg/deps/htslib -isystem /Users/kazumichi/Downloads/BioHack26/PGGB_short_reads_mapping/software/vg/deps/htslib -I/Users/kazumichi/Downloads/BioHack26/PGGB_short_reads_mapping/software/vg/include  -fvisibility=hidden  -I.  -c -o vcfutils.o vcfutils.c
cc -Wall -I/Users/kazumichi/Downloads/BioHack26/PGGB_short_reads_mapping/software/vg/deps/htslib -isystem /Users/kazumichi/Downloads/BioHack26/PGGB_short_reads_mapping/software/vg/deps/htslib -I/Users/kazumichi/Downloads/BioHack26/PGGB_short_reads_mapping/software/vg/include  -fvisibility=hidden  -I.  -c -o cram/cram_codecs.o cram/cram_codecs.c
cc -Wall -I/Users/kazumichi/Downloads/BioHack26/PGGB_short_reads_mapping/software/vg/deps/htslib -isystem /Users/kazumichi/Downloads/BioHack26/PGGB_short_reads_mapping/software/vg/deps/htslib -I/Users/kazumichi/Downloads/BioHack26/PGGB_short_reads_mapping/software/vg/include  -fvisibility=hidden  -I.  -c -o cram/cram_decode.o cram/cram_decode.c
cc -Wall -I/Users/kazumichi/Downloads/BioHack26/PGGB_short_reads_mapping/software/vg/deps/htslib -isystem /Users/kazumichi/Downloads/BioHack26/PGGB_short_reads_mapping/software/vg/deps/htslib -I/Users/kazumichi/Downloads/BioHack26/PGGB_short_reads_mapping/software/vg/include  -fvisibility=hidden  -I.  -c -o cram/cram_encode.o cram/cram_encode.c
cc -Wall -I/Users/kazumichi/Downloads/BioHack26/PGGB_short_reads_mapping/software/vg/deps/htslib -isystem /Users/kazumichi/Downloads/BioHack26/PGGB_short_reads_mapping/software/vg/deps/htslib -I/Users/kazumichi/Downloads/BioHack26/PGGB_short_reads_mapping/software/vg/include  -fvisibility=hidden  -I.  -c -o cram/cram_external.o cram/cram_external.c
cc -Wall -I/Users/kazumichi/Downloads/BioHack26/PGGB_short_reads_mapping/software/vg/deps/htslib -isystem /Users/kazumichi/Downloads/BioHack26/PGGB_short_reads_mapping/software/vg/deps/htslib -I/Users/kazumichi/Downloads/BioHack26/PGGB_short_reads_mapping/software/vg/include  -fvisibility=hidden  -I.  -c -o cram/cram_index.o cram/cram_index.c
cc -Wall -I/Users/kazumichi/Downloads/BioHack26/PGGB_short_reads_mapping/software/vg/deps/htslib -isystem /Users/kazumichi/Downloads/BioHack26/PGGB_short_reads_mapping/software/vg/deps/htslib -I/Users/kazumichi/Downloads/BioHack26/PGGB_short_reads_mapping/software/vg/include  -fvisibility=hidden  -I.  -c -o cram/cram_io.o cram/cram_io.c
cc -Wall -I/Users/kazumichi/Downloads/BioHack26/PGGB_short_reads_mapping/software/vg/deps/htslib -isystem /Users/kazumichi/Downloads/BioHack26/PGGB_short_reads_mapping/software/vg/deps/htslib -I/Users/kazumichi/Downloads/BioHack26/PGGB_short_reads_mapping/software/vg/include  -fvisibility=hidden  -I.  -c -o cram/cram_stats.o cram/cram_stats.c
cc -Wall -I/Users/kazumichi/Downloads/BioHack26/PGGB_short_reads_mapping/software/vg/deps/htslib -isystem /Users/kazumichi/Downloads/BioHack26/PGGB_short_reads_mapping/software/vg/deps/htslib -I/Users/kazumichi/Downloads/BioHack26/PGGB_short_reads_mapping/software/vg/include  -fvisibility=hidden  -I.  -c -o cram/mFILE.o cram/mFILE.c
cc -Wall -I/Users/kazumichi/Downloads/BioHack26/PGGB_short_reads_mapping/software/vg/deps/htslib -isystem /Users/kazumichi/Downloads/BioHack26/PGGB_short_reads_mapping/software/vg/deps/htslib -I/Users/kazumichi/Downloads/BioHack26/PGGB_short_reads_mapping/software/vg/include  -fvisibility=hidden  -I.  -c -o cram/open_trace_file.o cram/open_trace_file.c
cc -Wall -I/Users/kazumichi/Downloads/BioHack26/PGGB_short_reads_mapping/software/vg/deps/htslib -isystem /Users/kazumichi/Downloads/BioHack26/PGGB_short_reads_mapping/software/vg/deps/htslib -I/Users/kazumichi/Downloads/BioHack26/PGGB_short_reads_mapping/software/vg/include  -fvisibility=hidden  -I.  -c -o cram/pooled_alloc.o cram/pooled_alloc.c
cc -Wall -I/Users/kazumichi/Downloads/BioHack26/PGGB_short_reads_mapping/software/vg/deps/htslib -isystem /Users/kazumichi/Downloads/BioHack26/PGGB_short_reads_mapping/software/vg/deps/htslib -I/Users/kazumichi/Downloads/BioHack26/PGGB_short_reads_mapping/software/vg/include  -fvisibility=hidden  -I.  -c -o cram/string_alloc.o cram/string_alloc.c
cc -Wall -I/Users/kazumichi/Downloads/BioHack26/PGGB_short_reads_mapping/software/vg/deps/htslib -isystem /Users/kazumichi/Downloads/BioHack26/PGGB_short_reads_mapping/software/vg/deps/htslib -I/Users/kazumichi/Downloads/BioHack26/PGGB_short_reads_mapping/software/vg/include  -fvisibility=hidden  -I.  -c -o htscodecs/htscodecs/arith_dynamic.o htscodecs/htscodecs/arith_dynamic.c
cc -Wall -I/Users/kazumichi/Downloads/BioHack26/PGGB_short_reads_mapping/software/vg/deps/htslib -isystem /Users/kazumichi/Downloads/BioHack26/PGGB_short_reads_mapping/software/vg/deps/htslib -I/Users/kazumichi/Downloads/BioHack26/PGGB_short_reads_mapping/software/vg/include  -fvisibility=hidden  -I.  -c -o htscodecs/htscodecs/fqzcomp_qual.o htscodecs/htscodecs/fqzcomp_qual.c
cc -Wall -I/Users/kazumichi/Downloads/BioHack26/PGGB_short_reads_mapping/software/vg/deps/htslib -isystem /Users/kazumichi/Downloads/BioHack26/PGGB_short_reads_mapping/software/vg/deps/htslib -I/Users/kazumichi/Downloads/BioHack26/PGGB_short_reads_mapping/software/vg/include  -fvisibility=hidden  -I.  -c -o htscodecs/htscodecs/htscodecs.o htscodecs/htscodecs/htscodecs.c
cc -Wall -I/Users/kazumichi/Downloads/BioHack26/PGGB_short_reads_mapping/software/vg/deps/htslib -isystem /Users/kazumichi/Downloads/BioHack26/PGGB_short_reads_mapping/software/vg/deps/htslib -I/Users/kazumichi/Downloads/BioHack26/PGGB_short_reads_mapping/software/vg/include  -fvisibility=hidden  -I.  -c -o htscodecs/htscodecs/pack.o htscodecs/htscodecs/pack.c
cc -Wall -I/Users/kazumichi/Downloads/BioHack26/PGGB_short_reads_mapping/software/vg/deps/htslib -isystem /Users/kazumichi/Downloads/BioHack26/PGGB_short_reads_mapping/software/vg/deps/htslib -I/Users/kazumichi/Downloads/BioHack26/PGGB_short_reads_mapping/software/vg/include  -fvisibility=hidden  -I.  -c -o htscodecs/htscodecs/rANS_static4x16pr.o htscodecs/htscodecs/rANS_static4x16pr.c
cc -Wall -I/Users/kazumichi/Downloads/BioHack26/PGGB_short_reads_mapping/software/vg/deps/htslib -isystem /Users/kazumichi/Downloads/BioHack26/PGGB_short_reads_mapping/software/vg/deps/htslib -I/Users/kazumichi/Downloads/BioHack26/PGGB_short_reads_mapping/software/vg/include  -fvisibility=hidden  -I.  -c -o htscodecs/htscodecs/rANS_static32x16pr_avx2.o htscodecs/htscodecs/rANS_static32x16pr_avx2.c
cc -Wall -I/Users/kazumichi/Downloads/BioHack26/PGGB_short_reads_mapping/software/vg/deps/htslib -isystem /Users/kazumichi/Downloads/BioHack26/PGGB_short_reads_mapping/software/vg/deps/htslib -I/Users/kazumichi/Downloads/BioHack26/PGGB_short_reads_mapping/software/vg/include  -fvisibility=hidden  -I.  -c -o htscodecs/htscodecs/rANS_static32x16pr_avx512.o htscodecs/htscodecs/rANS_static32x16pr_avx512.c
cc -Wall -I/Users/kazumichi/Downloads/BioHack26/PGGB_short_reads_mapping/software/vg/deps/htslib -isystem /Users/kazumichi/Downloads/BioHack26/PGGB_short_reads_mapping/software/vg/deps/htslib -I/Users/kazumichi/Downloads/BioHack26/PGGB_short_reads_mapping/software/vg/include  -fvisibility=hidden  -I.  -c -o htscodecs/htscodecs/rANS_static32x16pr_sse4.o htscodecs/htscodecs/rANS_static32x16pr_sse4.c
cc -Wall -I/Users/kazumichi/Downloads/BioHack26/PGGB_short_reads_mapping/software/vg/deps/htslib -isystem /Users/kazumichi/Downloads/BioHack26/PGGB_short_reads_mapping/software/vg/deps/htslib -I/Users/kazumichi/Downloads/BioHack26/PGGB_short_reads_mapping/software/vg/include  -fvisibility=hidden  -I.  -c -o htscodecs/htscodecs/rANS_static32x16pr_neon.o htscodecs/htscodecs/rANS_static32x16pr_neon.c
cc -Wall -I/Users/kazumichi/Downloads/BioHack26/PGGB_short_reads_mapping/software/vg/deps/htslib -isystem /Users/kazumichi/Downloads/BioHack26/PGGB_short_reads_mapping/software/vg/deps/htslib -I/Users/kazumichi/Downloads/BioHack26/PGGB_short_reads_mapping/software/vg/include  -fvisibility=hidden  -I.  -c -o htscodecs/htscodecs/rANS_static32x16pr.o htscodecs/htscodecs/rANS_static32x16pr.c
cc -Wall -I/Users/kazumichi/Downloads/BioHack26/PGGB_short_reads_mapping/software/vg/deps/htslib -isystem /Users/kazumichi/Downloads/BioHack26/PGGB_short_reads_mapping/software/vg/deps/htslib -I/Users/kazumichi/Downloads/BioHack26/PGGB_short_reads_mapping/software/vg/include  -fvisibility=hidden  -I.  -c -o htscodecs/htscodecs/rANS_static.o htscodecs/htscodecs/rANS_static.c
cc -Wall -I/Users/kazumichi/Downloads/BioHack26/PGGB_short_reads_mapping/software/vg/deps/htslib -isystem /Users/kazumichi/Downloads/BioHack26/PGGB_short_reads_mapping/software/vg/deps/htslib -I/Users/kazumichi/Downloads/BioHack26/PGGB_short_reads_mapping/software/vg/include  -fvisibility=hidden  -I.  -c -o htscodecs/htscodecs/rle.o htscodecs/htscodecs/rle.c
cc -Wall -I/Users/kazumichi/Downloads/BioHack26/PGGB_short_reads_mapping/software/vg/deps/htslib -isystem /Users/kazumichi/Downloads/BioHack26/PGGB_short_reads_mapping/software/vg/deps/htslib -I/Users/kazumichi/Downloads/BioHack26/PGGB_short_reads_mapping/software/vg/include  -fvisibility=hidden  -I.  -c -o htscodecs/htscodecs/tokenise_name3.o htscodecs/htscodecs/tokenise_name3.c
cc -Wall -I/Users/kazumichi/Downloads/BioHack26/PGGB_short_reads_mapping/software/vg/deps/htslib -isystem /Users/kazumichi/Downloads/BioHack26/PGGB_short_reads_mapping/software/vg/deps/htslib -I/Users/kazumichi/Downloads/BioHack26/PGGB_short_reads_mapping/software/vg/include  -fvisibility=hidden  -I.  -c -o htscodecs/htscodecs/utils.o htscodecs/htscodecs/utils.c
cc -Wall -I/Users/kazumichi/Downloads/BioHack26/PGGB_short_reads_mapping/software/vg/deps/htslib -isystem /Users/kazumichi/Downloads/BioHack26/PGGB_short_reads_mapping/software/vg/deps/htslib -I/Users/kazumichi/Downloads/BioHack26/PGGB_short_reads_mapping/software/vg/include  -fvisibility=hidden  -I.  -c -o annot-tsv.o annot-tsv.c
cc -Wall -I/Users/kazumichi/Downloads/BioHack26/PGGB_short_reads_mapping/software/vg/deps/htslib -isystem /Users/kazumichi/Downloads/BioHack26/PGGB_short_reads_mapping/software/vg/deps/htslib -I/Users/kazumichi/Downloads/BioHack26/PGGB_short_reads_mapping/software/vg/include  -fvisibility=hidden  -I.  -c -o bgzip.o bgzip.c
cc -Wall -I/Users/kazumichi/Downloads/BioHack26/PGGB_short_reads_mapping/software/vg/deps/htslib -isystem /Users/kazumichi/Downloads/BioHack26/PGGB_short_reads_mapping/software/vg/deps/htslib -I/Users/kazumichi/Downloads/BioHack26/PGGB_short_reads_mapping/software/vg/include  -fvisibility=hidden  -I.  -c -o htsfile.o htsfile.c
[100%] Generating turtle_lexer.t
cc -Wall -I/Users/kazumichi/Downloads/BioHack26/PGGB_short_reads_mapping/software/vg/deps/htslib -isystem /Users/kazumichi/Downloads/BioHack26/PGGB_short_reads_mapping/software/vg/deps/htslib -I/Users/kazumichi/Downloads/BioHack26/PGGB_short_reads_mapping/software/vg/include  -fvisibility=hidden  -I.  -c -o tabix.o tabix.c
cc -Wall -I/Users/kazumichi/Downloads/BioHack26/PGGB_short_reads_mapping/software/vg/deps/htslib -isystem /Users/kazumichi/Downloads/BioHack26/PGGB_short_reads_mapping/software/vg/deps/htslib -I/Users/kazumichi/Downloads/BioHack26/PGGB_short_reads_mapping/software/vg/include  -fvisibility=hidden  -I.  -c -o test/hts_endian.o test/hts_endian.c
cc -Wall -I/Users/kazumichi/Downloads/BioHack26/PGGB_short_reads_mapping/software/vg/deps/htslib -isystem /Users/kazumichi/Downloads/BioHack26/PGGB_short_reads_mapping/software/vg/deps/htslib -I/Users/kazumichi/Downloads/BioHack26/PGGB_short_reads_mapping/software/vg/include  -fvisibility=hidden  -I.  -c -o test/fieldarith.o test/fieldarith.c
cc -Wall -I/Users/kazumichi/Downloads/BioHack26/PGGB_short_reads_mapping/software/vg/deps/htslib -isystem /Users/kazumichi/Downloads/BioHack26/PGGB_short_reads_mapping/software/vg/deps/htslib -I/Users/kazumichi/Downloads/BioHack26/PGGB_short_reads_mapping/software/vg/include  -fvisibility=hidden  -I.  -c -o test/hfile.o test/hfile.c
cc -Wall -I/Users/kazumichi/Downloads/BioHack26/PGGB_short_reads_mapping/software/vg/deps/htslib -isystem /Users/kazumichi/Downloads/BioHack26/PGGB_short_reads_mapping/software/vg/deps/htslib -I/Users/kazumichi/Downloads/BioHack26/PGGB_short_reads_mapping/software/vg/include  -fvisibility=hidden  -I.  -c -o test/pileup.o test/pileup.c
cc -Wall -I/Users/kazumichi/Downloads/BioHack26/PGGB_short_reads_mapping/software/vg/deps/htslib -isystem /Users/kazumichi/Downloads/BioHack26/PGGB_short_reads_mapping/software/vg/deps/htslib -I/Users/kazumichi/Downloads/BioHack26/PGGB_short_reads_mapping/software/vg/include  -fvisibility=hidden  -I.  -c -o test/pileup_mod.o test/pileup_mod.c
cc -Wall -I/Users/kazumichi/Downloads/BioHack26/PGGB_short_reads_mapping/software/vg/deps/htslib -isystem /Users/kazumichi/Downloads/BioHack26/PGGB_short_reads_mapping/software/vg/deps/htslib -I/Users/kazumichi/Downloads/BioHack26/PGGB_short_reads_mapping/software/vg/include  -fvisibility=hidden  -I.  -c -o test/plugins-dlhts.o test/plugins-dlhts.c
cc -Wall -I/Users/kazumichi/Downloads/BioHack26/PGGB_short_reads_mapping/software/vg/deps/htslib -isystem /Users/kazumichi/Downloads/BioHack26/PGGB_short_reads_mapping/software/vg/deps/htslib -I/Users/kazumichi/Downloads/BioHack26/PGGB_short_reads_mapping/software/vg/include  -fvisibility=hidden  -I.  -c -o test/sam.o test/sam.c
cc -Wall -I/Users/kazumichi/Downloads/BioHack26/PGGB_short_reads_mapping/software/vg/deps/htslib -isystem /Users/kazumichi/Downloads/BioHack26/PGGB_short_reads_mapping/software/vg/deps/htslib -I/Users/kazumichi/Downloads/BioHack26/PGGB_short_reads_mapping/software/vg/include  -fvisibility=hidden  -I.  -c -o test/test_bgzf.o test/test_bgzf.c
[100%] Built target turtle_flex_tgt
cc -Wall -I/Users/kazumichi/Downloads/BioHack26/PGGB_short_reads_mapping/software/vg/deps/htslib -isystem /Users/kazumichi/Downloads/BioHack26/PGGB_short_reads_mapping/software/vg/deps/htslib -I/Users/kazumichi/Downloads/BioHack26/PGGB_short_reads_mapping/software/vg/include  -fvisibility=hidden  -I.  -c -o test/test_expr.o test/test_expr.c
cc -Wall -I/Users/kazumichi/Downloads/BioHack26/PGGB_short_reads_mapping/software/vg/deps/htslib -isystem /Users/kazumichi/Downloads/BioHack26/PGGB_short_reads_mapping/software/vg/deps/htslib -I/Users/kazumichi/Downloads/BioHack26/PGGB_short_reads_mapping/software/vg/include  -fvisibility=hidden  -I.  -c -o test/test_faidx.o test/test_faidx.c
cc -Wall -I/Users/kazumichi/Downloads/BioHack26/PGGB_short_reads_mapping/software/vg/deps/htslib -isystem /Users/kazumichi/Downloads/BioHack26/PGGB_short_reads_mapping/software/vg/deps/htslib -I/Users/kazumichi/Downloads/BioHack26/PGGB_short_reads_mapping/software/vg/include  -fvisibility=hidden  -I.  -c -o test/test_kfunc.o test/test_kfunc.c
cc -Wall -I/Users/kazumichi/Downloads/BioHack26/PGGB_short_reads_mapping/software/vg/deps/htslib -isystem /Users/kazumichi/Downloads/BioHack26/PGGB_short_reads_mapping/software/vg/deps/htslib -I/Users/kazumichi/Downloads/BioHack26/PGGB_short_reads_mapping/software/vg/include  -fvisibility=hidden  -I.  -c -o test/test_kstring.o test/test_kstring.c
cc -Wall -I/Users/kazumichi/Downloads/BioHack26/PGGB_short_reads_mapping/software/vg/deps/htslib -isystem /Users/kazumichi/Downloads/BioHack26/PGGB_short_reads_mapping/software/vg/deps/htslib -I/Users/kazumichi/Downloads/BioHack26/PGGB_short_reads_mapping/software/vg/include  -fvisibility=hidden  -I.  -c -o test/test_mod.o test/test_mod.c
cc -Wall -I/Users/kazumichi/Downloads/BioHack26/PGGB_short_reads_mapping/software/vg/deps/htslib -isystem /Users/kazumichi/Downloads/BioHack26/PGGB_short_reads_mapping/software/vg/deps/htslib -I/Users/kazumichi/Downloads/BioHack26/PGGB_short_reads_mapping/software/vg/include  -fvisibility=hidden  -I.  -c -o test/test_realn.o test/test_realn.c
cc -Wall -I/Users/kazumichi/Downloads/BioHack26/PGGB_short_reads_mapping/software/vg/deps/htslib -isystem /Users/kazumichi/Downloads/BioHack26/PGGB_short_reads_mapping/software/vg/deps/htslib -I/Users/kazumichi/Downloads/BioHack26/PGGB_short_reads_mapping/software/vg/include  -fvisibility=hidden  -I.  -c -o test/test-regidx.o test/test-regidx.c
cc -Wall -I/Users/kazumichi/Downloads/BioHack26/PGGB_short_reads_mapping/software/vg/deps/htslib -isystem /Users/kazumichi/Downloads/BioHack26/PGGB_short_reads_mapping/software/vg/deps/htslib -I/Users/kazumichi/Downloads/BioHack26/PGGB_short_reads_mapping/software/vg/include  -fvisibility=hidden  -I.  -c -o test/test_str2int.o test/test_str2int.c
cc -Wall -I/Users/kazumichi/Downloads/BioHack26/PGGB_short_reads_mapping/software/vg/deps/htslib -isystem /Users/kazumichi/Downloads/BioHack26/PGGB_short_reads_mapping/software/vg/deps/htslib -I/Users/kazumichi/Downloads/BioHack26/PGGB_short_reads_mapping/software/vg/include  -fvisibility=hidden  -I.  -c -o test/test_time_funcs.o test/test_time_funcs.c
cc -Wall -I/Users/kazumichi/Downloads/BioHack26/PGGB_short_reads_mapping/software/vg/deps/htslib -isystem /Users/kazumichi/Downloads/BioHack26/PGGB_short_reads_mapping/software/vg/deps/htslib -I/Users/kazumichi/Downloads/BioHack26/PGGB_short_reads_mapping/software/vg/include  -fvisibility=hidden  -I.  -c -o test/test_view.o test/test_view.c
cc -Wall -I/Users/kazumichi/Downloads/BioHack26/PGGB_short_reads_mapping/software/vg/deps/htslib -isystem /Users/kazumichi/Downloads/BioHack26/PGGB_short_reads_mapping/software/vg/deps/htslib -I/Users/kazumichi/Downloads/BioHack26/PGGB_short_reads_mapping/software/vg/include  -fvisibility=hidden  -I.  -c -o test/test_index.o test/test_index.c
cc -Wall -I/Users/kazumichi/Downloads/BioHack26/PGGB_short_reads_mapping/software/vg/deps/htslib -isystem /Users/kazumichi/Downloads/BioHack26/PGGB_short_reads_mapping/software/vg/deps/htslib -I/Users/kazumichi/Downloads/BioHack26/PGGB_short_reads_mapping/software/vg/include  -fvisibility=hidden  -I.  -c -o test/test-vcf-api.o test/test-vcf-api.c
cc -Wall -I/Users/kazumichi/Downloads/BioHack26/PGGB_short_reads_mapping/software/vg/deps/htslib -isystem /Users/kazumichi/Downloads/BioHack26/PGGB_short_reads_mapping/software/vg/deps/htslib -I/Users/kazumichi/Downloads/BioHack26/PGGB_short_reads_mapping/software/vg/include  -fvisibility=hidden  -I.  -c -o test/test-vcf-sweep.o test/test-vcf-sweep.c
cc -Wall -I/Users/kazumichi/Downloads/BioHack26/PGGB_short_reads_mapping/software/vg/deps/htslib -isystem /Users/kazumichi/Downloads/BioHack26/PGGB_short_reads_mapping/software/vg/deps/htslib -I/Users/kazumichi/Downloads/BioHack26/PGGB_short_reads_mapping/software/vg/include  -fvisibility=hidden  -I.  -c -o test/test-bcf-sr.o test/test-bcf-sr.c
cc -Wall -I/Users/kazumichi/Downloads/BioHack26/PGGB_short_reads_mapping/software/vg/deps/htslib -isystem /Users/kazumichi/Downloads/BioHack26/PGGB_short_reads_mapping/software/vg/deps/htslib -I/Users/kazumichi/Downloads/BioHack26/PGGB_short_reads_mapping/software/vg/include  -fvisibility=hidden  -I.  -c -o test/fuzz/hts_open_fuzzer.o test/fuzz/hts_open_fuzzer.c
cc -Wall -I/Users/kazumichi/Downloads/BioHack26/PGGB_short_reads_mapping/software/vg/deps/htslib -isystem /Users/kazumichi/Downloads/BioHack26/PGGB_short_reads_mapping/software/vg/deps/htslib -I/Users/kazumichi/Downloads/BioHack26/PGGB_short_reads_mapping/software/vg/include  -fvisibility=hidden  -I.  -c -o test/test-bcf-translate.o test/test-bcf-translate.c
cc -Wall -I/Users/kazumichi/Downloads/BioHack26/PGGB_short_reads_mapping/software/vg/deps/htslib -isystem /Users/kazumichi/Downloads/BioHack26/PGGB_short_reads_mapping/software/vg/deps/htslib -I/Users/kazumichi/Downloads/BioHack26/PGGB_short_reads_mapping/software/vg/include  -fvisibility=hidden  -I.  -c -o test/test-parse-reg.o test/test-parse-reg.c
[100%] Built target turtle_lexer_tgt
cc -Wall -I/Users/kazumichi/Downloads/BioHack26/PGGB_short_reads_mapping/software/vg/deps/htslib -isystem /Users/kazumichi/Downloads/BioHack26/PGGB_short_reads_mapping/software/vg/deps/htslib -I/Users/kazumichi/Downloads/BioHack26/PGGB_short_reads_mapping/software/vg/include  -fvisibility=hidden  -I.  -c -o test/test_introspection.o test/test_introspection.c
cc -Wall -I/Users/kazumichi/Downloads/BioHack26/PGGB_short_reads_mapping/software/vg/deps/htslib -isystem /Users/kazumichi/Downloads/BioHack26/PGGB_short_reads_mapping/software/vg/deps/htslib -I/Users/kazumichi/Downloads/BioHack26/PGGB_short_reads_mapping/software/vg/include  -fvisibility=hidden  -I.  -c -o test/test-bcf_set_variant_type.o test/test-bcf_set_variant_type.c
sed -n '/^static_libs=/s/[^=]*=/HTSLIB_static_LIBS = /p;/^static_ldflags=/s/[^=]*=/HTSLIB_static_LDFLAGS = /p' htslib.pc.tmp > htslib_static.mk
sed -e 's#@-includedir@#'`pwd`'#g;s#@-libdir@#'`pwd`'#g' htslib.pc.tmp > htslib-uninstalled.pc
cc -Wall -I/Users/kazumichi/Downloads/BioHack26/PGGB_short_reads_mapping/software/vg/deps/htslib -isystem /Users/kazumichi/Downloads/BioHack26/PGGB_short_reads_mapping/software/vg/deps/htslib -I/Users/kazumichi/Downloads/BioHack26/PGGB_short_reads_mapping/software/vg/include  -fvisibility=hidden  -I.  -c -o hts.o hts.c
cc -L/usr/local/lib -L/opt/homebrew/Caskroom/miniforge/base/envs/bh26/lib -L/Users/kazumichi/Downloads/BioHack26/PGGB_short_reads_mapping/software/vg/lib  -fvisibility=hidden  -o test/hts_endian test/hts_endian.o -ldeflate -llzma -lbz2 -lz  
cc -L/usr/local/lib -L/opt/homebrew/Caskroom/miniforge/base/envs/bh26/lib -L/Users/kazumichi/Downloads/BioHack26/PGGB_short_reads_mapping/software/vg/lib  -fvisibility=hidden  -o test/plugins-dlhts test/plugins-dlhts.o -ldeflate -llzma -lbz2 -lz  
cc -L/usr/local/lib -L/opt/homebrew/Caskroom/miniforge/base/envs/bh26/lib -L/Users/kazumichi/Downloads/BioHack26/PGGB_short_reads_mapping/software/vg/lib  -fvisibility=hidden  -o test/test_time_funcs test/test_time_funcs.o
Generating turtle_lexer.c
cc -dynamiclib -install_name /Users/kazumichi/Downloads/BioHack26/PGGB_short_reads_mapping/software/vg/lib/libhts.3.dylib -current_version 3.1.19 -compatibility_version 3.1.19 -L/usr/local/lib -L/opt/homebrew/Caskroom/miniforge/base/envs/bh26/lib -L/Users/kazumichi/Downloads/BioHack26/PGGB_short_reads_mapping/software/vg/lib  -fvisibility=hidden  -o libhts.dylib kfunc.o kstring.o bcf_sr_sort.o bgzf.o errmod.o faidx.o header.o hfile.o hts.o hts_expr.o hts_os.o md5.o multipart.o probaln.o realn.o regidx.o region.o sam.o sam_mods.o synced_bcf_reader.o vcf_sweep.o tbx.o textutils.o thread_pool.o vcf.o vcfutils.o cram/cram_codecs.o cram/cram_decode.o cram/cram_encode.o cram/cram_external.o cram/cram_index.o cram/cram_io.o cram/cram_stats.o cram/mFILE.o cram/open_trace_file.o cram/pooled_alloc.o cram/string_alloc.o htscodecs/htscodecs/arith_dynamic.o htscodecs/htscodecs/fqzcomp_qual.o htscodecs/htscodecs/htscodecs.o htscodecs/htscodecs/pack.o htscodecs/htscodecs/rANS_static4x16pr.o htscodecs/htscodecs/rANS_static32x16pr_avx2.o htscodecs/htscodecs/rANS_static32x16pr_avx512.o htscodecs/htscodecs/rANS_static32x16pr_sse4.o htscodecs/htscodecs/rANS_static32x16pr_neon.o htscodecs/htscodecs/rANS_static32x16pr.o htscodecs/htscodecs/rANS_static.o htscodecs/htscodecs/rle.o htscodecs/htscodecs/tokenise_name3.o htscodecs/htscodecs/utils.o   -ldeflate -llzma -lbz2 -lz  
ar -rc libhts.a kfunc.o kstring.o bcf_sr_sort.o bgzf.o errmod.o faidx.o header.o hfile.o hts.o hts_expr.o hts_os.o md5.o multipart.o probaln.o realn.o regidx.o region.o sam.o sam_mods.o synced_bcf_reader.o vcf_sweep.o tbx.o textutils.o thread_pool.o vcf.o vcfutils.o cram/cram_codecs.o cram/cram_decode.o cram/cram_encode.o cram/cram_external.o cram/cram_index.o cram/cram_io.o cram/cram_stats.o cram/mFILE.o cram/open_trace_file.o cram/pooled_alloc.o cram/string_alloc.o htscodecs/htscodecs/arith_dynamic.o htscodecs/htscodecs/fqzcomp_qual.o htscodecs/htscodecs/htscodecs.o htscodecs/htscodecs/pack.o htscodecs/htscodecs/rANS_static4x16pr.o htscodecs/htscodecs/rANS_static32x16pr_avx2.o htscodecs/htscodecs/rANS_static32x16pr_avx512.o htscodecs/htscodecs/rANS_static32x16pr_sse4.o htscodecs/htscodecs/rANS_static32x16pr_neon.o htscodecs/htscodecs/rANS_static32x16pr.o htscodecs/htscodecs/rANS_static.o htscodecs/htscodecs/rle.o htscodecs/htscodecs/tokenise_name3.o htscodecs/htscodecs/utils.o  
ranlib libhts.a
ln -sf libhts.dylib libhts.3.dylib
cc -L/usr/local/lib -L/opt/homebrew/Caskroom/miniforge/base/envs/bh26/lib -L/Users/kazumichi/Downloads/BioHack26/PGGB_short_reads_mapping/software/vg/lib  -fvisibility=hidden  -o annot-tsv annot-tsv.o libhts.a -ldeflate -llzma -lbz2 -lz   -lpthread
cc -L/usr/local/lib -L/opt/homebrew/Caskroom/miniforge/base/envs/bh26/lib -L/Users/kazumichi/Downloads/BioHack26/PGGB_short_reads_mapping/software/vg/lib  -fvisibility=hidden  -o bgzip bgzip.o libhts.a -ldeflate -llzma -lbz2 -lz   -lpthread
cc -L/usr/local/lib -L/opt/homebrew/Caskroom/miniforge/base/envs/bh26/lib -L/Users/kazumichi/Downloads/BioHack26/PGGB_short_reads_mapping/software/vg/lib  -fvisibility=hidden  -o htsfile htsfile.o libhts.a -ldeflate -llzma -lbz2 -lz   -lpthread
cc -L/usr/local/lib -L/opt/homebrew/Caskroom/miniforge/base/envs/bh26/lib -L/Users/kazumichi/Downloads/BioHack26/PGGB_short_reads_mapping/software/vg/lib  -fvisibility=hidden  -o tabix tabix.o libhts.a -ldeflate -llzma -lbz2 -lz   -lpthread
cc -L/usr/local/lib -L/opt/homebrew/Caskroom/miniforge/base/envs/bh26/lib -L/Users/kazumichi/Downloads/BioHack26/PGGB_short_reads_mapping/software/vg/lib  -fvisibility=hidden  -o test/fieldarith test/fieldarith.o libhts.a -ldeflate -llzma -lbz2 -lz   -lpthread
cc -L/usr/local/lib -L/opt/homebrew/Caskroom/miniforge/base/envs/bh26/lib -L/Users/kazumichi/Downloads/BioHack26/PGGB_short_reads_mapping/software/vg/lib  -fvisibility=hidden  -o test/hfile test/hfile.o libhts.a -ldeflate -llzma -lbz2 -lz   -lpthread
cc -L/usr/local/lib -L/opt/homebrew/Caskroom/miniforge/base/envs/bh26/lib -L/Users/kazumichi/Downloads/BioHack26/PGGB_short_reads_mapping/software/vg/lib  -fvisibility=hidden  -o test/pileup test/pileup.o libhts.a -ldeflate -llzma -lbz2 -lz   -lpthread
cc -L/usr/local/lib -L/opt/homebrew/Caskroom/miniforge/base/envs/bh26/lib -L/Users/kazumichi/Downloads/BioHack26/PGGB_short_reads_mapping/software/vg/lib  -fvisibility=hidden  -o test/pileup_mod test/pileup_mod.o libhts.a -ldeflate -llzma -lbz2 -lz   -lpthread
cc -L/usr/local/lib -L/opt/homebrew/Caskroom/miniforge/base/envs/bh26/lib -L/Users/kazumichi/Downloads/BioHack26/PGGB_short_reads_mapping/software/vg/lib  -fvisibility=hidden  -o test/sam test/sam.o libhts.a -ldeflate -llzma -lbz2 -lz   -lpthread
cc -L/usr/local/lib -L/opt/homebrew/Caskroom/miniforge/base/envs/bh26/lib -L/Users/kazumichi/Downloads/BioHack26/PGGB_short_reads_mapping/software/vg/lib  -fvisibility=hidden  -o test/test_bgzf test/test_bgzf.o libhts.a -lz -ldeflate -llzma -lbz2 -lz   -lpthread
cc -L/usr/local/lib -L/opt/homebrew/Caskroom/miniforge/base/envs/bh26/lib -L/Users/kazumichi/Downloads/BioHack26/PGGB_short_reads_mapping/software/vg/lib  -fvisibility=hidden  -o test/test_expr test/test_expr.o libhts.a -lz -ldeflate -llzma -lbz2 -lz   -lpthread
cc -L/usr/local/lib -L/opt/homebrew/Caskroom/miniforge/base/envs/bh26/lib -L/Users/kazumichi/Downloads/BioHack26/PGGB_short_reads_mapping/software/vg/lib  -fvisibility=hidden  -o test/test_faidx test/test_faidx.o libhts.a -lz -ldeflate -llzma -lbz2 -lz   -lpthread
cc -L/usr/local/lib -L/opt/homebrew/Caskroom/miniforge/base/envs/bh26/lib -L/Users/kazumichi/Downloads/BioHack26/PGGB_short_reads_mapping/software/vg/lib  -fvisibility=hidden  -o test/test_kfunc test/test_kfunc.o libhts.a -lz -ldeflate -llzma -lbz2 -lz   -lpthread
cc -L/usr/local/lib -L/opt/homebrew/Caskroom/miniforge/base/envs/bh26/lib -L/Users/kazumichi/Downloads/BioHack26/PGGB_short_reads_mapping/software/vg/lib  -fvisibility=hidden  -o test/test_kstring test/test_kstring.o libhts.a -lz -ldeflate -llzma -lbz2 -lz   -lpthread
cc -L/usr/local/lib -L/opt/homebrew/Caskroom/miniforge/base/envs/bh26/lib -L/Users/kazumichi/Downloads/BioHack26/PGGB_short_reads_mapping/software/vg/lib  -fvisibility=hidden  -o test/test_mod test/test_mod.o libhts.a -ldeflate -llzma -lbz2 -lz   -lpthread
cc -L/usr/local/lib -L/opt/homebrew/Caskroom/miniforge/base/envs/bh26/lib -L/Users/kazumichi/Downloads/BioHack26/PGGB_short_reads_mapping/software/vg/lib  -fvisibility=hidden  -o test/test_realn test/test_realn.o libhts.a -ldeflate -llzma -lbz2 -lz   -lpthread
ld: warning: ignoring duplicate libraries: '-lz'
ld: warning: ignoring duplicate libraries: '-lz'
ld: warning: ignoring duplicate libraries: '-lz'
ld: warning: ignoring duplicate libraries: '-lz'
[  1%] Built target turtle_flex_tgt
ld: warning: ignoring duplicate libraries: '-lz'
cc -L/usr/local/lib -L/opt/homebrew/Caskroom/miniforge/base/envs/bh26/lib -L/Users/kazumichi/Downloads/BioHack26/PGGB_short_reads_mapping/software/vg/lib  -fvisibility=hidden  -o test/test-regidx test/test-regidx.o libhts.a -ldeflate -llzma -lbz2 -lz   -lpthread
[  1%] Generating parsedate.tab.c
[  2%] Generating turtle_parser.tab.c
cc -L/usr/local/lib -L/opt/homebrew/Caskroom/miniforge/base/envs/bh26/lib -L/Users/kazumichi/Downloads/BioHack26/PGGB_short_reads_mapping/software/vg/lib  -fvisibility=hidden  -o test/test_str2int test/test_str2int.o libhts.a -ldeflate -llzma -lbz2 -lz   -lpthread
cc -L/usr/local/lib -L/opt/homebrew/Caskroom/miniforge/base/envs/bh26/lib -L/Users/kazumichi/Downloads/BioHack26/PGGB_short_reads_mapping/software/vg/lib  -fvisibility=hidden  -o test/test_view test/test_view.o libhts.a -ldeflate -llzma -lbz2 -lz   -lpthread
cc -L/usr/local/lib -L/opt/homebrew/Caskroom/miniforge/base/envs/bh26/lib -L/Users/kazumichi/Downloads/BioHack26/PGGB_short_reads_mapping/software/vg/lib  -fvisibility=hidden  -o test/test_index test/test_index.o libhts.a -ldeflate -llzma -lbz2 -lz   -lpthread
cc -L/usr/local/lib -L/opt/homebrew/Caskroom/miniforge/base/envs/bh26/lib -L/Users/kazumichi/Downloads/BioHack26/PGGB_short_reads_mapping/software/vg/lib  -fvisibility=hidden  -o test/test-vcf-api test/test-vcf-api.o libhts.a -ldeflate -llzma -lbz2 -lz   -lpthread
cc -L/usr/local/lib -L/opt/homebrew/Caskroom/miniforge/base/envs/bh26/lib -L/Users/kazumichi/Downloads/BioHack26/PGGB_short_reads_mapping/software/vg/lib  -fvisibility=hidden  -o test/test-vcf-sweep test/test-vcf-sweep.o libhts.a -ldeflate -llzma -lbz2 -lz   -lpthread
cc -L/usr/local/lib -L/opt/homebrew/Caskroom/miniforge/base/envs/bh26/lib -L/Users/kazumichi/Downloads/BioHack26/PGGB_short_reads_mapping/software/vg/lib  -fvisibility=hidden  -o test/test-bcf-sr test/test-bcf-sr.o libhts.a -lz -ldeflate -llzma -lbz2 -lz   -lpthread
cc -L/usr/local/lib -L/opt/homebrew/Caskroom/miniforge/base/envs/bh26/lib -L/Users/kazumichi/Downloads/BioHack26/PGGB_short_reads_mapping/software/vg/lib  -fvisibility=hidden  -o test/test-bcf-translate test/test-bcf-translate.o libhts.a -lz -ldeflate -llzma -lbz2 -lz   -lpthread
cc -L/usr/local/lib -L/opt/homebrew/Caskroom/miniforge/base/envs/bh26/lib -L/Users/kazumichi/Downloads/BioHack26/PGGB_short_reads_mapping/software/vg/lib  -fvisibility=hidden  -o test/test-parse-reg test/test-parse-reg.o libhts.a -ldeflate -llzma -lbz2 -lz   -lpthread
ld: warning: ignoring duplicate libraries: '-lz'
ld: warning: ignoring duplicate libraries: '-lz'
cc -L/usr/local/lib -L/opt/homebrew/Caskroom/miniforge/base/envs/bh26/lib -L/Users/kazumichi/Downloads/BioHack26/PGGB_short_reads_mapping/software/vg/lib  -fvisibility=hidden  -o test/test_introspection test/test_introspection.o libhts.a -ldeflate -llzma -lbz2 -lz   -lpthread
cc -L/usr/local/lib -L/opt/homebrew/Caskroom/miniforge/base/envs/bh26/lib -L/Users/kazumichi/Downloads/BioHack26/PGGB_short_reads_mapping/software/vg/lib  -fvisibility=hidden  -o test/test-bcf_set_variant_type test/test-bcf_set_variant_type.o libhts.a -ldeflate -llzma -lbz2 -lz   -lpthread
[  2%] Built target parsedate_tables_tgt
[  2%] Built target turtle_tables_tgt
[  2%] Built target turtle_lexer_tgt
mkdir -p -m 755 /Users/kazumichi/Downloads/BioHack26/PGGB_short_reads_mapping/software/vg/bin /Users/kazumichi/Downloads/BioHack26/PGGB_short_reads_mapping/software/vg/include /Users/kazumichi/Downloads/BioHack26/PGGB_short_reads_mapping/software/vg/include/htslib /Users/kazumichi/Downloads/BioHack26/PGGB_short_reads_mapping/software/vg/lib /Users/kazumichi/Downloads/BioHack26/PGGB_short_reads_mapping/software/vg/share/man/man1 /Users/kazumichi/Downloads/BioHack26/PGGB_short_reads_mapping/software/vg/share/man/man5 /Users/kazumichi/Downloads/BioHack26/PGGB_short_reads_mapping/software/vg/share/man/man7 /Users/kazumichi/Downloads/BioHack26/PGGB_short_reads_mapping/software/vg/lib/pkgconfig
if test -n ""; then mkdir -p -m 755 ; fi
sed -e 's#@-includedir@#/Users/kazumichi/Downloads/BioHack26/PGGB_short_reads_mapping/software/vg/include#g;s#@-libdir@#/Users/kazumichi/Downloads/BioHack26/PGGB_short_reads_mapping/software/vg/lib#g;s#@-PACKAGE_VERSION@#1.19.1-29-g3cfe8769#g' htslib.pc.tmp > /Users/kazumichi/Downloads/BioHack26/PGGB_short_reads_mapping/software/vg/lib/pkgconfig/htslib.pc
chmod 644 /Users/kazumichi/Downloads/BioHack26/PGGB_short_reads_mapping/software/vg/lib/pkgconfig/htslib.pc
[  3%] Built target parsedate_tgt
[  4%] Built target turtle_parser_tgt
install -p libhts.dylib /Users/kazumichi/Downloads/BioHack26/PGGB_short_reads_mapping/software/vg/lib/libhts.1.19.1-29-g3cfe8769.dylib
ln -sf libhts.1.19.1-29-g3cfe8769.dylib /Users/kazumichi/Downloads/BioHack26/PGGB_short_reads_mapping/software/vg/lib/libhts.dylib
ln -sf libhts.1.19.1-29-g3cfe8769.dylib /Users/kazumichi/Downloads/BioHack26/PGGB_short_reads_mapping/software/vg/lib/libhts.3.dylib
install -p annot-tsv bgzip htsfile tabix /Users/kazumichi/Downloads/BioHack26/PGGB_short_reads_mapping/software/vg/bin
if test -n ""; then install -p  ; fi
install -p -m 644 htslib/*.h /Users/kazumichi/Downloads/BioHack26/PGGB_short_reads_mapping/software/vg/include/htslib
install -p -m 644 libhts.a /Users/kazumichi/Downloads/BioHack26/PGGB_short_reads_mapping/software/vg/lib/libhts.a
install -p -m 644 annot-tsv.1 bgzip.1 htsfile.1 tabix.1 /Users/kazumichi/Downloads/BioHack26/PGGB_short_reads_mapping/software/vg/share/man/man1
install -p -m 644 faidx.5 sam.5 vcf.5 /Users/kazumichi/Downloads/BioHack26/PGGB_short_reads_mapping/software/vg/share/man/man5
install -p -m 644 htslib-s3-plugin.7 /Users/kazumichi/Downloads/BioHack26/PGGB_short_reads_mapping/software/vg/share/man/man7
[  5%] Building C object src/CMakeFiles/raptor2.dir/raptor_escaped.c.o
[  6%] Building C object src/CMakeFiles/raptor2.dir/raptor_iostream.c.o
[  7%] Building C object src/CMakeFiles/raptor2.dir/raptor_concepts.c.o
[  8%] Building C object src/CMakeFiles/raptor2.dir/raptor_avltree.c.o
[  8%] Building C object src/CMakeFiles/raptor2.dir/raptor_general.c.o
[  9%] Building C object src/CMakeFiles/raptor2.dir/raptor_namespace.c.o
[ 10%] Building C object src/CMakeFiles/raptor2.dir/raptor_locator.c.o
[ 11%] Building C object src/CMakeFiles/raptor2.dir/raptor_json_writer.c.o
[ 12%] Building C object src/CMakeFiles/raptor2.dir/raptor_memstr.c.o
[ 13%] Building C object src/CMakeFiles/raptor2.dir/raptor_log.c.o
[ 14%] Building C object src/CMakeFiles/raptor2.dir/raptor_option.c.o
[ 15%] Building C object src/CMakeFiles/raptor2.dir/raptor_parse.c.o
[ 16%] Building C object src/CMakeFiles/raptor2.dir/raptor_qname.c.o
[ 16%] Building C object src/CMakeFiles/raptor2.dir/raptor_rfc2396.c.o
[ 17%] Building C object src/CMakeFiles/raptor2.dir/raptor_sax2.c.o
[ 18%] Building C object src/CMakeFiles/raptor2.dir/raptor_sequence.c.o
[ 19%] Building C object src/CMakeFiles/raptor2.dir/raptor_serialize.c.o
[ 20%] Building C object src/CMakeFiles/raptor2.dir/raptor_set.c.o
[ 21%] Building C object src/CMakeFiles/raptor2.dir/raptor_stringbuffer.c.o
[ 22%] Building C object src/CMakeFiles/raptor2.dir/raptor_syntax_description.c.o
[ 23%] Building C object src/CMakeFiles/raptor2.dir/raptor_statement.c.o
[ 24%] Building C object src/CMakeFiles/raptor2.dir/raptor_term.c.o
[ 25%] Building C object src/CMakeFiles/raptor2.dir/raptor_turtle_writer.c.o
[ 25%] Building C object src/CMakeFiles/raptor2.dir/raptor_unicode.c.o
[ 26%] Building C object src/CMakeFiles/raptor2.dir/raptor_uri.c.o
[ 27%] Building C object src/CMakeFiles/raptor2.dir/raptor_www.c.o
[ 28%] Building C object src/CMakeFiles/raptor2.dir/raptor_xml.c.o
[ 29%] Building C object src/CMakeFiles/raptor2.dir/raptor_xml_writer.c.o
[ 30%] Building C object src/CMakeFiles/raptor2.dir/snprintf.c.o
[ 31%] Building C object src/CMakeFiles/raptor2.dir/sort_r.c.o
[ 32%] Building C object src/CMakeFiles/raptor2.dir/ntriples_parse.c.o
[ 33%] Building C object src/CMakeFiles/raptor2.dir/turtle_common.c.o
[ 34%] Building C object src/CMakeFiles/raptor2.dir/raptor_ntriples.c.o
[ 34%] Building C object src/CMakeFiles/raptor2.dir/turtle_lexer.c.o
[ 35%] Building C object src/CMakeFiles/raptor2.dir/turtle_parser.c.o
[ 36%] Building C object src/CMakeFiles/raptor2.dir/raptor_rss.c.o
[ 37%] Building C object src/CMakeFiles/raptor2.dir/raptor_rss_common.c.o
[ 38%] Building C object src/CMakeFiles/raptor2.dir/raptor_guess.c.o
[ 39%] Building C object src/CMakeFiles/raptor2.dir/raptor_serialize_rdfxml.c.o
[ 40%] Building C object src/CMakeFiles/raptor2.dir/raptor_serialize_ntriples.c.o
[ 41%] Building C object src/CMakeFiles/raptor2.dir/raptor_abbrev.c.o
[ 42%] Building C object src/CMakeFiles/raptor2.dir/raptor_serialize_rdfxmla.c.o
[ 43%] Building C object src/CMakeFiles/raptor2.dir/raptor_librdfa.c.o
[ 43%] Building C object src/CMakeFiles/raptor2.dir/raptor_serialize_turtle.c.o
[ 44%] Building C object src/CMakeFiles/raptor2.dir/raptor_serialize_rss.c.o
[ 45%] Building C object src/CMakeFiles/raptor2.dir/raptor_serialize_dot.c.o
[ 46%] Building C object src/CMakeFiles/raptor2.dir/raptor_serialize_html.c.o
[ 47%] Building C object src/CMakeFiles/raptor2.dir/raptor_serialize_json.c.o
[ 48%] Building C object src/CMakeFiles/raptor2.dir/__/librdfa/context.c.o
[ 49%] Building C object src/CMakeFiles/raptor2.dir/__/librdfa/iri.c.o
[ 50%] Building C object src/CMakeFiles/raptor2.dir/__/librdfa/curie.c.o
[ 51%] Building C object src/CMakeFiles/raptor2.dir/__/librdfa/language.c.o
[ 52%] Building C object src/CMakeFiles/raptor2.dir/__/librdfa/namespace.c.o
[ 52%] Building C object src/CMakeFiles/raptor2.dir/__/librdfa/lists.c.o
[ 53%] Building C object src/CMakeFiles/raptor2.dir/__/librdfa/rdfa.c.o
[ 54%] Building C object src/CMakeFiles/raptor2.dir/__/librdfa/rdfa_utils.c.o
[ 55%] Building C object src/CMakeFiles/raptor2.dir/__/librdfa/strtok_r.c.o
[ 56%] Building C object src/CMakeFiles/raptor2.dir/__/librdfa/subject.c.o
[ 57%] Building C object src/CMakeFiles/raptor2.dir/__/librdfa/triple.c.o
[ 58%] Building C object src/CMakeFiles/raptor2.dir/parsedate.c.o
/Users/kazumichi/Downloads/BioHack26/PGGB_short_reads_mapping/software/vg/deps/raptor/src/parsedate.y:148:9: warning: 'YYSTYPE' macro redefined [-Wmacro-redefined]
  148 | #define YYSTYPE date_ll
      |         ^
/Users/kazumichi/Downloads/BioHack26/PGGB_short_reads_mapping/software/vg/deps/raptor/build/src/parsedate.c:67:9: note: previous definition is here
   67 | #define YYSTYPE         RAPTOR_PARSEDATE_STYPE
      |         ^
1 warning generated.
[ 59%] Linking C static library libraptor2.a
[ 62%] Built target raptor2
[ 63%] Building C object src/CMakeFiles/raptor_rfc2396_test.dir/raptor_rfc2396.c.o
[ 64%] Building C object src/CMakeFiles/turtle_parser_test.dir/turtle_parser.c.o
[ 65%] Building C object src/CMakeFiles/turtle_lexer_test.dir/turtle_lexer.c.o
[ 66%] Building C object src/CMakeFiles/raptor_uri_test.dir/raptor_uri.c.o
[ 67%] Building C object src/CMakeFiles/raptor_namespace_test.dir/raptor_namespace.c.o
[ 67%] Building C object src/CMakeFiles/raptor_sequence_test.dir/raptor_sequence.c.o
[ 67%] Building C object src/CMakeFiles/strcasecmp_test.dir/strcasecmp.c.o
[ 68%] Building C object src/CMakeFiles/raptor_stringbuffer_test.dir/raptor_stringbuffer.c.o
[ 69%] Building C object src/CMakeFiles/raptor_parse_test.dir/raptor_parse.c.o
[ 69%] Building C object src/CMakeFiles/raptor_iostream_test.dir/raptor_iostream.c.o
[ 70%] Building C object src/CMakeFiles/raptor_www_test.dir/raptor_www_test.c.o
[ 71%] Linking C executable strcasecmp_test
[ 72%] Linking C executable raptor_rfc2396_test
[ 73%] Linking C executable raptor_uri_test
[ 74%] Linking C executable raptor_namespace_test
[ 75%] Linking C executable raptor_sequence_test
[ 76%] Linking C executable raptor_stringbuffer_test
[ 77%] Linking C executable turtle_lexer_test
[ 78%] Linking C executable turtle_parser_test
[ 79%] Linking C executable raptor_parse_test
[ 80%] Linking C executable raptor_www_test
[ 81%] Linking C executable raptor_iostream_test
[ 81%] Built target strcasecmp_test
[ 81%] Built target raptor_rfc2396_test
[ 81%] Built target raptor_namespace_test
[ 81%] Built target raptor_uri_test
[ 81%] Built target raptor_sequence_test
[ 82%] Built target turtle_lexer_test
[ 82%] Built target raptor_stringbuffer_test
[ 83%] Built target turtle_parser_test
[ 83%] Built target raptor_www_test
[ 83%] Built target raptor_parse_test
[ 83%] Built target raptor_iostream_test
[ 84%] Building C object src/CMakeFiles/raptor_xml_writer_test.dir/raptor_xml_writer.c.o
[ 84%] Building C object src/CMakeFiles/raptor_turtle_writer_test.dir/raptor_turtle_writer.c.o
[ 85%] Building C object src/CMakeFiles/raptor_avltree_test.dir/raptor_avltree.c.o
[ 86%] Building C object src/CMakeFiles/raptor_term_test.dir/raptor_term.c.o
[ 87%] Building C object src/CMakeFiles/raptor_snprintf_test.dir/snprintf.c.o
[ 88%] Building C object src/CMakeFiles/raptor_permute_test.dir/raptor_permute_test.c.o
[ 89%] Building C object utils/CMakeFiles/rapper.dir/rapper.c.o
[ 90%] Building C object src/CMakeFiles/raptor_sort_r_test.dir/sort_r.c.o
[ 91%] Building C object utils/CMakeFiles/rdfdiff.dir/rdfdiff.c.o
[ 92%] Linking C executable raptor_xml_writer_test
[ 93%] Linking C executable raptor_avltree_test
[ 94%] Linking C executable raptor_turtle_writer_test
[ 95%] Linking C executable raptor_snprintf_test
[ 96%] Linking C executable raptor_sort_r_test
[ 97%] Linking C executable raptor_permute_test
[ 98%] Linking C executable raptor_term_test
[100%] Linking C executable rdfdiff
[100%] Linking C executable rapper
[100%] Built target raptor_xml_writer_test
[100%] Built target raptor_turtle_writer_test
[100%] Built target raptor_avltree_test
[100%] Built target raptor_sort_r_test
[100%] Built target raptor_snprintf_test
[100%] Built target raptor_permute_test
[100%] Built target raptor_term_test
[100%] Built target rapper
[100%] Built target rdfdiff
touch lib/libraptor2.a
[100%] Linking CXX static library ../../../lib/libgtest.a
cd /Users/kazumichi/Downloads/BioHack26/PGGB_short_reads_mapping/software/vg/deps/sdsl-lite/build/external/googletest/googletest && /opt/homebrew/Caskroom/miniforge/base/envs/bh26/bin/cmake -P CMakeFiles/gtest.dir/cmake_clean_target.cmake
cd /Users/kazumichi/Downloads/BioHack26/PGGB_short_reads_mapping/software/vg/deps/sdsl-lite/build/external/googletest/googletest && /opt/homebrew/Caskroom/miniforge/base/envs/bh26/bin/cmake -E cmake_link_script CMakeFiles/gtest.dir/link.txt --verbose=1
/usr/bin/ar qc ../../../lib/libgtest.a "CMakeFiles/gtest.dir/src/gtest-all.cc.o"
/usr/bin/ranlib ../../../lib/libgtest.a
[100%] Built target gtest
/Library/Developer/CommandLineTools/usr/bin/make  -f external/googletest/googletest/CMakeFiles/gtest_main.dir/build.make external/googletest/googletest/CMakeFiles/gtest_main.dir/depend
cd /Users/kazumichi/Downloads/BioHack26/PGGB_short_reads_mapping/software/vg/deps/sdsl-lite/build && /opt/homebrew/Caskroom/miniforge/base/envs/bh26/bin/cmake -E cmake_depends "Unix Makefiles" /Users/kazumichi/Downloads/BioHack26/PGGB_short_reads_mapping/software/vg/deps/sdsl-lite /Users/kazumichi/Downloads/BioHack26/PGGB_short_reads_mapping/software/vg/deps/sdsl-lite/external/googletest/googletest /Users/kazumichi/Downloads/BioHack26/PGGB_short_reads_mapping/software/vg/deps/sdsl-lite/build /Users/kazumichi/Downloads/BioHack26/PGGB_short_reads_mapping/software/vg/deps/sdsl-lite/build/external/googletest/googletest /Users/kazumichi/Downloads/BioHack26/PGGB_short_reads_mapping/software/vg/deps/sdsl-lite/build/external/googletest/googletest/CMakeFiles/gtest_main.dir/DependInfo.cmake "--color=" gtest_main
/Library/Developer/CommandLineTools/usr/bin/make  -f external/googletest/googletest/CMakeFiles/gtest_main.dir/build.make external/googletest/googletest/CMakeFiles/gtest_main.dir/build
[100%] Building CXX object external/googletest/googletest/CMakeFiles/gtest_main.dir/src/gtest_main.cc.o
cd /Users/kazumichi/Downloads/BioHack26/PGGB_short_reads_mapping/software/vg/deps/sdsl-lite/build/external/googletest/googletest && /usr/bin/c++ -DMODE_TI -isystem /Users/kazumichi/Downloads/BioHack26/PGGB_short_reads_mapping/software/vg/deps/sdsl-lite/external/googletest/googletest/include -isystem /Users/kazumichi/Downloads/BioHack26/PGGB_short_reads_mapping/software/vg/deps/sdsl-lite/external/googletest/googletest -fPIC -std=c++20 -O3 -Werror=return-type -ggdb -g   -Xpreprocessor -fopenmp -std=c++17 -DNDEBUG -stdlib=libc++ -O3 -DNDEBUG -arch arm64  -DGTEST_HAS_PTHREAD=1   -MD -MT external/googletest/googletest/CMakeFiles/gtest_main.dir/src/gtest_main.cc.o -MF CMakeFiles/gtest_main.dir/src/gtest_main.cc.o.d -o CMakeFiles/gtest_main.dir/src/gtest_main.cc.o -c /Users/kazumichi/Downloads/BioHack26/PGGB_short_reads_mapping/software/vg/deps/sdsl-lite/external/googletest/googletest/src/gtest_main.cc
[100%] Linking CXX static library ../../../lib/libgtest_main.a
cd /Users/kazumichi/Downloads/BioHack26/PGGB_short_reads_mapping/software/vg/deps/sdsl-lite/build/external/googletest/googletest && /opt/homebrew/Caskroom/miniforge/base/envs/bh26/bin/cmake -P CMakeFiles/gtest_main.dir/cmake_clean_target.cmake
cd /Users/kazumichi/Downloads/BioHack26/PGGB_short_reads_mapping/software/vg/deps/sdsl-lite/build/external/googletest/googletest && /opt/homebrew/Caskroom/miniforge/base/envs/bh26/bin/cmake -E cmake_link_script CMakeFiles/gtest_main.dir/link.txt --verbose=1
/usr/bin/ar qc ../../../lib/libgtest_main.a CMakeFiles/gtest_main.dir/src/gtest_main.cc.o
/usr/bin/ranlib ../../../lib/libgtest_main.a
[100%] Built target gtest_main
/opt/homebrew/Caskroom/miniforge/base/envs/bh26/bin/cmake -E cmake_progress_start /Users/kazumichi/Downloads/BioHack26/PGGB_short_reads_mapping/software/vg/deps/sdsl-lite/build/CMakeFiles 0
/Library/Developer/CommandLineTools/usr/bin/make  -f CMakeFiles/Makefile2 preinstall
make[2]: Nothing to be done for `preinstall'.
Install the project...
/opt/homebrew/Caskroom/miniforge/base/envs/bh26/bin/cmake -P cmake_install.cmake
-- Install configuration: "Release"
-- Installing: /Users/kazumichi/Downloads/BioHack26/PGGB_short_reads_mapping/software/vg/lib/pkgconfig/sdsl-lite.pc
-- Installing: /Users/kazumichi/Downloads/BioHack26/PGGB_short_reads_mapping/software/vg/lib/pkgconfig/libdivsufsort.pc
-- Installing: /Users/kazumichi/Downloads/BioHack26/PGGB_short_reads_mapping/software/vg/lib/pkgconfig/libdivsufsort64.pc
-- Installing: /Users/kazumichi/Downloads/BioHack26/PGGB_short_reads_mapping/software/vg/include/divsufsort.h
-- Installing: /Users/kazumichi/Downloads/BioHack26/PGGB_short_reads_mapping/software/vg/include/divsufsort64.h
-- Installing: /Users/kazumichi/Downloads/BioHack26/PGGB_short_reads_mapping/software/vg/lib/libdivsufsort.a
-- Installing: /Users/kazumichi/Downloads/BioHack26/PGGB_short_reads_mapping/software/vg/lib/libdivsufsort64.a
-- Installing: /Users/kazumichi/Downloads/BioHack26/PGGB_short_reads_mapping/software/vg/include/sdsl/bit_vector_il.hpp
-- Installing: /Users/kazumichi/Downloads/BioHack26/PGGB_short_reads_mapping/software/vg/include/sdsl/bit_vectors.hpp
-- Installing: /Users/kazumichi/Downloads/BioHack26/PGGB_short_reads_mapping/software/vg/include/sdsl/bits.hpp
-- Installing: /Users/kazumichi/Downloads/BioHack26/PGGB_short_reads_mapping/software/vg/include/sdsl/bp_support.hpp
-- Installing: /Users/kazumichi/Downloads/BioHack26/PGGB_short_reads_mapping/software/vg/include/sdsl/bp_support_algorithm.hpp
-- Installing: /Users/kazumichi/Downloads/BioHack26/PGGB_short_reads_mapping/software/vg/include/sdsl/bp_support_g.hpp
-- Installing: /Users/kazumichi/Downloads/BioHack26/PGGB_short_reads_mapping/software/vg/include/sdsl/bp_support_gg.hpp
-- Installing: /Users/kazumichi/Downloads/BioHack26/PGGB_short_reads_mapping/software/vg/include/sdsl/bp_support_sada.hpp
-- Installing: /Users/kazumichi/Downloads/BioHack26/PGGB_short_reads_mapping/software/vg/include/sdsl/coder.hpp
-- Installing: /Users/kazumichi/Downloads/BioHack26/PGGB_short_reads_mapping/software/vg/include/sdsl/coder_comma.hpp
-- Installing: /Users/kazumichi/Downloads/BioHack26/PGGB_short_reads_mapping/software/vg/include/sdsl/coder_elias_delta.hpp
-- Installing: /Users/kazumichi/Downloads/BioHack26/PGGB_short_reads_mapping/software/vg/include/sdsl/coder_elias_gamma.hpp
-- Installing: /Users/kazumichi/Downloads/BioHack26/PGGB_short_reads_mapping/software/vg/include/sdsl/coder_fibonacci.hpp
-- Installing: /Users/kazumichi/Downloads/BioHack26/PGGB_short_reads_mapping/software/vg/include/sdsl/config.hpp
-- Installing: /Users/kazumichi/Downloads/BioHack26/PGGB_short_reads_mapping/software/vg/include/sdsl/construct.hpp
-- Installing: /Users/kazumichi/Downloads/BioHack26/PGGB_short_reads_mapping/software/vg/include/sdsl/construct_bwt.hpp
-- Installing: /Users/kazumichi/Downloads/BioHack26/PGGB_short_reads_mapping/software/vg/include/sdsl/construct_config.hpp
-- Installing: /Users/kazumichi/Downloads/BioHack26/PGGB_short_reads_mapping/software/vg/include/sdsl/construct_isa.hpp
-- Installing: /Users/kazumichi/Downloads/BioHack26/PGGB_short_reads_mapping/software/vg/include/sdsl/construct_lcp.hpp
-- Installing: /Users/kazumichi/Downloads/BioHack26/PGGB_short_reads_mapping/software/vg/include/sdsl/construct_lcp_helper.hpp
-- Installing: /Users/kazumichi/Downloads/BioHack26/PGGB_short_reads_mapping/software/vg/include/sdsl/construct_sa.hpp
-- Installing: /Users/kazumichi/Downloads/BioHack26/PGGB_short_reads_mapping/software/vg/include/sdsl/construct_sa_se.hpp
-- Installing: /Users/kazumichi/Downloads/BioHack26/PGGB_short_reads_mapping/software/vg/include/sdsl/csa_alphabet_strategy.hpp
-- Installing: /Users/kazumichi/Downloads/BioHack26/PGGB_short_reads_mapping/software/vg/include/sdsl/csa_bitcompressed.hpp
-- Installing: /Users/kazumichi/Downloads/BioHack26/PGGB_short_reads_mapping/software/vg/include/sdsl/csa_sada.hpp
-- Installing: /Users/kazumichi/Downloads/BioHack26/PGGB_short_reads_mapping/software/vg/include/sdsl/csa_sampling_strategy.hpp
-- Installing: /Users/kazumichi/Downloads/BioHack26/PGGB_short_reads_mapping/software/vg/include/sdsl/csa_wt.hpp
-- Installing: /Users/kazumichi/Downloads/BioHack26/PGGB_short_reads_mapping/software/vg/include/sdsl/cst_fully.hpp
-- Installing: /Users/kazumichi/Downloads/BioHack26/PGGB_short_reads_mapping/software/vg/include/sdsl/cst_iterators.hpp
-- Installing: /Users/kazumichi/Downloads/BioHack26/PGGB_short_reads_mapping/software/vg/include/sdsl/cst_sada.hpp
-- Installing: /Users/kazumichi/Downloads/BioHack26/PGGB_short_reads_mapping/software/vg/include/sdsl/cst_sct3.hpp
-- Installing: /Users/kazumichi/Downloads/BioHack26/PGGB_short_reads_mapping/software/vg/include/sdsl/dac_vector.hpp
-- Installing: /Users/kazumichi/Downloads/BioHack26/PGGB_short_reads_mapping/software/vg/include/sdsl/enc_vector.hpp
-- Installing: /Users/kazumichi/Downloads/BioHack26/PGGB_short_reads_mapping/software/vg/include/sdsl/fast_cache.hpp
-- Installing: /Users/kazumichi/Downloads/BioHack26/PGGB_short_reads_mapping/software/vg/include/sdsl/hyb_vector.hpp
-- Installing: /Users/kazumichi/Downloads/BioHack26/PGGB_short_reads_mapping/software/vg/include/sdsl/int_vector.hpp
-- Installing: /Users/kazumichi/Downloads/BioHack26/PGGB_short_reads_mapping/software/vg/include/sdsl/int_vector_buffer.hpp
-- Installing: /Users/kazumichi/Downloads/BioHack26/PGGB_short_reads_mapping/software/vg/include/sdsl/int_vector_io_wrappers.hpp
-- Installing: /Users/kazumichi/Downloads/BioHack26/PGGB_short_reads_mapping/software/vg/include/sdsl/int_vector_mapper.hpp
-- Installing: /Users/kazumichi/Downloads/BioHack26/PGGB_short_reads_mapping/software/vg/include/sdsl/inv_perm_support.hpp
-- Installing: /Users/kazumichi/Downloads/BioHack26/PGGB_short_reads_mapping/software/vg/include/sdsl/io.hpp
-- Installing: /Users/kazumichi/Downloads/BioHack26/PGGB_short_reads_mapping/software/vg/include/sdsl/iterators.hpp
-- Installing: /Users/kazumichi/Downloads/BioHack26/PGGB_short_reads_mapping/software/vg/include/sdsl/k2_treap.hpp
-- Installing: /Users/kazumichi/Downloads/BioHack26/PGGB_short_reads_mapping/software/vg/include/sdsl/k2_treap_algorithm.hpp
-- Installing: /Users/kazumichi/Downloads/BioHack26/PGGB_short_reads_mapping/software/vg/include/sdsl/k2_treap_helper.hpp
-- Installing: /Users/kazumichi/Downloads/BioHack26/PGGB_short_reads_mapping/software/vg/include/sdsl/k2_tree.hpp
-- Installing: /Users/kazumichi/Downloads/BioHack26/PGGB_short_reads_mapping/software/vg/include/sdsl/k2_tree_helper.hpp
-- Installing: /Users/kazumichi/Downloads/BioHack26/PGGB_short_reads_mapping/software/vg/include/sdsl/lcp.hpp
-- Installing: /Users/kazumichi/Downloads/BioHack26/PGGB_short_reads_mapping/software/vg/include/sdsl/lcp_bitcompressed.hpp
-- Installing: /Users/kazumichi/Downloads/BioHack26/PGGB_short_reads_mapping/software/vg/include/sdsl/lcp_byte.hpp
-- Installing: /Users/kazumichi/Downloads/BioHack26/PGGB_short_reads_mapping/software/vg/include/sdsl/lcp_dac.hpp
-- Installing: /Users/kazumichi/Downloads/BioHack26/PGGB_short_reads_mapping/software/vg/include/sdsl/lcp_support_sada.hpp
-- Installing: /Users/kazumichi/Downloads/BioHack26/PGGB_short_reads_mapping/software/vg/include/sdsl/lcp_support_tree.hpp
-- Installing: /Users/kazumichi/Downloads/BioHack26/PGGB_short_reads_mapping/software/vg/include/sdsl/lcp_support_tree2.hpp
-- Installing: /Users/kazumichi/Downloads/BioHack26/PGGB_short_reads_mapping/software/vg/include/sdsl/lcp_vlc.hpp
-- Installing: /Users/kazumichi/Downloads/BioHack26/PGGB_short_reads_mapping/software/vg/include/sdsl/lcp_wt.hpp
-- Installing: /Users/kazumichi/Downloads/BioHack26/PGGB_short_reads_mapping/software/vg/include/sdsl/louds_tree.hpp
-- Installing: /Users/kazumichi/Downloads/BioHack26/PGGB_short_reads_mapping/software/vg/include/sdsl/memory_management.hpp
-- Installing: /Users/kazumichi/Downloads/BioHack26/PGGB_short_reads_mapping/software/vg/include/sdsl/nearest_neighbour_dictionary.hpp
-- Installing: /Users/kazumichi/Downloads/BioHack26/PGGB_short_reads_mapping/software/vg/include/sdsl/nn_dict_dynamic.hpp
-- Installing: /Users/kazumichi/Downloads/BioHack26/PGGB_short_reads_mapping/software/vg/include/sdsl/qsufsort.hpp
-- Installing: /Users/kazumichi/Downloads/BioHack26/PGGB_short_reads_mapping/software/vg/include/sdsl/ram_filebuf.hpp
-- Installing: /Users/kazumichi/Downloads/BioHack26/PGGB_short_reads_mapping/software/vg/include/sdsl/ram_fs.hpp
-- Installing: /Users/kazumichi/Downloads/BioHack26/PGGB_short_reads_mapping/software/vg/include/sdsl/rank_support.hpp
-- Installing: /Users/kazumichi/Downloads/BioHack26/PGGB_short_reads_mapping/software/vg/include/sdsl/rank_support_scan.hpp
-- Installing: /Users/kazumichi/Downloads/BioHack26/PGGB_short_reads_mapping/software/vg/include/sdsl/rank_support_v.hpp
-- Installing: /Users/kazumichi/Downloads/BioHack26/PGGB_short_reads_mapping/software/vg/include/sdsl/rank_support_v5.hpp
-- Installing: /Users/kazumichi/Downloads/BioHack26/PGGB_short_reads_mapping/software/vg/include/sdsl/raster_img.hpp
-- Installing: /Users/kazumichi/Downloads/BioHack26/PGGB_short_reads_mapping/software/vg/include/sdsl/rle_vector.hpp
-- Installing: /Users/kazumichi/Downloads/BioHack26/PGGB_short_reads_mapping/software/vg/include/sdsl/rmq_succinct_sada.hpp
-- Installing: /Users/kazumichi/Downloads/BioHack26/PGGB_short_reads_mapping/software/vg/include/sdsl/rmq_succinct_sct.hpp
-- Installing: /Users/kazumichi/Downloads/BioHack26/PGGB_short_reads_mapping/software/vg/include/sdsl/rmq_support.hpp
-- Installing: /Users/kazumichi/Downloads/BioHack26/PGGB_short_reads_mapping/software/vg/include/sdsl/rmq_support_sparse_table.hpp
-- Installing: /Users/kazumichi/Downloads/BioHack26/PGGB_short_reads_mapping/software/vg/include/sdsl/rrr_helper.hpp
-- Installing: /Users/kazumichi/Downloads/BioHack26/PGGB_short_reads_mapping/software/vg/include/sdsl/rrr_vector.hpp
-- Installing: /Users/kazumichi/Downloads/BioHack26/PGGB_short_reads_mapping/software/vg/include/sdsl/rrr_vector_15.hpp
-- Installing: /Users/kazumichi/Downloads/BioHack26/PGGB_short_reads_mapping/software/vg/include/sdsl/sd_vector.hpp
-- Installing: /Users/kazumichi/Downloads/BioHack26/PGGB_short_reads_mapping/software/vg/include/sdsl/sdsl_concepts.hpp
-- Installing: /Users/kazumichi/Downloads/BioHack26/PGGB_short_reads_mapping/software/vg/include/sdsl/select_support.hpp
-- Installing: /Users/kazumichi/Downloads/BioHack26/PGGB_short_reads_mapping/software/vg/include/sdsl/select_support_mcl.hpp
-- Installing: /Users/kazumichi/Downloads/BioHack26/PGGB_short_reads_mapping/software/vg/include/sdsl/select_support_scan.hpp
-- Installing: /Users/kazumichi/Downloads/BioHack26/PGGB_short_reads_mapping/software/vg/include/sdsl/sfstream.hpp
-- Installing: /Users/kazumichi/Downloads/BioHack26/PGGB_short_reads_mapping/software/vg/include/sdsl/simple_sds.hpp
-- Installing: /Users/kazumichi/Downloads/BioHack26/PGGB_short_reads_mapping/software/vg/include/sdsl/sorted_int_stack.hpp
-- Installing: /Users/kazumichi/Downloads/BioHack26/PGGB_short_reads_mapping/software/vg/include/sdsl/sorted_multi_stack_support.hpp
-- Installing: /Users/kazumichi/Downloads/BioHack26/PGGB_short_reads_mapping/software/vg/include/sdsl/sorted_stack_support.hpp
-- Installing: /Users/kazumichi/Downloads/BioHack26/PGGB_short_reads_mapping/software/vg/include/sdsl/structure_tree.hpp
-- Installing: /Users/kazumichi/Downloads/BioHack26/PGGB_short_reads_mapping/software/vg/include/sdsl/suffix_array_algorithm.hpp
-- Installing: /Users/kazumichi/Downloads/BioHack26/PGGB_short_reads_mapping/software/vg/include/sdsl/suffix_array_helper.hpp
-- Installing: /Users/kazumichi/Downloads/BioHack26/PGGB_short_reads_mapping/software/vg/include/sdsl/suffix_arrays.hpp
-- Installing: /Users/kazumichi/Downloads/BioHack26/PGGB_short_reads_mapping/software/vg/include/sdsl/suffix_tree_algorithm.hpp
-- Installing: /Users/kazumichi/Downloads/BioHack26/PGGB_short_reads_mapping/software/vg/include/sdsl/suffix_tree_helper.hpp
-- Installing: /Users/kazumichi/Downloads/BioHack26/PGGB_short_reads_mapping/software/vg/include/sdsl/suffix_trees.hpp
-- Installing: /Users/kazumichi/Downloads/BioHack26/PGGB_short_reads_mapping/software/vg/include/sdsl/uint128_t.hpp
-- Installing: /Users/kazumichi/Downloads/BioHack26/PGGB_short_reads_mapping/software/vg/include/sdsl/uint256_t.hpp
-- Installing: /Users/kazumichi/Downloads/BioHack26/PGGB_short_reads_mapping/software/vg/include/sdsl/uintx_t.hpp
-- Installing: /Users/kazumichi/Downloads/BioHack26/PGGB_short_reads_mapping/software/vg/include/sdsl/util.hpp
-- Installing: /Users/kazumichi/Downloads/BioHack26/PGGB_short_reads_mapping/software/vg/include/sdsl/vectors.hpp
-- Installing: /Users/kazumichi/Downloads/BioHack26/PGGB_short_reads_mapping/software/vg/include/sdsl/vlc_vector.hpp
-- Installing: /Users/kazumichi/Downloads/BioHack26/PGGB_short_reads_mapping/software/vg/include/sdsl/wavelet_trees.hpp
-- Installing: /Users/kazumichi/Downloads/BioHack26/PGGB_short_reads_mapping/software/vg/include/sdsl/wm_int.hpp
-- Installing: /Users/kazumichi/Downloads/BioHack26/PGGB_short_reads_mapping/software/vg/include/sdsl/wt_algorithm.hpp
-- Installing: /Users/kazumichi/Downloads/BioHack26/PGGB_short_reads_mapping/software/vg/include/sdsl/wt_ap.hpp
-- Installing: /Users/kazumichi/Downloads/BioHack26/PGGB_short_reads_mapping/software/vg/include/sdsl/wt_blcd.hpp
-- Installing: /Users/kazumichi/Downloads/BioHack26/PGGB_short_reads_mapping/software/vg/include/sdsl/wt_gmr.hpp
-- Installing: /Users/kazumichi/Downloads/BioHack26/PGGB_short_reads_mapping/software/vg/include/sdsl/wt_helper.hpp
-- Installing: /Users/kazumichi/Downloads/BioHack26/PGGB_short_reads_mapping/software/vg/include/sdsl/wt_huff.hpp
-- Installing: /Users/kazumichi/Downloads/BioHack26/PGGB_short_reads_mapping/software/vg/include/sdsl/wt_hutu.hpp
-- Installing: /Users/kazumichi/Downloads/BioHack26/PGGB_short_reads_mapping/software/vg/include/sdsl/wt_int.hpp
-- Installing: /Users/kazumichi/Downloads/BioHack26/PGGB_short_reads_mapping/software/vg/include/sdsl/wt_pc.hpp
-- Installing: /Users/kazumichi/Downloads/BioHack26/PGGB_short_reads_mapping/software/vg/include/sdsl/wt_rlmn.hpp
-- Installing: /Users/kazumichi/Downloads/BioHack26/PGGB_short_reads_mapping/software/vg/lib/libsdsl.a
SUCCESS: sdsl was installed successfully!
The sdsl include files are located in '/Users/kazumichi/Downloads/BioHack26/PGGB_short_reads_mapping/software/vg/include'.
The library files are located in '/Users/kazumichi/Downloads/BioHack26/PGGB_short_reads_mapping/software/vg/lib'.
 
Sample programs can be found in the examples-directory.
A program 'example.cpp' can be compiled with the command: 
g++ -std=c++17 -DNDEBUG -O3 [-msse4.2] \
   -I/Users/kazumichi/Downloads/BioHack26/PGGB_short_reads_mapping/software/vg/include -L/Users/kazumichi/Downloads/BioHack26/PGGB_short_reads_mapping/software/vg/lib \
   example.cpp -lsdsl -ldivsufsort -ldivsufsort64
 
Tests in the test-directory
A cheat sheet in the extras/cheatsheet-directory.
Have fun!
       32.73 real       148.47 user        73.73 sys
           449282048  maximum resident set size
                   0  average shared memory size
                   0  average unshared data size
                   0  average unshared stack size
             7604833  page reclaims
              159134  page faults
                   0  swaps
                   0  block input operations
                   0  block output operations
                   0  messages sent
                   0  messages received
                2132  signals received
               12253  voluntary context switches
             3251784  involuntary context switches
           802926992  instructions retired
           331713903  cycles elapsed
             6881496  peak memory footprint
EXIT_CODE=2
BUILD_END=2026-09-16T02:29:04Z
